EMD_CD,EMD_NM,PRED_DATETIME,COLLECTED_AT,PRED_SEVERITY,RISK_LEVEL,AVG_ELEVATION,MIN_ELEVATION,MAX_ELEVATION,FLOOD_COUNT,AVG_SHIM,MAX_SHIM,AVG_AREA,TOTAL_SCALE,AVG_DEPTH_PER_AREA,RECENT_YR,AVG_WATL,MAX_WATL,SENSOR_COUNT,AVG_RN1,MAX_RN1,TOTAL_RN1,UPDATE_TIME,RISK_LEVEL_NUM
11110103,궁정동,2026-06-09 12:51,2026-06-09 09:51,1.379939205339186e-11,안전,50.86512557142857,45.394573,60.469265,0.0,0.0,0.0,0.0,0.0,0.0,,0.0,0.0,0.0,0.0,0.0,0.0,2026-06-09 10:16,1
11110120,신문로1가,2026-06-09 12:51,2026-06-09 09:51,1.379939205339186e-11,안전,35.858065857142854,31.041656,41.26027,0.0,0.0,0.0,0.0,0.0,0.0,,0.0,0.0,1.0,0.0,0.0,0.0,2026-06-09 10:16,1
11110167,충신동,2026-06-09 12:51,2026-06-09 09:51,1.379939205339186e-11,안전,32.674837933333336,21.982004,67.232254,0.0,0.0,0.0,0.0,0.0,0.0,,0.0,0.0,0.0,0.0,0.0,0.0,2026-06-09 10:16,1
11110185,홍지동,2026-06-09 12:51,2026-06-09 09:51,6.176933728540211e-11,안전,111.61698966666668,62.557907,173.37747,0.0,0.0,0.0,0.0,0.0,0.0,,0.0,0.0,0.0,0.0,0.0,0.0,2026-06-09 10:16,1
11110154,장사동,2026-06-09 12:51,2026-06-09 09:51,-1.975408451966477e-11,안전,22.8054544,20.3647,24.14957,0.0,0.0,0.0,0.0,0.0,0.0,,0.0,0.0,0.0,0.0,0.0,0.0,2026-06-09 10:16,1
11110135,관철동,2026-06-09 12:51,2026-06-09 09:51,-6.708170758569283e-11,안전,26.055264,23.682377,27.972708,0.0,0.0,0.0,0.0,0.0,0.0,,0.0,0.0,0.0,0.0,0.0,0.0,2026-06-09 10:16,1
11110177,평동,2026-06-09 12:51,2026-06-09 09:51,1.379939205339186e-11,안전,45.878795888888895,35.346825,54.499714,0.0,0.0,0.0,0.0,0.0,0.0,,0.0,0.0,0.0,0.0,0.0,0.0,2026-06-09 10:16,1
11110156,종로3가,2026-06-09 12:51,2026-06-09 09:51,-6.708170758569283e-11,안전,23.993978,23.046087,25.197708,0.0,0.0,0.0,0.0,0.0,0.0,,0.0,0.0,0.0,0.0,0.0,0.0,2026-06-09 10:16,1
11110161,종로4가,2026-06-09 12:51,2026-06-09 09:51,-1.9671053521169084e-10,안전,22.4605895,22.190302,22.730877,0.0,0.0,0.0,0.0,0.0,0.0,,0.0,0.0,0.0,0.0,0.0,0.0,2026-06-09 10:16,1
11110123,서린동,2026-06-09 12:51,2026-06-09 09:51,4.180979481354537e-12,안전,28.661896,27.540693,29.623959,0.0,0.0,0.0,0.0,0.0,0.0,,0.0,0.0,0.0,0.0,0.0,0.0,2026-06-09 10:16,1
11110178,송월동,2026-06-09 12:51,2026-06-09 09:51,-1.6685582121058286e-10,안전,55.07935583333333,44.145718,69.24713,0.0,0.0,0.0,0.0,0.0,0.0,,0.0,0.0,0.0,0.0,0.0,0.0,2026-06-09 10:16,1
11110158,예지동,2026-06-09 12:51,2026-06-09 09:51,-1.5045215787772187e-10,안전,21.423468300000003,19.123121,22.52786,0.0,0.0,0.0,0.0,0.0,0.0,,0.0,0.0,0.0,0.0,0.0,0.0,2026-06-09 10:16,1
11110127,공평동,2026-06-09 12:51,2026-06-09 09:51,4.180979481354537e-12,안전,29.20066333333333,28.508928,29.917532,0.0,0.0,0.0,0.0,0.0,0.0,,0.0,0.0,0.0,0.0,0.0,0.0,2026-06-09 10:16,1
11110179,홍파동,2026-06-09 12:51,2026-06-09 09:51,1.379939205339186e-11,안전,50.93891025,46.126884,64.00484,0.0,0.0,0.0,0.0,0.0,0.0,,0.0,0.0,0.0,0.0,0.0,0.0,2026-06-09 10:16,1
11110126,종로1가,2026-06-09 12:51,2026-06-09 09:51,4.180979481354537e-12,안전,29.73767871428572,28.903803,30.269926,0.0,0.0,0.0,0.0,0.0,0.0,,0.0,0.0,0.0,0.0,0.0,0.0,2026-06-09 10:16,1
11110117,당주동,2026-06-09 12:51,2026-06-09 09:51,1.379939205339186e-11,안전,35.6821468,32.513813,40.270405,0.0,0.0,0.0,0.0,0.0,0.0,,0.0,0.0,0.0,0.0,0.0,0.0,2026-06-09 10:16,1
11110163,종로5가,2026-06-09 12:51,2026-06-09 09:51,-1.5045215787772187e-10,안전,20.911049,20.214031,21.707647,0.0,0.0,0.0,0.0,0.0,0.0,,0.0,0.0,0.0,0.0,0.0,0.0,2026-06-09 10:16,1
11110153,돈의동,2026-06-09 12:51,2026-06-09 09:51,4.9559439730047256e-11,안전,26.20902075,25.441326,26.980238,0.0,0.0,0.0,0.0,0.0,0.0,,0.0,0.0,0.0,0.0,0.0,0.0,2026-06-09 10:16,1
11110136,인사동,2026-06-09 12:51,2026-06-09 09:51,4.180979481354537e-12,안전,28.4664449,26.673283,30.047417,0.0,0.0,0.0,0.0,0.0,0.0,,0.0,0.0,0.0,0.0,0.0,0.0,2026-06-09 10:16,1
11110152,봉익동,2026-06-09 12:51,2026-06-09 09:51,-6.708170758569283e-11,안전,25.74645433333333,24.119555,27.604061,0.0,0.0,0.0,0.0,0.0,0.0,,0.0,0.0,0.0,0.0,0.0,0.0,2026-06-09 10:16,1
11110180,교북동,2026-06-09 12:51,2026-06-09 09:51,1.379939205339186e-11,안전,45.20961666666667,42.7946,47.74742,0.0,0.0,0.0,0.0,0.0,0.0,,0.0,0.0,0.0,0.0,0.0,0.0,2026-06-09 10:16,1
11110116,도렴동,2026-06-09 12:51,2026-06-09 09:51,4.180979481354537e-12,안전,33.0086254,32.092293,33.549427,0.0,0.0,0.0,0.0,0.0,0.0,,0.0,0.0,0.0,0.0,0.0,0.0,2026-06-09 10:16,1
11110151,묘동,2026-06-09 12:51,2026-06-09 09:51,-6.708170758569283e-11,안전,25.8082745,24.708979,27.033455,0.0,0.0,0.0,0.0,0.0,0.0,,0.0,0.0,0.0,0.0,0.0,0.0,2026-06-09 10:16,1
11110157,인의동,2026-06-09 12:51,2026-06-09 09:51,-8.675004602513073e-11,안전,25.701023727272727,22.640589,30.816172,0.0,0.0,0.0,0.0,0.0,0.0,,0.0,0.0,0.0,0.0,0.0,0.0,2026-06-09 10:16,1
11110118,내수동,2026-06-09 12:51,2026-06-09 09:51,1.379939205339186e-11,안전,39.657528125,34.00971,51.80197,0.0,0.0,0.0,0.0,0.0,0.0,,0.0,0.0,0.0,0.0,0.0,0.0,2026-06-09 10:16,1
11110121,신문로2가,2026-06-09 12:51,2026-06-09 09:51,1.379939205339186e-11,안전,51.29246789655173,35.299076,74.91754,0.0,0.0,0.0,0.0,0.0,0.0,,0.0,0.0,0.0,0.0,0.0,0.0,2026-06-09 10:16,1
11110162,효제동,2026-06-09 12:51,2026-06-09 09:51,-6.330872771971647e-11,안전,22.802743454545453,21.35495,26.819218,0.0,0.0,0.0,0.0,0.0,0.0,,0.0,0.0,0.0,0.0,0.0,0.0,2026-06-09 10:16,1
11110129,견지동,2026-06-09 12:51,2026-06-09 09:51,4.180979481354537e-12,안전,33.21049433333334,30.592813,35.373287,0.0,0.0,0.0,0.0,0.0,0.0,,0.0,0.0,0.0,0.0,0.0,0.0,2026-06-09 10:16,1
11110133,익선동,2026-06-09 12:51,2026-06-09 09:51,4.180979481354537e-12,안전,28.6576096,27.753338,30.214462,0.0,0.0,0.0,0.0,0.0,0.0,,0.0,0.0,0.0,0.0,0.0,0.0,2026-06-09 10:16,1
11110124,수송동,2026-06-09 12:51,2026-06-09 09:51,4.180979481354537e-12,안전,33.1117113,31.376858,35.47248,0.0,0.0,0.0,0.0,0.0,0.0,,0.0,0.0,0.0,0.0,0.0,0.0,2026-06-09 10:16,1
11110128,관훈동,2026-06-09 12:51,2026-06-09 09:51,4.180979481354537e-12,안전,30.216649166666667,29.063248,31.130924,0.0,0.0,0.0,0.0,0.0,0.0,,0.0,0.0,0.0,0.0,0.0,0.0,2026-06-09 10:16,1
11110174,창신동,2026-06-09 12:51,2026-06-09 09:51,5.7354035253443646e-11,안전,50.76177729213484,18.408852,107.044334,0.0,0.0,0.0,0.0,0.0,0.0,,0.0,0.0,0.0,0.0,0.0,0.0,2026-06-09 10:16,1
11110119,세종로,2026-06-09 12:51,2026-06-09 09:51,1.3902760967646915e-11,안전,51.20557382828282,30.172832,147.31944,0.0,0.0,0.0,0.0,0.0,0.0,,0.06,0.14,3.0,0.0,0.0,0.0,2026-06-09 10:16,1
11110164,종로6가,2026-06-09 12:51,2026-06-09 09:51,6.919169551185979e-11,안전,26.4608261875,20.424963,45.18532,0.0,0.0,0.0,0.0,0.0,0.0,,0.0,0.0,0.0,0.0,0.0,0.0,2026-06-09 10:16,1
11110176,교남동,2026-06-09 12:51,2026-06-09 09:51,1.379939205339186e-11,안전,40.373894666666665,37.95491,42.071114,0.0,0.0,0.0,0.0,0.0,0.0,,0.0,0.0,0.0,0.0,0.0,0.0,2026-06-09 10:16,1
11110155,관수동,2026-06-09 12:51,2026-06-09 09:51,-6.708170758569283e-11,안전,24.063848333333336,23.13137,25.108974,0.0,0.0,0.0,0.0,0.0,0.0,,0.0,0.0,0.0,0.0,0.0,0.0,2026-06-09 10:16,1
11110122,청진동,2026-06-09 12:51,2026-06-09 09:51,4.180979481354537e-12,안전,30.816562,30.111444,31.465265,0.0,0.0,0.0,0.0,0.0,0.0,,0.0,0.0,0.0,0.0,0.0,0.0,2026-06-09 10:16,1
11110131,권농동,2026-06-09 12:51,2026-06-09 09:51,4.180979481354537e-12,안전,32.598785,27.37579,37.46438,0.0,0.0,0.0,0.0,0.0,0.0,,0.0,0.0,0.0,0.0,0.0,0.0,2026-06-09 10:16,1
11110145,송현동,2026-06-09 12:51,2026-06-09 09:51,1.379939205339186e-11,안전,36.1372775,33.6865,38.09863,0.0,0.0,0.0,0.0,0.0,0.0,,0.0,0.0,0.0,0.0,0.0,0.0,2026-06-09 10:16,1
11110115,사직동,2026-06-09 12:51,2026-06-09 09:51,-1.4438896057273536e-10,안전,72.41040796666667,39.816727,119.65427,0.0,0.0,0.0,0.0,0.0,0.0,,0.0,0.0,0.0,0.0,0.0,0.0,2026-06-09 10:16,1
11110113,필운동,2026-06-09 12:51,2026-06-09 09:51,-1.6685582121058286e-10,안전,58.74521866666666,42.94062,88.40703,0.0,0.0,0.0,0.0,0.0,0.0,,0.0,0.0,0.0,0.0,0.0,0.0,2026-06-09 10:16,1
11110165,이화동,2026-06-09 12:51,2026-06-09 09:51,1.379939205339186e-11,안전,41.81435723076923,24.167051,82.887405,0.0,0.0,0.0,0.0,0.0,0.0,,0.0,0.0,0.0,0.0,0.0,0.0,2026-06-09 10:16,1
11110112,체부동,2026-06-09 12:51,2026-06-09 09:51,1.379939205339186e-11,안전,41.349204,39.57249,43.729534,0.0,0.0,0.0,0.0,0.0,0.0,,0.0,0.0,1.0,0.0,0.0,0.0,2026-06-09 10:16,1
11110141,안국동,2026-06-09 12:51,2026-06-09 09:51,1.379939205339186e-11,안전,36.525471125,33.21391,40.850193,0.0,0.0,0.0,0.0,0.0,0.0,,0.0,0.0,0.0,0.0,0.0,0.0,2026-06-09 10:16,1
11110106,통의동,2026-06-09 12:51,2026-06-09 09:51,1.379939205339186e-11,안전,37.05470133333333,35.974182,37.93051,0.0,0.0,0.0,0.0,0.0,0.0,,0.0,0.0,0.0,0.0,0.0,0.0,2026-06-09 10:16,1
11110160,연지동,2026-06-09 12:51,2026-06-09 09:51,-8.675004602513073e-11,안전,25.57614942857143,22.042746,30.72916,0.0,0.0,0.0,0.0,0.0,0.0,,0.0,0.0,0.0,0.0,0.0,0.0,2026-06-09 10:16,1
11110125,중학동,2026-06-09 12:51,2026-06-09 09:51,4.180979481354537e-12,안전,34.3591088,32.926956,36.625507,0.0,0.0,0.0,0.0,0.0,0.0,,0.0,0.0,0.0,0.0,0.0,0.0,2026-06-09 10:16,1
11110114,내자동,2026-06-09 12:51,2026-06-09 09:51,1.379939205339186e-11,안전,37.9024315,36.521175,40.263454,0.0,0.0,0.0,0.0,0.0,0.0,,0.0,0.0,0.0,0.0,0.0,0.0,2026-06-09 10:16,1
11110107,적선동,2026-06-09 12:51,2026-06-09 09:51,4.180979481354537e-12,안전,34.79952475,33.914654,35.55461,0.0,0.0,0.0,0.0,0.0,0.0,,0.0,0.0,0.0,0.0,0.0,0.0,2026-06-09 10:16,1
11110138,종로2가,2026-06-09 12:51,2026-06-09 09:51,5.0970263278812977e-11,안전,26.708843875,25.567055,28.35742,0.0,0.0,0.0,0.0,0.0,0.0,,0.0,0.0,0.0,0.0,0.0,0.0,2026-06-09 10:16,1
11110134,경운동,2026-06-09 12:51,2026-06-09 09:51,4.180979481354537e-12,안전,30.910426625,29.237093,32.783367,0.0,0.0,0.0,0.0,0.0,0.0,,0.0,0.0,0.0,0.0,0.0,0.0,2026-06-09 10:16,1
11110159,원남동,2026-06-09 12:51,2026-06-09 09:51,2.989110129060933e-11,안전,27.14889511111112,24.532219,31.972618,0.0,0.0,0.0,0.0,0.0,0.0,,0.0,0.0,0.0,0.0,0.0,0.0,2026-06-09 10:16,1
11110181,행촌동,2026-06-09 12:51,2026-06-09 09:51,-1.4438896057273536e-10,안전,70.7337064375,48.722103,111.31688,0.0,0.0,0.0,0.0,0.0,0.0,,0.0,0.0,0.0,0.0,0.0,0.0,2026-06-09 10:16,1
11110150,훈정동,2026-06-09 12:51,2026-06-09 09:51,1.379939205339186e-11,안전,31.209362318181817,23.673565,40.48752,0.0,0.0,0.0,0.0,0.0,0.0,,0.0,0.0,0.0,0.0,0.0,0.0,2026-06-09 10:16,1
11110132,운니동,2026-06-09 12:51,2026-06-09 09:51,4.180979481354537e-12,안전,33.139630714285715,31.654488,34.717606,0.0,0.0,0.0,0.0,0.0,0.0,,0.0,0.0,0.0,0.0,0.0,0.0,2026-06-09 10:16,1
11110137,낙원동,2026-06-09 12:51,2026-06-09 09:51,2.989110129060933e-11,안전,27.585873,26.120123,29.527328,0.0,0.0,0.0,0.0,0.0,0.0,,0.0,0.0,0.0,0.0,0.0,0.0,2026-06-09 10:16,1
11110144,사간동,2026-06-09 12:51,2026-06-09 09:51,4.180979481354537e-12,안전,36.7748285,35.83161,37.577732,0.0,0.0,0.0,0.0,0.0,0.0,,0.0,0.0,0.0,0.0,0.0,0.0,2026-06-09 10:16,1
11110187,무악동,2026-06-09 12:51,2026-06-09 09:51,6.176933728540211e-11,안전,112.13071552380951,51.593884,231.64806,0.0,0.0,0.0,0.0,0.0,0.0,,0.0,0.0,0.0,0.0,0.0,0.0,2026-06-09 10:16,1
11110109,누상동,2026-06-09 12:51,2026-06-09 09:51,3.469952682707184e-06,안전,114.102195,48.63733,225.17155,1.0,0.3,0.3,105.17877846,31.553633538,0.0028522864059891,2025.0,0.0,0.0,0.0,0.0,0.0,0.0,2026-06-09 10:16,1
11110143,화동,2026-06-09 12:51,2026-06-09 09:51,1.379939205339186e-11,안전,48.58286933333333,43.003056,57.955486,0.0,0.0,0.0,0.0,0.0,0.0,,0.0,0.0,0.0,0.0,0.0,0.0,2026-06-09 10:16,1
11110172,명륜4가,2026-06-09 12:51,2026-06-09 09:51,1.379939205339186e-11,안전,32.345687,28.490662,39.70081,0.0,0.0,0.0,0.0,0.0,0.0,,0.0,0.0,0.0,0.0,0.0,0.0,2026-06-09 10:16,1
11110104,효자동,2026-06-09 12:51,2026-06-09 09:51,1.379939205339186e-11,안전,43.58304,42.37252,44.61016,0.0,0.0,0.0,0.0,0.0,0.0,,0.0,0.0,0.0,0.0,0.0,0.0,2026-06-09 10:16,1
11110139,팔판동,2026-06-09 12:51,2026-06-09 09:51,1.379939205339186e-11,안전,47.22074799999999,41.96699,54.037773,0.0,0.0,0.0,0.0,0.0,0.0,,0.0,0.0,0.0,0.0,0.0,0.0,2026-06-09 10:16,1
11110102,신교동,2026-06-09 12:51,2026-06-09 09:51,-1.4438896057273536e-10,안전,71.1919202,46.43929,115.69254,0.0,0.0,0.0,0.0,0.0,0.0,,0.0,0.0,0.0,0.0,0.0,0.0,2026-06-09 10:16,1
11110146,가회동,2026-06-09 12:51,2026-06-09 09:51,-1.4438896057273536e-10,안전,60.55332082352941,42.89499,75.258545,0.0,0.0,0.0,0.0,0.0,0.0,,0.0,0.0,0.0,0.0,0.0,0.0,2026-06-09 10:16,1
11110171,명륜2가,2026-06-09 12:51,2026-06-09 09:51,1.379939205339186e-11,안전,36.71548781818182,32.587196,43.391216,0.0,0.0,0.0,0.0,0.0,0.0,,0.0,0.0,0.0,0.0,0.0,0.0,2026-06-09 10:16,1
11110101,청운동,2026-06-09 12:51,2026-06-09 09:51,1.653454710734332e-11,안전,115.61918226373626,45.502876,291.55167,0.0,0.0,0.0,0.0,0.0,0.0,,0.0,0.0,0.0,0.0,0.0,0.0,2026-06-09 10:16,1
11110111,옥인동,2026-06-09 12:51,2026-06-09 09:51,1.653454710734332e-11,안전,151.2469854509804,42.29427,310.1492,0.0,0.0,0.0,0.0,0.0,0.0,,0.0,0.0,0.0,0.0,0.0,0.0,2026-06-09 10:16,1
11110130,와룡동,2026-06-09 12:51,2026-06-09 09:51,1.379939205339186e-11,안전,49.938363192771085,25.667559,95.61229,0.0,0.0,0.0,0.0,0.0,0.0,,0.0,0.0,0.0,0.0,0.0,0.0,2026-06-09 10:16,1
11110148,계동,2026-06-09 12:51,2026-06-09 09:51,-1.6685582121058286e-10,안전,54.131057166666665,34.175987,82.77255,0.0,0.0,0.0,0.0,0.0,0.0,,0.0,0.0,0.0,0.0,0.0,0.0,2026-06-09 10:16,1
11110149,원서동,2026-06-09 12:51,2026-06-09 09:51,-1.4438896057273536e-10,안전,66.75511468421053,37.603218,145.88368,0.0,0.0,0.0,0.0,0.0,0.0,,0.0,0.0,0.0,0.0,0.0,0.0,2026-06-09 10:16,1
11110173,명륜3가,2026-06-09 12:51,2026-06-09 09:51,-2.4046001881269256e-10,안전,89.01253331914893,34.83638,172.51984,0.0,0.0,0.0,0.0,0.0,0.0,,0.0,0.0,0.0,0.0,0.0,0.0,2026-06-09 10:16,1
11110170,명륜1가,2026-06-09 12:51,2026-06-09 09:51,-1.6685582121058286e-10,안전,57.31182118181818,36.646355,82.842575,0.0,0.0,0.0,0.0,0.0,0.0,,0.0,0.0,0.0,0.0,0.0,0.0,2026-06-09 10:16,1
11110147,재동,2026-06-09 12:51,2026-06-09 09:51,1.379939205339186e-11,안전,37.222883875,34.050755,41.56977,0.0,0.0,0.0,0.0,0.0,0.0,,0.0,0.0,0.0,0.0,0.0,0.0,2026-06-09 10:16,1
11110110,누하동,2026-06-09 12:51,2026-06-09 09:51,1.379939205339186e-11,안전,47.526427875,41.17576,61.261364,0.0,0.0,0.0,0.0,0.0,0.0,,0.0,0.0,0.0,0.0,0.0,0.0,2026-06-09 10:16,1
11110108,통인동,2026-06-09 12:51,2026-06-09 09:51,1.379939205339186e-11,안전,40.73095825,38.380756,42.26243,0.0,0.0,0.0,0.0,0.0,0.0,,0.0,0.0,0.0,0.0,0.0,0.0,2026-06-09 10:16,1
11110142,소격동,2026-06-09 12:51,2026-06-09 09:51,1.379939205339186e-11,안전,39.75525725,37.205143,42.372536,0.0,0.0,0.0,0.0,0.0,0.0,,0.0,0.0,0.0,0.0,0.0,0.0,2026-06-09 10:16,1
11110105,창성동,2026-06-09 12:51,2026-06-09 09:51,1.379939205339186e-11,안전,40.00001333333333,38.33706,41.466778,0.0,0.0,0.0,0.0,0.0,0.0,,0.0,0.0,0.0,0.0,0.0,0.0,2026-06-09 10:16,1
11110166,연건동,2026-06-09 12:51,2026-06-09 09:51,1.379939205339186e-11,안전,32.93166616129032,24.68036,41.09833,0.0,0.0,0.0,0.0,0.0,0.0,,0.0,0.0,0.0,0.0,0.0,0.0,2026-06-09 10:16,1
11110183,평창동,2026-06-09 12:51,2026-06-09 09:51,0.0001010405236759,안전,253.8596462104377,82.79383,680.074,3.0,0.3,0.3,639.5036423966667,575.553278157,0.0004794268190423,2025.0,0.0,0.0,0.0,0.0,0.0,0.0,2026-06-09 10:16,1
11110182,구기동,2026-06-09 12:51,2026-06-09 09:51,0.0001013988798659,안전,307.85826821749407,87.68659,679.94086,1.0,0.3,0.3,665.42416057,199.627248171,0.0004508402576531,2025.0,0.0,0.0,0.0,0.0,0.0,0.0,2026-06-09 10:16,1
11110175,숭인동,2026-06-09 12:51,2026-06-09 09:51,5.7354035253443646e-11,안전,32.214327,17.572678,79.64963,0.0,0.0,0.0,0.0,0.0,0.0,,0.0,0.0,0.0,0.0,0.0,0.0,2026-06-09 10:16,1
11110168,동숭동,2026-06-09 12:51,2026-06-09 09:51,1.379939205339186e-11,안전,43.760082454545454,26.129194,100.486595,0.0,0.0,0.0,0.0,0.0,0.0,,0.0,0.0,0.0,0.0,0.0,0.0,2026-06-09 10:16,1
11110140,삼청동,2026-06-09 12:51,2026-06-09 09:51,3.468838975979296e-06,안전,138.32199974626866,50.71738,311.6535,1.0,0.3,0.3,106.09166321,31.827498963,0.0028277433958799,2025.0,0.0,0.0,0.0,0.0,0.0,0.0,2026-06-09 10:16,1
11110184,부암동,2026-06-09 12:51,2026-06-09 09:51,1.6248705954363106e-11,안전,165.39929718079097,73.56305,286.16135,0.0,0.0,0.0,0.0,0.0,0.0,,0.0,0.0,0.0,0.0,0.0,0.0,2026-06-09 10:16,1
11110169,혜화동,2026-06-09 12:51,2026-06-09 09:51,1.379939205339186e-11,안전,47.22912958974359,31.266891,67.32961,0.0,0.0,0.0,0.0,0.0,0.0,,0.0,0.0,0.0,0.0,0.0,0.0,2026-06-09 10:16,1
11110186,신영동,2026-06-09 12:51,2026-06-09 09:51,3.264451289049404e-06,안전,92.48865186666666,71.71629,135.16895,4.0,0.3,0.3,116.18831711,139.425980532,0.0032664674533155,2025.0,0.0,0.0,0.0,0.0,0.0,0.0,2026-06-09 10:16,1
11140165,황학동,2026-06-09 12:51,2026-06-09 09:51,-1.5174506846287015e-10,안전,22.71438136842105,18.772038,28.43465,0.0,0.0,0.0,0.0,0.0,0.0,,0.0,0.0,0.0,0.0,0.0,0.0,2026-06-09 10:16,1
11140156,입정동,2026-06-09 12:51,2026-06-09 09:51,-6.330872771971647e-11,안전,23.6171238,23.293798,24.011688,0.0,0.0,0.0,0.0,0.0,0.0,,0.0,0.0,0.0,0.0,0.0,0.0,2026-06-09 10:16,1
11140143,장충동1가,2026-06-09 12:51,2026-06-09 09:51,1.379939205339186e-11,안전,36.04864611764706,26.229176,50.49939,0.0,0.0,0.0,0.0,0.0,0.0,,0.0,0.0,0.0,0.0,0.0,0.0,2026-06-09 10:16,1
11140144,장충동2가,2026-06-09 12:51,2026-06-09 09:51,-2.4046001881269256e-10,안전,86.79654080291971,28.151224,246.03647,0.0,0.0,0.0,0.0,0.0,0.0,,0.0,0.0,0.0,0.0,0.0,0.0,2026-06-09 10:16,1
11140160,인현동1가,2026-06-09 12:51,2026-06-09 09:51,-6.708170758569283e-11,안전,25.93670575,24.587118,27.651562,0.0,0.0,0.0,0.0,0.0,0.0,,0.0,0.0,0.0,0.0,0.0,0.0,2026-06-09 10:16,1
11140105,을지로2가,2026-06-09 12:51,2026-06-09 09:51,5.0970263278812977e-11,안전,27.277716357142857,26.024172,28.713728,0.0,0.0,0.0,0.0,0.0,0.0,,0.0,0.0,0.0,0.0,0.0,0.0,2026-06-09 10:16,1
11140135,예관동,2026-06-09 12:51,2026-06-09 09:51,4.180979481354537e-12,안전,28.2215322,26.292824,30.461573,0.0,0.0,0.0,0.0,0.0,0.0,,0.0,0.0,0.0,0.0,0.0,0.0,2026-06-09 10:16,1
11140132,충무로4가,2026-06-09 12:51,2026-06-09 09:51,4.180979481354537e-12,안전,30.76885471428572,28.825283,33.103214,0.0,0.0,0.0,0.0,0.0,0.0,,0.0,0.0,0.0,0.0,0.0,0.0,2026-06-09 10:16,1
11140107,삼각동,2026-06-09 12:51,2026-06-09 09:51,4.9559439730047256e-11,안전,26.2421875,25.798567,26.75553,0.0,0.0,0.0,0.0,0.0,0.0,,0.0,0.0,0.0,0.0,0.0,0.0,2026-06-09 10:16,1
11140106,남대문로1가,2026-06-09 12:51,2026-06-09 09:51,-6.708170758569283e-11,안전,25.972254333333336,23.819138,27.24077,0.0,0.0,0.0,0.0,0.0,0.0,,0.0,0.0,0.0,0.0,0.0,0.0,2026-06-09 10:16,1
11140137,필동1가,2026-06-09 12:51,2026-06-09 09:51,4.180979481354537e-12,안전,35.28716325,33.306313,37.37723,0.0,0.0,0.0,0.0,0.0,0.0,,0.0,0.0,0.0,0.0,0.0,0.0,2026-06-09 10:16,1
11140140,남학동,2026-06-09 12:51,2026-06-09 09:51,1.379939205339186e-11,안전,39.743088,39.743088,39.743088,0.0,0.0,0.0,0.0,0.0,0.0,,0.0,0.0,0.0,0.0,0.0,0.0,2026-06-09 10:16,1
11140109,장교동,2026-06-09 12:51,2026-06-09 09:51,-6.708170758569283e-11,안전,25.347435333333333,24.44021,25.911661,0.0,0.0,0.0,0.0,0.0,0.0,,0.0,0.0,0.0,0.0,0.0,0.0,2026-06-09 10:16,1
11140161,저동2가,2026-06-09 12:51,2026-06-09 09:51,4.180979481354537e-12,안전,30.1685845,26.597164,35.27381,0.0,0.0,0.0,0.0,0.0,0.0,,0.0,0.0,0.0,0.0,0.0,0.0,2026-06-09 10:16,1
11140134,인현동2가,2026-06-09 12:51,2026-06-09 09:51,2.989110129060933e-11,안전,26.909355666666663,24.434149,29.989014,0.0,0.0,0.0,0.0,0.0,0.0,,0.0,0.0,0.0,0.0,0.0,0.0,2026-06-09 10:16,1
11140126,명동1가,2026-06-09 12:51,2026-06-09 09:51,4.180979481354537e-12,안전,30.1417625,28.419851,31.863674,0.0,0.0,0.0,0.0,0.0,0.0,,0.0,0.0,0.0,0.0,0.0,0.0,2026-06-09 10:16,1
11140131,저동1가,2026-06-09 12:51,2026-06-09 09:51,4.180979481354537e-12,안전,32.066659,28.373533,37.379097,0.0,0.0,0.0,0.0,0.0,0.0,,0.0,0.0,0.0,0.0,0.0,0.0,2026-06-09 10:16,1
11140169,의주로1가,2026-06-09 12:51,2026-06-09 09:51,4.180979481354537e-12,안전,32.72752025,31.200642,34.295135,0.0,0.0,0.0,0.0,0.0,0.0,,0.0,0.0,0.0,0.0,0.0,0.0,2026-06-09 10:16,1
11140172,의주로2가,2026-06-09 12:51,2026-06-09 09:51,4.180979481354537e-12,안전,30.940629666666663,29.893566,32.37987,0.0,0.0,0.0,0.0,0.0,0.0,,0.0,0.0,0.0,0.0,0.0,0.0,2026-06-09 10:16,1
11140122,회현동2가,2026-06-09 12:51,2026-06-09 09:51,1.379939205339186e-11,안전,44.458704,36.644955,53.40832,0.0,0.0,0.0,0.0,0.0,0.0,,0.0,0.0,0.0,0.0,0.0,0.0,2026-06-09 10:16,1
11140128,남산동1가,2026-06-09 12:51,2026-06-09 09:51,1.379939205339186e-11,안전,45.2888945,43.081535,47.496254,0.0,0.0,0.0,0.0,0.0,0.0,,0.0,0.0,0.0,0.0,0.0,0.0,2026-06-09 10:16,1
11140130,남산동3가,2026-06-09 12:51,2026-06-09 09:51,1.379939205339186e-11,안전,39.79776266666666,37.738728,41.946644,0.0,0.0,0.0,0.0,0.0,0.0,,0.0,0.0,0.0,0.0,0.0,0.0,2026-06-09 10:16,1
11140158,충무로3가,2026-06-09 12:51,2026-06-09 09:51,4.180979481354537e-12,안전,32.94202425,31.060896,36.252502,0.0,0.0,0.0,0.0,0.0,0.0,,0.0,0.0,0.0,0.0,0.0,0.0,2026-06-09 10:16,1
11140133,충무로5가,2026-06-09 12:51,2026-06-09 09:51,4.180979481354537e-12,안전,29.75512057142857,27.984877,32.854527,0.0,0.0,0.0,0.0,0.0,0.0,,0.0,0.0,0.0,0.0,0.0,0.0,2026-06-09 10:16,1
11140159,초동,2026-06-09 12:51,2026-06-09 09:51,4.180979481354537e-12,안전,28.556668142857145,25.602488,30.354517,0.0,0.0,0.0,0.0,0.0,0.0,,0.0,0.0,0.0,0.0,0.0,0.0,2026-06-09 10:16,1
11140136,묵정동,2026-06-09 12:51,2026-06-09 09:51,1.379939205339186e-11,안전,36.34606316666667,29.472227,41.350384,0.0,0.0,0.0,0.0,0.0,0.0,,0.0,0.0,0.0,0.0,0.0,0.0,2026-06-09 10:16,1
11140154,오장동,2026-06-09 12:51,2026-06-09 09:51,-6.708170758569283e-11,안전,25.667577285714287,24.370525,27.059732,0.0,0.0,0.0,0.0,0.0,0.0,,0.0,0.0,0.0,0.0,0.0,0.0,2026-06-09 10:16,1
11140146,광희동2가,2026-06-09 12:51,2026-06-09 09:51,-6.567088403692711e-11,안전,25.47606233333333,23.162914,28.399164,0.0,0.0,0.0,0.0,0.0,0.0,,0.0,0.0,0.0,0.0,0.0,0.0,2026-06-09 10:16,1
11140145,광희동1가,2026-06-09 12:51,2026-06-09 09:51,-1.9671053521169084e-10,안전,22.625046166666667,21.92818,23.566109,0.0,0.0,0.0,0.0,0.0,0.0,,0.0,0.0,0.0,0.0,0.0,0.0,2026-06-09 10:16,1
11140147,쌍림동,2026-06-09 12:51,2026-06-09 09:51,2.989110129060933e-11,안전,26.19653669230769,23.503504,30.102146,0.0,0.0,0.0,0.0,0.0,0.0,,0.0,0.0,0.0,0.0,0.0,0.0,2026-06-09 10:16,1
11140123,회현동3가,2026-06-09 12:51,2026-06-09 09:51,1.379939205339186e-11,안전,39.02346666666667,36.80326,41.986893,0.0,0.0,0.0,0.0,0.0,0.0,,0.0,0.0,0.0,0.0,0.0,0.0,2026-06-09 10:16,1
11140129,남산동2가,2026-06-09 12:51,2026-06-09 09:51,1.379939205339186e-11,안전,51.485126666666666,41.094242,67.41192,0.0,0.0,0.0,0.0,0.0,0.0,,0.0,0.0,0.0,0.0,0.0,0.0,2026-06-09 10:16,1
11140111,소공동,2026-06-09 12:51,2026-06-09 09:51,4.180979481354537e-12,안전,32.0163715,29.49161,33.822433,0.0,0.0,0.0,0.0,0.0,0.0,,0.0,0.0,0.0,0.0,0.0,0.0,2026-06-09 10:16,1
11140113,북창동,2026-06-09 12:51,2026-06-09 09:51,4.180979481354537e-12,안전,32.001224,30.068863,34.255943,0.0,0.0,0.0,0.0,0.0,0.0,,0.0,0.0,0.0,0.0,0.0,0.0,2026-06-09 10:16,1
11140155,을지로3가,2026-06-09 12:51,2026-06-09 09:51,-6.708170758569283e-11,안전,24.836450444444445,23.688221,26.170424,0.0,0.0,0.0,0.0,0.0,0.0,,0.0,0.0,0.0,0.0,0.0,0.0,2026-06-09 10:16,1
11140170,충정로1가,2026-06-09 12:51,2026-06-09 09:51,1.379939205339186e-11,안전,38.50194966666667,35.104332,43.582737,0.0,0.0,0.0,0.0,0.0,0.0,,0.0,0.0,0.0,0.0,0.0,0.0,2026-06-09 10:16,1
11140148,을지로6가,2026-06-09 12:51,2026-06-09 09:51,-1.5045215787772187e-10,안전,20.56311338095238,16.015135,22.236029,0.0,0.0,0.0,0.0,0.0,0.0,,0.0,0.0,0.0,0.0,0.0,0.0,2026-06-09 10:16,1
11140127,명동2가,2026-06-09 12:51,2026-06-09 09:51,1.379939205339186e-11,안전,34.65250014285714,29.19315,44.44513,0.0,0.0,0.0,0.0,0.0,0.0,,0.0,0.0,0.0,0.0,0.0,0.0,2026-06-09 10:16,1
11140104,을지로1가,2026-06-09 12:51,2026-06-09 09:51,3.913260302039676e-11,안전,28.511363285714285,27.427942,29.230762,0.0,0.0,0.0,0.0,0.0,0.0,,0.0,0.0,0.0,0.0,0.0,0.0,2026-06-09 10:16,1
11140110,수표동,2026-06-09 12:51,2026-06-09 09:51,-1.9400680107777707e-10,안전,22.24304566666667,21.65209,22.589737,0.0,0.0,0.0,0.0,0.0,0.0,,0.0,0.0,0.0,0.0,0.0,0.0,2026-06-09 10:16,1
11140149,을지로7가,2026-06-09 12:51,2026-06-09 09:51,-1.5045215787772187e-10,안전,22.0377399,19.429882,24.402054,0.0,0.0,0.0,0.0,0.0,0.0,,0.0,0.0,0.0,0.0,0.0,0.0,2026-06-09 10:16,1
11140153,방산동,2026-06-09 12:51,2026-06-09 09:51,-1.5045215787772187e-10,안전,19.93236175,16.682415,21.789812,0.0,0.0,0.0,0.0,0.0,0.0,,0.0,0.0,0.0,0.0,0.0,0.0,2026-06-09 10:16,1
11140168,순화동,2026-06-09 12:51,2026-06-09 09:51,1.379939205339186e-11,안전,33.0577641875,28.877954,40.149357,0.0,0.0,0.0,0.0,0.0,0.0,,0.0,0.0,0.0,0.0,0.0,0.0,2026-06-09 10:16,1
11140118,남대문로5가,2026-06-09 12:51,2026-06-09 09:51,1.379939205339186e-11,안전,44.360878541666665,27.704418,105.66517,0.0,0.0,0.0,0.0,0.0,0.0,,0.0,0.0,0.0,0.0,0.0,0.0,2026-06-09 10:16,1
11140117,남대문로4가,2026-06-09 12:51,2026-06-09 09:51,1.379939205339186e-11,안전,36.46628785714286,32.738346,39.45659,0.0,0.0,0.0,0.0,0.0,0.0,,0.0,0.0,0.0,0.0,0.0,0.0,2026-06-09 10:16,1
11140119,봉래동1가,2026-06-09 12:51,2026-06-09 09:51,4.180979481354537e-12,안전,32.66208875,26.422905,36.63356,0.0,0.0,0.0,0.0,0.0,0.0,,0.0,0.0,0.0,0.0,0.0,0.0,2026-06-09 10:16,1
11140112,남창동,2026-06-09 12:51,2026-06-09 09:51,1.379939205339186e-11,안전,43.0337945625,35.382877,61.296936,0.0,0.0,0.0,0.0,0.0,0.0,,0.0,0.0,0.0,0.0,0.0,0.0,2026-06-09 10:16,1
11140164,무학동,2026-06-09 12:51,2026-06-09 09:51,-1.9400680107777707e-10,안전,22.030241,21.846518,22.213964,0.0,0.0,0.0,0.0,0.0,0.0,,0.0,0.0,0.0,0.0,0.0,0.0,2026-06-09 10:16,1
11140163,흥인동,2026-06-09 12:51,2026-06-09 09:51,-1.5045215787772187e-10,안전,20.590241,18.576742,22.557413,0.0,0.0,0.0,0.0,0.0,0.0,,0.0,0.0,0.0,0.0,0.0,0.0,2026-06-09 10:16,1
11140174,만리동2가,2026-06-09 12:51,2026-06-09 09:51,-1.4438896057273536e-10,안전,70.96450713333334,54.05836,82.0471,0.0,0.0,0.0,0.0,0.0,0.0,,0.0,0.0,0.0,0.0,0.0,0.0,2026-06-09 10:16,1
11140167,정동,2026-06-09 12:51,2026-06-09 09:51,1.379939205339186e-11,안전,38.485742,30.70687,48.162872,0.0,0.0,0.0,0.0,0.0,0.0,,0.0,0.0,0.0,0.0,0.0,0.0,2026-06-09 10:16,1
11140142,예장동,2026-06-09 12:51,2026-06-09 09:51,6.176933728540211e-11,안전,118.2127552631579,44.29765,232.94194,0.0,0.0,0.0,0.0,0.0,0.0,,0.0,0.0,0.0,0.0,0.0,0.0,2026-06-09 10:16,1
11140171,중림동,2026-06-09 12:51,2026-06-09 09:51,1.379939205339186e-11,안전,46.339695086956525,32.096897,76.18131,0.0,0.0,0.0,0.0,0.0,0.0,,0.0,0.0,0.0,0.0,0.0,0.0,2026-06-09 10:16,1
11140162,신당동,2026-06-09 12:51,2026-06-09 09:51,5.7354035253443646e-11,안전,45.43571935766423,16.493248,142.09146,0.0,0.0,0.0,0.0,0.0,0.0,,0.0,0.0,0.0,0.0,0.0,0.0,2026-06-09 10:16,1
11140120,봉래동2가,2026-06-09 12:51,2026-06-09 09:51,2.989110129060933e-11,안전,27.23390482352941,25.53681,32.050026,0.0,0.0,0.0,0.0,0.0,0.0,,0.0,0.0,0.0,0.0,0.0,0.0,2026-06-09 10:16,1
11140121,회현동1가,2026-06-09 12:51,2026-06-09 09:51,-1.4438896057273536e-10,안전,73.01468311111111,35.731304,145.56572,0.0,0.0,0.0,0.0,0.0,0.0,,0.0,0.0,0.0,0.0,0.0,0.0,2026-06-09 10:16,1
11140173,만리동1가,2026-06-09 12:51,2026-06-09 09:51,1.379939205339186e-11,안전,46.5786713,29.412827,70.77694,0.0,0.0,0.0,0.0,0.0,0.0,,0.0,0.0,0.0,0.0,0.0,0.0,2026-06-09 10:16,1
11140103,태평로1가,2026-06-09 12:51,2026-06-09 09:51,4.180979481354537e-12,안전,31.176811777777782,28.82035,34.449795,0.0,0.0,0.0,0.0,0.0,0.0,,0.0,0.0,0.0,0.0,0.0,0.0,2026-06-09 10:16,1
11140102,다동,2026-06-09 12:51,2026-06-09 09:51,5.0970263278812977e-11,안전,27.6113275,25.431124,28.40064,0.0,0.0,0.0,0.0,0.0,0.0,,0.0,0.0,0.0,0.0,0.0,0.0,2026-06-09 10:16,1
11140101,무교동,2026-06-09 12:51,2026-06-09 09:51,3.913260302039676e-11,안전,28.912833,28.848238,28.977428,0.0,0.0,0.0,0.0,0.0,0.0,,0.0,0.0,0.0,0.0,0.0,0.0,2026-06-09 10:16,1
11140152,주교동,2026-06-09 12:51,2026-06-09 09:51,-1.5045215787772187e-10,안전,21.66830225,19.582373,23.131428,0.0,0.0,0.0,0.0,0.0,0.0,,0.0,0.0,0.0,0.0,0.0,0.0,2026-06-09 10:16,1
11140157,산림동,2026-06-09 12:51,2026-06-09 09:51,-6.330872771971647e-11,안전,22.910794166666665,22.436089,23.327494,0.0,0.0,0.0,0.0,0.0,0.0,,0.0,0.0,0.0,0.0,0.0,0.0,2026-06-09 10:16,1
11140108,수하동,2026-06-09 12:51,2026-06-09 09:51,-6.708170758569283e-11,안전,25.934542,25.756994,26.11209,0.0,0.0,0.0,0.0,0.0,0.0,,0.0,0.0,0.0,0.0,0.0,0.0,2026-06-09 10:16,1
11140124,충무로1가,2026-06-09 12:51,2026-06-09 09:51,4.180979481354537e-12,안전,34.250128333333336,32.208813,36.243225,0.0,0.0,0.0,0.0,0.0,0.0,,0.0,0.0,0.0,0.0,0.0,0.0,2026-06-09 10:16,1
11140125,충무로2가,2026-06-09 12:51,2026-06-09 09:51,1.379939205339186e-11,안전,38.07910144444444,34.54924,42.619774,0.0,0.0,0.0,0.0,0.0,0.0,,0.0,0.0,0.0,0.0,0.0,0.0,2026-06-09 10:16,1
11140116,남대문로3가,2026-06-09 12:51,2026-06-09 09:51,4.180979481354537e-12,안전,34.459441,33.726597,35.709557,0.0,0.0,0.0,0.0,0.0,0.0,,0.0,0.0,0.0,0.0,0.0,0.0,2026-06-09 10:16,1
11140115,남대문로2가,2026-06-09 12:51,2026-06-09 09:51,4.180979481354537e-12,안전,29.543414,27.241724,31.362883,0.0,0.0,0.0,0.0,0.0,0.0,,0.0,0.0,0.0,0.0,0.0,0.0,2026-06-09 10:16,1
11140166,서소문동,2026-06-09 12:51,2026-06-09 09:51,1.379939205339186e-11,안전,36.93628546153846,32.33771,40.651726,0.0,0.0,0.0,0.0,0.0,0.0,,0.0,0.0,0.0,0.0,0.0,0.0,2026-06-09 10:16,1
11140114,태평로2가,2026-06-09 12:51,2026-06-09 09:51,4.180979481354537e-12,안전,31.8138322,29.329409,36.67458,0.0,0.0,0.0,0.0,0.0,0.0,,0.0,0.0,0.0,0.0,0.0,0.0,2026-06-09 10:16,1
11140150,을지로4가,2026-06-09 12:51,2026-06-09 09:51,-6.708170758569283e-11,안전,23.900995857142856,23.18191,24.695015,0.0,0.0,0.0,0.0,0.0,0.0,,0.0,0.0,0.0,0.0,0.0,0.0,2026-06-09 10:16,1
11140139,필동3가,2026-06-09 12:51,2026-06-09 09:51,1.379939205339186e-11,안전,41.61547541666666,33.023735,54.8131,0.0,0.0,0.0,0.0,0.0,0.0,,0.0,0.0,0.0,0.0,0.0,0.0,2026-06-09 10:16,1
11140138,필동2가,2026-06-09 12:51,2026-06-09 09:51,1.379939205339186e-11,안전,49.25462113043478,31.110083,83.689735,0.0,0.0,0.0,0.0,0.0,0.0,,0.0,0.0,0.0,0.0,0.0,0.0,2026-06-09 10:16,1
11140141,주자동,2026-06-09 12:51,2026-06-09 09:51,1.379939205339186e-11,안전,42.4256365,41.986935,42.864338,0.0,0.0,0.0,0.0,0.0,0.0,,0.0,0.0,0.0,0.0,0.0,0.0,2026-06-09 10:16,1
11140151,을지로5가,2026-06-09 12:51,2026-06-09 09:51,-1.9671053521169084e-10,안전,22.501702857142856,21.95848,23.59927,0.0,0.0,0.0,0.0,0.0,0.0,,0.0,0.0,0.0,0.0,0.0,0.0,2026-06-09 10:16,1
11170103,용산동4가,2026-06-09 12:51,2026-06-09 09:51,5.7354035253443646e-11,안전,36.56616447727273,15.209089,60.682518,0.0,0.0,0.0,0.0,0.0,0.0,,0.0,0.0,0.0,0.0,0.0,0.0,2026-06-09 10:16,1
11170132,동빙고동,2026-06-09 12:51,2026-06-09 09:51,7.551860927859957e-11,안전,26.18548217333333,3.3113353,50.82463,0.0,0.0,0.0,0.0,0.0,0.0,,0.0,0.0,0.0,0.0,0.0,0.0,2026-06-09 10:16,1
11170120,도원동,2026-06-09 12:51,2026-06-09 09:51,1.379939205339186e-11,안전,45.959655454545455,26.268356,63.697803,0.0,0.0,0.0,0.0,0.0,0.0,,0.0,0.0,0.0,0.0,0.0,0.0,2026-06-09 10:16,1
11170135,용산동6가,2026-06-09 12:51,2026-06-09 09:51,-1.4086546821367995e-10,안전,13.730014808928573,3.4340305,32.852043,0.0,0.0,0.0,0.0,0.0,0.0,,0.0,0.0,0.0,0.0,0.0,0.0,2026-06-09 10:16,1
11170126,용산동3가,2026-06-09 12:51,2026-06-09 09:51,6.919169551185979e-11,안전,26.377724256410257,14.845185,38.795307,0.0,0.0,0.0,0.0,0.0,0.0,,0.0,0.0,0.0,0.0,0.0,0.0,2026-06-09 10:16,1
11170121,용문동,2026-06-09 12:51,2026-06-09 09:51,-1.8804819753790027e-10,안전,18.167537285714285,11.210456,46.13931,0.0,0.0,0.0,0.0,0.0,0.0,,0.0,0.0,0.0,0.0,0.0,0.0,2026-06-09 10:16,1
11170116,청암동,2026-06-09 12:51,2026-06-09 09:51,-3.847947596741308e-11,안전,24.35114884444444,5.708419,39.055004,0.0,0.0,0.0,0.0,0.0,0.0,,0.0,0.0,0.0,0.0,0.0,0.0,2026-06-09 10:16,1
11170117,원효로3가,2026-06-09 12:51,2026-06-09 09:51,-1.767435095142095e-10,안전,16.85962992105263,11.065781,28.020098,0.0,0.0,0.0,0.0,0.0,0.0,,0.0,0.0,0.0,0.0,0.0,0.0,2026-06-09 10:16,1
11170119,효창동,2026-06-09 12:51,2026-06-09 09:51,5.7354035253443646e-11,안전,40.917143836734695,17.001749,70.55227,0.0,0.0,0.0,0.0,0.0,0.0,,0.0,0.0,0.0,0.0,0.0,0.0,2026-06-09 10:16,1
11170107,동자동,2026-06-09 12:51,2026-06-09 09:51,1.379939205339186e-11,안전,29.2191595,22.541386,45.90412,0.0,0.0,0.0,0.0,0.0,0.0,,0.0,0.0,0.0,0.0,0.0,0.0,2026-06-09 10:16,1
11170131,한남동,2026-06-09 12:51,2026-06-09 09:51,-8.366347946206703e-11,안전,60.79853704126074,2.7679794,244.85162,0.0,0.0,0.0,0.0,0.0,0.0,,0.0,0.0,0.0,0.0,0.0,0.0,2026-06-09 10:16,1
11170118,원효로4가,2026-06-09 12:51,2026-06-09 09:51,-1.3002154406980308e-10,안전,13.833298128125,2.6788633,31.162907,0.0,0.0,0.0,0.0,0.0,0.0,,0.0,0.0,0.0,0.0,0.0,0.0,2026-06-09 10:16,1
11170129,이촌동,2026-06-09 12:51,2026-06-09 09:51,-3.565852727156238e-11,안전,7.5278541533190575,2.6906106,16.657995,0.0,0.0,0.0,0.0,0.0,0.0,,0.0,0.0,0.0,0.0,0.0,0.0,2026-06-09 10:16,1
11170101,후암동,2026-06-09 12:51,2026-06-09 09:51,2.0167346384068036e-11,안전,78.48491064646464,20.224709,243.21776,0.0,0.0,0.0,0.0,0.0,0.0,,0.0,0.0,0.0,0.0,0.0,0.0,2026-06-09 10:16,1
11170125,한강로2가,2026-06-09 12:51,2026-06-09 09:51,-6.317638796064217e-11,안전,12.18164443877551,10.841094,15.187561,0.0,0.0,0.0,0.0,0.0,0.0,,0.0,0.0,0.0,0.0,0.0,0.0,2026-06-09 10:16,1
11170104,갈월동,2026-06-09 12:51,2026-06-09 09:51,-3.9422422959102686e-11,안전,23.44584073076923,16.517908,36.10302,0.0,0.0,0.0,0.0,0.0,0.0,,0.0,0.0,0.0,0.0,0.0,0.0,2026-06-09 10:16,1
11170102,용산동2가,2026-06-09 12:51,2026-06-09 09:51,1.5418054452848946e-11,안전,76.71021138059702,19.607382,261.92645,0.0,0.0,0.0,0.0,0.0,0.0,,0.0,0.0,0.0,0.0,0.0,0.0,2026-06-09 10:16,1
11170123,신계동,2026-06-09 12:51,2026-06-09 09:51,-1.4119769578292106e-10,안전,15.29927088235294,10.624285,21.674706,0.0,0.0,0.0,0.0,0.0,0.0,,0.0,0.0,0.0,0.0,0.0,0.0,2026-06-09 10:16,1
11170113,원효로2가,2026-06-09 12:51,2026-06-09 09:51,-1.4119769578292106e-10,안전,14.2948348,10.871197,23.130947,0.0,0.0,0.0,0.0,0.0,0.0,,0.0,0.0,0.0,0.0,0.0,0.0,2026-06-09 10:16,1
11170127,용산동5가,2026-06-09 12:51,2026-06-09 09:51,-1.6306985727227027e-10,안전,17.20865113125,12.458381,27.980974,0.0,0.0,0.0,0.0,0.0,0.0,,0.0,0.0,0.0,0.0,0.0,0.0,2026-06-09 10:16,1
11170124,한강로1가,2026-06-09 12:51,2026-06-09 09:51,-1.2752404354098184e-10,안전,14.14643720689655,11.892394,17.542208,0.0,0.0,0.0,0.0,0.0,0.0,,0.0,0.0,0.0,0.0,0.0,0.0,2026-06-09 10:16,1
11170128,한강로3가,2026-06-09 12:51,2026-06-09 09:51,-3.6027236742047356e-11,안전,11.408462755072463,6.31557,16.909834,0.0,0.0,0.0,0.0,0.0,0.0,,0.0,0.0,0.0,0.0,0.0,0.0,2026-06-09 10:16,1
11170122,문배동,2026-06-09 12:51,2026-06-09 09:51,-4.9502735718702925e-11,안전,13.206194125,12.262375,14.91639,0.0,0.0,0.0,0.0,0.0,0.0,,0.0,0.0,0.0,0.0,0.0,0.0,2026-06-09 10:16,1
11170112,원효로1가,2026-06-09 12:51,2026-06-09 09:51,-4.3676471937903936e-11,안전,23.67644070833333,13.351525,41.55056,0.0,0.0,0.0,0.0,0.0,0.0,,0.0,0.0,0.0,0.0,0.0,0.0,2026-06-09 10:16,1
11170111,청파동3가,2026-06-09 12:51,2026-06-09 09:51,5.7354035253443646e-11,안전,31.96254448275862,16.280945,48.012066,0.0,0.0,0.0,0.0,0.0,0.0,,0.0,0.0,0.0,0.0,0.0,0.0,2026-06-09 10:16,1
11170105,남영동,2026-06-09 12:51,2026-06-09 09:51,-1.6306985727227027e-10,안전,16.9533405625,15.3690815,19.721924,0.0,0.0,0.0,0.0,0.0,0.0,,0.0,0.0,0.0,0.0,0.0,0.0,2026-06-09 10:16,1
11170106,용산동1가,2026-06-09 12:51,2026-06-09 09:51,-1.7437454529596106e-10,안전,21.26994236956521,14.583743,37.784595,0.0,0.0,0.0,0.0,0.0,0.0,,0.0,0.0,0.0,0.0,0.0,0.0,2026-06-09 10:16,1
11170110,청파동2가,2026-06-09 12:51,2026-06-09 09:51,5.7354035253443646e-11,안전,45.06647786956521,18.415306,71.400566,0.0,0.0,0.0,0.0,0.0,0.0,,0.0,0.0,0.0,0.0,0.0,0.0,2026-06-09 10:16,1
11170114,신창동,2026-06-09 12:51,2026-06-09 09:51,1.379939205339186e-11,안전,36.31726642857143,26.312674,46.97496,0.0,0.0,0.0,0.0,0.0,0.0,,0.0,0.0,0.0,0.0,0.0,0.0,2026-06-09 10:16,1
11170115,산천동,2026-06-09 12:51,2026-06-09 09:51,1.379939205339186e-11,안전,44.80582063636364,26.07205,60.922615,0.0,0.0,0.0,0.0,0.0,0.0,,0.0,0.0,0.0,0.0,0.0,0.0,2026-06-09 10:16,1
11170109,청파동1가,2026-06-09 12:51,2026-06-09 09:51,5.7354035253443646e-11,안전,51.05888036363637,20.101055,76.499275,0.0,0.0,0.0,0.0,0.0,0.0,,0.0,0.0,0.0,0.0,0.0,0.0,2026-06-09 10:16,1
11170130,이태원동,2026-06-09 12:51,2026-06-09 09:51,2.0167346384068036e-11,안전,78.85250570731708,14.945287,243.54002,0.0,0.0,0.0,0.0,0.0,0.0,,0.0,0.0,0.0,0.0,0.0,0.0,2026-06-09 10:16,1
11170136,보광동,2026-06-09 12:51,2026-06-09 09:51,7.452487316406019e-11,안전,34.68768711084337,2.8501182,77.78167,0.0,0.0,0.0,0.0,0.0,0.0,,0.0,0.0,0.0,0.0,0.0,0.0,2026-06-09 10:16,1
11170108,서계동,2026-06-09 12:51,2026-06-09 09:51,1.379939205339186e-11,안전,40.94913462068966,25.11991,64.364815,0.0,0.0,0.0,0.0,0.0,0.0,,0.0,0.0,0.0,0.0,0.0,0.0,2026-06-09 10:16,1
11170134,주성동,2026-06-09 12:51,2026-06-09 09:51,-1.6982140677989275e-10,안전,17.96966271904762,3.1498258,49.38163,0.0,0.0,0.0,0.0,0.0,0.0,,0.0,0.0,0.0,0.0,0.0,0.0,2026-06-09 10:16,1
11170133,서빙고동,2026-06-09 12:51,2026-06-09 09:51,-6.284416039140113e-11,안전,13.007055638043475,3.1830597,34.448555,0.0,0.0,0.0,0.0,0.0,0.0,,0.0,0.0,0.0,0.0,0.0,0.0,2026-06-09 10:16,1
11200115,성수동2가,2026-06-09 12:51,2026-06-09 09:51,-3.565852727156238e-11,안전,11.581174073517788,2.7304254,16.176449,0.0,0.0,0.0,0.0,0.0,0.0,,0.0,0.0,0.0,0.0,0.0,0.0,2026-06-09 10:16,1
11200104,도선동,2026-06-09 12:51,2026-06-09 09:51,-4.319540282507907e-11,안전,25.88390653333333,19.246449,30.479134,0.0,0.0,0.0,0.0,0.0,0.0,,0.0,0.0,0.0,0.0,0.0,0.0,2026-06-09 10:16,1
11200107,행당동,2026-06-09 12:51,2026-06-09 09:51,5.7354035253443646e-11,안전,30.127908,13.273401,94.81678,0.0,0.0,0.0,0.0,0.0,0.0,,0.0,0.0,0.0,0.0,0.0,0.0,2026-06-09 10:16,1
11200101,상왕십리동,2026-06-09 12:51,2026-06-09 09:51,-1.5045215787772187e-10,안전,20.024051666666665,16.181837,25.650503,0.0,0.0,0.0,0.0,0.0,0.0,,0.0,0.0,0.0,0.0,0.0,0.0,2026-06-09 10:16,1
11200103,홍익동,2026-06-09 12:51,2026-06-09 09:51,-3.9422422959102686e-11,안전,23.21520333333333,18.47468,31.090359,0.0,0.0,0.0,0.0,0.0,0.0,,0.0,0.0,0.0,0.0,0.0,0.0,2026-06-09 10:16,1
11200106,사근동,2026-06-09 12:51,2026-06-09 09:51,8.599382395199146e-11,안전,26.287158626666667,8.137619,58.83382,0.0,0.0,0.0,0.0,0.0,0.0,,0.0,0.0,0.0,0.0,0.0,0.0,2026-06-09 10:16,1
11200110,금호동2가,2026-06-09 12:51,2026-06-09 09:51,-2.3387296815983943e-11,안전,75.59529334285715,33.34343,123.72464,0.0,0.0,0.0,0.0,0.0,0.0,,0.0,0.0,0.0,0.0,0.0,0.0,2026-06-09 10:16,1
11200111,금호동3가,2026-06-09 12:51,2026-06-09 09:51,-1.4438896057273536e-10,안전,59.30215290243903,22.22134,108.52286,0.0,0.0,0.0,0.0,0.0,0.0,,0.0,0.0,0.0,0.0,0.0,0.0,2026-06-09 10:16,1
11200114,성수동1가,2026-06-09 12:51,2026-06-09 09:51,-3.233189780808632e-11,안전,12.23211640939394,2.7625954,23.029818,0.0,0.0,0.0,0.0,0.0,0.0,,0.0,0.0,0.0,0.0,0.0,0.0,2026-06-09 10:16,1
11200109,금호동1가,2026-06-09 12:51,2026-06-09 09:51,-1.6685582121058286e-10,안전,58.16448189583334,21.46711,97.42903,0.0,0.0,0.0,0.0,0.0,0.0,,0.0,0.0,0.0,0.0,0.0,0.0,2026-06-09 10:16,1
11200112,금호동4가,2026-06-09 12:51,2026-06-09 09:51,8.636253342247643e-11,안전,26.56146417888889,2.9238446,80.69726,0.0,0.0,0.0,0.0,0.0,0.0,,0.0,0.0,0.0,0.0,0.0,0.0,2026-06-09 10:16,1
11200122,용답동,2026-06-09 12:51,2026-06-09 09:51,-1.6606879096471095e-11,안전,11.75735665464481,4.4653416,16.959938,0.0,0.0,0.0,0.0,0.0,0.0,,0.0,0.0,0.0,0.0,0.0,0.0,2026-06-09 10:16,1
11200105,마장동,2026-06-09 12:51,2026-06-09 09:51,-2.0066589693244868e-10,안전,17.867098232,10.973622,45.1069,0.0,0.0,0.0,0.0,0.0,0.0,,0.0,0.0,0.0,0.0,0.0,0.0,2026-06-09 10:16,1
11200102,하왕십리동,2026-06-09 12:51,2026-06-09 09:51,5.7354035253443646e-11,안전,37.83504877631579,14.120378,76.943436,0.0,0.0,0.0,0.0,0.0,0.0,,0.0,0.0,0.0,0.0,0.0,0.0,2026-06-09 10:16,1
11200108,응봉동,2026-06-09 12:51,2026-06-09 09:51,9.357652133915151e-11,안전,35.18733308484849,4.7134976,108.41827,0.0,0.0,0.0,0.0,0.0,0.0,,0.0,0.0,0.0,0.0,0.0,0.0,2026-06-09 10:16,1
11200118,송정동,2026-06-09 12:51,2026-06-09 09:51,-3.6027236742047356e-11,안전,11.518827956363635,6.407363,20.22703,0.0,0.0,0.0,0.0,0.0,0.0,,0.0,0.0,0.0,0.0,0.0,0.0,2026-06-09 10:16,1
11200113,옥수동,2026-06-09 12:51,2026-06-09 09:51,7.452487316406019e-11,안전,30.15687450941704,2.8439555,157.05725,0.0,0.0,0.0,0.0,0.0,0.0,,0.0,0.0,0.0,0.0,0.0,0.0,2026-06-09 10:16,1
11215105,자양동,2026-06-09 12:51,2026-06-09 09:51,-1.3002154406980308e-10,안전,13.500550862264152,2.773209,30.211704,0.0,0.0,0.0,0.0,0.0,0.0,,0.0,0.0,0.0,0.0,0.0,0.0,2026-06-09 10:16,1
11215103,구의동,2026-06-09 12:51,2026-06-09 09:51,9.016683927373101e-11,안전,40.98494547413793,6.186557,203.12418,0.0,0.0,0.0,0.0,0.0,0.0,,0.0,0.0,0.0,0.0,0.0,0.0,2026-06-09 10:16,1
11215107,화양동,2026-06-09 12:51,2026-06-09 09:51,-1.827381957117082e-10,안전,18.01273858076923,12.568357,29.643871,0.0,0.0,0.0,0.0,0.0,0.0,,0.0,0.0,0.0,0.0,0.0,0.0,2026-06-09 10:16,1
11215102,능동,2026-06-09 12:51,2026-06-09 09:51,-4.319540282507907e-11,안전,24.36436796,15.819326,35.868053,0.0,0.0,0.0,0.0,0.0,0.0,,0.0,0.0,0.0,0.0,0.0,0.0,2026-06-09 10:16,1
11215104,광장동,2026-06-09 12:51,2026-06-09 09:51,9.016683927373101e-11,안전,48.38939672463236,6.162792,185.2065,0.0,0.0,0.0,0.0,0.0,0.0,,0.0,0.0,0.0,0.0,0.0,0.0,2026-06-09 10:16,1
11215109,군자동,2026-06-09 12:51,2026-06-09 09:51,-1.6306985727227027e-10,안전,16.25236441764706,12.67306,21.165148,0.0,0.0,0.0,0.0,0.0,0.0,,0.0,0.0,0.0,0.0,0.0,0.0,2026-06-09 10:16,1
11215101,중곡동,2026-06-09 12:51,2026-06-09 09:51,4.82308584731364e-11,안전,77.94094940685224,8.754998,319.1626,0.0,0.0,0.0,0.0,0.0,0.0,,0.0,0.0,0.0,0.0,0.0,0.0,2026-06-09 10:16,1
11230106,장안동,2026-06-09 12:51,2026-06-09 09:51,-6.317638796064217e-11,안전,12.760107554307115,10.424522,15.857125,0.0,0.0,0.0,0.0,0.0,0.0,,0.0,0.0,0.0,0.0,0.0,0.0,2026-06-09 10:16,1
11230101,신설동,2026-06-09 12:51,2026-06-09 09:51,3.994497557190522e-06,안전,18.485912027027027,14.775766,21.576464,1.0,0.3,0.3,178.60606124,53.581818372,0.0016796742390331,2025.0,0.0,0.0,0.0,0.0,0.0,0.0,2026-06-09 10:16,1
11230102,용두동,2026-06-09 12:51,2026-06-09 09:51,-1.6306985727227027e-10,안전,16.70396062328767,13.546923,27.114656,0.0,0.0,0.0,0.0,0.0,0.0,,0.0,0.0,0.0,0.0,0.0,0.0,2026-06-09 10:16,1
11230107,청량리동,2026-06-09 12:51,2026-06-09 09:51,5.7354035253443646e-11,안전,29.286930348148147,14.414711,71.41264,0.0,0.0,0.0,0.0,0.0,0.0,,0.0,0.0,0.0,0.0,0.0,0.0,2026-06-09 10:16,1
11230109,휘경동,2026-06-09 12:51,2026-06-09 09:51,-4.3676471937903936e-11,안전,22.858356597435897,11.432851,73.13332,0.0,0.0,0.0,0.0,0.0,0.0,,0.0,0.0,0.0,0.0,0.0,0.0,2026-06-09 10:16,1
11230110,이문동,2026-06-09 12:51,2026-06-09 09:51,-6.112310404581955e-11,안전,24.144634980295567,11.343357,75.0116,0.0,0.0,0.0,0.0,0.0,0.0,,0.0,0.0,0.0,0.0,0.0,0.0,2026-06-09 10:16,1
11230103,제기동,2026-06-09 12:51,2026-06-09 09:51,-1.4904133432895612e-10,안전,18.41896843971631,14.092088,28.782648,0.0,0.0,0.0,0.0,0.0,0.0,,0.0,0.0,0.0,0.0,0.0,0.0,2026-06-09 10:16,1
11230105,답십리동,2026-06-09 12:51,2026-06-09 09:51,-1.7437454529596106e-10,안전,21.38247020157068,11.783615,71.529366,0.0,0.0,0.0,0.0,0.0,0.0,,0.0,0.0,0.0,0.0,0.0,0.0,2026-06-09 10:16,1
11230104,전농동,2026-06-09 12:51,2026-06-09 09:51,5.7354035253443646e-11,안전,28.15873122881356,13.49184,84.57207,0.0,0.0,0.0,0.0,0.0,0.0,,0.0,0.0,0.0,0.0,0.0,0.0,2026-06-09 10:16,1
11230108,회기동,2026-06-09 12:51,2026-06-09 09:51,1.379939205339186e-11,안전,50.78981391111112,23.256239,125.47193,0.0,0.0,0.0,0.0,0.0,0.0,,0.0,0.0,0.0,0.0,0.0,0.0,2026-06-09 10:16,1
11260103,중화동,2026-06-09 12:51,2026-06-09 09:51,1.7867171923003888e-10,안전,21.94451556417112,10.921621,137.87119,0.0,0.0,0.0,0.0,0.0,0.0,,0.0,0.0,0.0,0.0,0.0,0.0,2026-06-09 10:16,1
11260102,상봉동,2026-06-09 12:51,2026-06-09 09:51,5.7354035253443646e-11,안전,31.07996443502825,11.500958,132.99338,0.0,0.0,0.0,0.0,0.0,0.0,,0.0,0.0,0.0,0.0,0.0,0.0,2026-06-09 10:16,1
11260104,묵동,2026-06-09 12:51,2026-06-09 09:51,2.19772736813143e-10,안전,26.66094820642202,11.546531,126.44052,0.0,0.0,0.0,0.0,0.0,0.0,,0.0,0.0,0.0,0.0,0.0,0.0,2026-06-09 10:16,1
11260101,면목동,2026-06-09 12:51,2026-06-09 09:51,-1.1650615588143795e-10,안전,58.837676509406656,9.29759,317.98358,0.0,0.0,0.0,0.0,0.0,0.0,,0.0,0.0,0.0,0.0,0.0,0.0,2026-06-09 10:16,1
11260105,망우동,2026-06-09 12:51,2026-06-09 09:51,-1.0083431737268367e-10,안전,62.348172986577175,20.30621,240.80237,0.0,0.0,0.0,0.0,0.0,0.0,,0.0,0.0,0.0,0.0,0.0,0.0,2026-06-09 10:16,1
11260106,신내동,2026-06-09 12:51,2026-06-09 09:51,5.7354035253443646e-11,안전,48.44389018844221,21.251642,144.10275,0.0,0.0,0.0,0.0,0.0,0.0,,0.0,0.0,0.0,0.0,0.0,0.0,2026-06-09 10:16,1
11290102,성북동1가,2026-06-09 12:51,2026-06-09 09:51,1.379939205339186e-11,안전,51.07041677777778,41.617653,64.76334,0.0,0.0,0.0,0.0,0.0,0.0,,0.0,0.0,0.0,0.0,0.0,0.0,2026-06-09 10:16,1
11290111,삼선동1가,2026-06-09 12:51,2026-06-09 09:51,-1.4438896057273536e-10,안전,62.623800208333336,40.662186,101.520996,0.0,0.0,0.0,0.0,0.0,0.0,,0.0,0.0,0.0,0.0,0.0,0.0,2026-06-09 10:16,1
11290101,성북동,2026-06-09 12:51,2026-06-09 09:51,1.653454710734332e-11,안전,148.8323542384106,44.95445,324.42404,0.0,0.0,0.0,0.0,0.0,0.0,,0.0,0.0,0.0,0.0,0.0,0.0,2026-06-09 10:16,1
11290109,동소문동6가,2026-06-09 12:51,2026-06-09 09:51,1.379939205339186e-11,안전,49.52640054545454,34.495525,71.37174,0.0,0.0,0.0,0.0,0.0,0.0,,0.0,0.0,0.0,0.0,0.0,0.0,2026-06-09 10:16,1
11290139,석관동,2026-06-09 12:51,2026-06-09 09:51,2.9945687914443766e-10,안전,25.825944205882355,12.367764,117.49142,0.0,0.0,0.0,0.0,0.0,0.0,,0.0,0.0,0.0,0.0,0.0,0.0,2026-06-09 10:16,1
11290126,보문동4가,2026-06-09 12:51,2026-06-09 09:51,-1.5045215787772187e-10,안전,22.3917618,21.265076,23.380978,0.0,0.0,0.0,0.0,0.0,0.0,,0.0,0.0,0.0,0.0,0.0,0.0,2026-06-09 10:16,1
11290127,보문동5가,2026-06-09 12:51,2026-06-09 09:51,-6.708170758569283e-11,안전,23.895897833333333,21.697151,26.6882,0.0,0.0,0.0,0.0,0.0,0.0,,0.0,0.0,0.0,0.0,0.0,0.0,2026-06-09 10:16,1
11290106,동소문동3가,2026-06-09 12:51,2026-06-09 09:51,4.180979481354537e-12,안전,35.525611,34.503563,37.0816,0.0,0.0,0.0,0.0,0.0,0.0,,0.0,0.0,0.0,0.0,0.0,0.0,2026-06-09 10:16,1
11290108,동소문동5가,2026-06-09 12:51,2026-06-09 09:51,4.180979481354537e-12,안전,31.4446938,29.171082,33.517952,0.0,0.0,0.0,0.0,0.0,0.0,,0.0,0.0,0.0,0.0,0.0,0.0,2026-06-09 10:16,1
11290107,동소문동4가,2026-06-09 12:51,2026-06-09 09:51,1.7469937822627085e-11,안전,53.292122500000005,35.189022,86.99178,0.0,0.0,0.0,0.0,0.0,0.0,,0.0,0.0,0.0,0.0,0.0,0.0,2026-06-09 10:16,1
11290110,동소문동7가,2026-06-09 12:51,2026-06-09 09:51,1.379939205339186e-11,안전,50.355626125,40.766422,66.118256,0.0,0.0,0.0,0.0,0.0,0.0,,0.0,0.0,0.0,0.0,0.0,0.0,2026-06-09 10:16,1
11290130,보문동1가,2026-06-09 12:51,2026-06-09 09:51,-6.708170758569283e-11,안전,25.484024444444444,23.695383,27.601074,0.0,0.0,0.0,0.0,0.0,0.0,,0.0,0.0,0.0,0.0,0.0,0.0,2026-06-09 10:16,1
11290115,삼선동5가,2026-06-09 12:51,2026-06-09 09:51,1.379939205339186e-11,안전,31.36735666666667,26.960007,38.479443,0.0,0.0,0.0,0.0,0.0,0.0,,0.0,0.0,0.0,0.0,0.0,0.0,2026-06-09 10:16,1
11290134,길음동,2026-06-09 12:51,2026-06-09 09:51,1.2190379810283365e-07,안전,60.840977125,32.2157,149.2314,1.0,0.1,0.1,138.00565124,13.800565124,0.0007246080077263,2025.0,0.0,0.0,0.0,0.0,0.0,0.0,2026-06-09 10:16,1
11290114,삼선동4가,2026-06-09 12:51,2026-06-09 09:51,4.180979481354537e-12,안전,33.12630690909091,30.447412,36.189198,0.0,0.0,0.0,0.0,0.0,0.0,,0.0,0.0,0.0,0.0,0.0,0.0,2026-06-09 10:16,1
11290103,돈암동,2026-06-09 12:51,2026-06-09 09:51,2.8838127595512652e-08,안전,78.11838338582677,31.80395,152.26479,1.0,0.1,0.1,242.86298869,24.286298869000003,0.0004117547945012,2025.0,0.0,0.0,0.0,0.0,0.0,0.0,2026-06-09 10:16,1
11290129,보문동7가,2026-06-09 12:51,2026-06-09 09:51,-1.5045215787772187e-10,안전,21.45705625,19.826237,23.34036,0.0,0.0,0.0,0.0,0.0,0.0,,0.0,0.0,0.0,0.0,0.0,0.0,2026-06-09 10:16,1
11290105,동소문동2가,2026-06-09 12:51,2026-06-09 09:51,1.379939205339186e-11,안전,38.4124575,36.580418,39.509293,0.0,0.0,0.0,0.0,0.0,0.0,,0.0,0.0,0.0,0.0,0.0,0.0,2026-06-09 10:16,1
11290122,안암동2가,2026-06-09 12:51,2026-06-09 09:51,1.379939205339186e-11,안전,34.57864118181818,23.129032,58.60858,0.0,0.0,0.0,0.0,0.0,0.0,,0.0,0.0,0.0,0.0,0.0,0.0,2026-06-09 10:16,1
11290121,안암동1가,2026-06-09 12:51,2026-06-09 09:51,1.379939205339186e-11,안전,39.12324275,25.481466,74.928505,0.0,0.0,0.0,0.0,0.0,0.0,,0.0,0.0,0.0,0.0,0.0,0.0,2026-06-09 10:16,1
11290125,안암동5가,2026-06-09 12:51,2026-06-09 09:51,-1.6685582121058286e-10,안전,55.75334327777778,21.58775,127.96982,0.0,0.0,0.0,0.0,0.0,0.0,,0.0,0.0,0.0,0.0,0.0,0.0,2026-06-09 10:16,1
11290112,삼선동2가,2026-06-09 12:51,2026-06-09 09:51,-1.6685582121058286e-10,안전,58.60618673076923,35.836117,85.55925,0.0,0.0,0.0,0.0,0.0,0.0,,0.0,0.0,0.0,0.0,0.0,0.0,2026-06-09 10:16,1
11290135,종암동,2026-06-09 12:51,2026-06-09 09:51,5.7354035253443646e-11,안전,43.582360668674696,19.283373,124.269035,0.0,0.0,0.0,0.0,0.0,0.0,,0.0,0.0,0.0,0.0,0.0,0.0,2026-06-09 10:16,1
11290131,보문동2가,2026-06-09 12:51,2026-06-09 09:51,1.379939205339186e-11,안전,33.13123628571429,25.69879,40.689186,0.0,0.0,0.0,0.0,0.0,0.0,,0.0,0.0,0.0,0.0,0.0,0.0,2026-06-09 10:16,1
11290128,보문동6가,2026-06-09 12:51,2026-06-09 09:51,1.379939205339186e-11,안전,46.6329569375,25.844995,76.5746,0.0,0.0,0.0,0.0,0.0,0.0,,0.0,0.0,0.0,0.0,0.0,0.0,2026-06-09 10:16,1
11290124,안암동4가,2026-06-09 12:51,2026-06-09 09:51,-4.319540282507907e-11,안전,26.0522175,20.869257,35.001793,0.0,0.0,0.0,0.0,0.0,0.0,,0.0,0.0,0.0,0.0,0.0,0.0,2026-06-09 10:16,1
11290123,안암동3가,2026-06-09 12:51,2026-06-09 09:51,1.0224438946325355e-07,안전,33.78701925,20.360868,52.488754,1.0,0.1,0.1,134.89579796,13.489579796,0.000741312935705,2025.0,0.0,0.0,0.0,0.0,0.0,0.0,2026-06-09 10:16,1
11290136,하월곡동,2026-06-09 12:51,2026-06-09 09:51,1.0164764236736644e-08,안전,38.434745567307694,22.64468,103.03236,3.0,0.1,0.1,179.54192927666668,53.862578783,0.0008899875343151,2025.0,0.0,0.0,0.0,0.0,0.0,0.0,2026-06-09 10:16,1
11290113,삼선동3가,2026-06-09 12:51,2026-06-09 09:51,1.379939205339186e-11,안전,44.05498283333333,33.855778,55.616913,0.0,0.0,0.0,0.0,0.0,0.0,,0.0,0.0,0.0,0.0,0.0,0.0,2026-06-09 10:16,1
11290132,보문동3가,2026-06-09 12:51,2026-06-09 09:51,-1.6685582121058286e-10,안전,54.18832707692308,33.856445,78.47621,0.0,0.0,0.0,0.0,0.0,0.0,,0.0,0.0,0.0,0.0,0.0,0.0,2026-06-09 10:16,1
11290120,동선동5가,2026-06-09 12:51,2026-06-09 09:51,1.379939205339186e-11,안전,49.47080525,37.87872,72.17039,0.0,0.0,0.0,0.0,0.0,0.0,,0.0,0.0,0.0,0.0,0.0,0.0,2026-06-09 10:16,1
11290118,동선동3가,2026-06-09 12:51,2026-06-09 09:51,1.379939205339186e-11,안전,43.49759266666666,34.95041,66.26227,0.0,0.0,0.0,0.0,0.0,0.0,,0.0,0.0,0.0,0.0,0.0,0.0,2026-06-09 10:16,1
11290119,동선동4가,2026-06-09 12:51,2026-06-09 09:51,1.379939205339186e-11,안전,50.7553693,32.329033,83.17534,0.0,0.0,0.0,0.0,0.0,0.0,,0.0,0.0,0.0,0.0,0.0,0.0,2026-06-09 10:16,1
11290116,동선동1가,2026-06-09 12:51,2026-06-09 09:51,4.180979481354537e-12,안전,32.91463944444445,28.474686,36.532063,0.0,0.0,0.0,0.0,0.0,0.0,,0.0,0.0,0.0,0.0,0.0,0.0,2026-06-09 10:16,1
11290104,동소문동1가,2026-06-09 12:51,2026-06-09 09:51,-1.6685582121058286e-10,안전,53.9136205,39.97608,73.15939,0.0,0.0,0.0,0.0,0.0,0.0,,0.0,0.0,0.0,0.0,0.0,0.0,2026-06-09 10:16,1
11290117,동선동2가,2026-06-09 12:51,2026-06-09 09:51,1.379939205339186e-11,안전,31.837101916666665,25.825254,46.502777,0.0,0.0,0.0,0.0,0.0,0.0,,0.0,0.0,0.0,0.0,0.0,0.0,2026-06-09 10:16,1
11290138,장위동,2026-06-09 12:51,2026-06-09 09:51,6.734932898735657e-08,안전,34.01312413362069,15.151099,88.44213,5.0,0.1,0.1,170.95508935200002,85.47754467600001,0.0006782060067222,2025.0,0.0,0.0,0.0,0.0,0.0,0.0,2026-06-09 10:16,1
11290133,정릉동,2026-06-09 12:51,2026-06-09 09:51,0.0045874092539744,안전,195.2561506256463,37.055557,664.19635,1.0,0.3,0.3,2809639.63623471,842891.8908704129,1.067752590513849e-07,2025.0,0.0,0.0,0.0,0.0,0.0,0.0,2026-06-09 10:16,1
11290137,상월곡동,2026-06-09 12:51,2026-06-09 09:51,1.2627230605900673e-07,안전,54.48454701724138,24.286829,107.39612,1.0,0.1,0.1,124.32873255,12.432873255,0.0008043193069613,2025.0,0.0,0.0,0.0,0.0,0.0,0.0,2026-06-09 10:16,1
11305101,미아동,2026-06-09 12:51,2026-06-09 09:51,0.0045874058524617,안전,61.04317969383698,29.674341,201.35365,7.0,0.3,0.3,401532.3162261343,843217.8640748819,0.0017743378618274,2025.0,0.0,0.0,0.0,0.0,0.0,0.0,2026-06-09 10:16,1
11305104,우이동,2026-06-09 12:51,2026-06-09 09:51,0.0045874097969545,안전,260.6800433647175,39.586468,754.64685,12.0,0.3,0.3,234388.65795302,843799.1686308719,0.0019398243729755,2025.0,0.0,0.0,0.0,0.0,0.0,0.0,2026-06-09 10:16,1
11305102,번동,2026-06-09 12:51,2026-06-09 09:51,3.560455304229832e-06,안전,46.11154419935691,22.250374,112.218864,8.0,0.3,0.3,146.0735478225,350.576514774,0.0022466824285837,2025.0,0.0,0.0,0.0,0.0,0.0,0.0,2026-06-09 10:16,1
11305103,수유동,2026-06-09 12:51,2026-06-09 09:51,0.0045874095104201,안전,145.80201167995443,30.337126,547.00696,24.0,0.3,0.3,117255.7763583596,844241.5897801889,0.0020393011686472,2025.0,0.0,0.0,0.0,0.0,0.0,0.0,2026-06-09 10:16,1
11320105,쌍문동,2026-06-09 12:51,2026-06-09 09:51,3.449415428991287e-06,안전,47.137618331269344,26.616646,94.236664,24.0,0.3,0.3,227.49223591541667,1637.9440985909998,0.0016637212555799,2025.0,0.0,0.0,0.0,0.0,0.0,0.0,2026-06-09 10:16,1
11320107,창동,2026-06-09 12:51,2026-06-09 09:51,3.7560174391456384e-06,안전,31.86638329531568,16.527922,99.21845,4.0,0.3,0.3,264.50446943,317.405363316,0.0017637931909461,2025.0,0.0,0.0,0.0,0.0,0.0,0.0,2026-06-09 10:16,1
11320106,방학동,2026-06-09 12:51,2026-06-09 09:51,3.3640480974557937e-06,안전,60.442240399572654,23.47883,211.05786,20.0,0.3,0.3,204.641610923,1227.849665538,0.0019062300917007,2025.0,0.0,0.0,0.0,0.0,0.0,0.0,2026-06-09 10:16,1
11320108,도봉동,2026-06-09 12:51,2026-06-09 09:51,3.7509859869709127e-06,안전,193.7200785241568,25.801039,699.14233,9.0,0.3,0.3,210.44976035888888,568.214352969,0.001611303303947,2025.0,0.0,0.0,0.0,0.0,0.0,0.0,2026-06-09 10:16,1
11350103,공릉동,2026-06-09 12:51,2026-06-09 09:51,5.7354035253443646e-11,안전,47.882886341798944,13.996922,191.6846,0.0,0.0,0.0,0.0,0.0,0.0,,0.0,0.0,0.0,0.0,0.0,0.0,2026-06-09 10:16,1
11350104,하계동,2026-06-09 12:51,2026-06-09 09:51,5.7354035253443646e-11,안전,31.58127310869565,14.63561,78.56712,0.0,0.0,0.0,0.0,0.0,0.0,,0.0,0.0,0.0,0.0,0.0,0.0,2026-06-09 10:16,1
11350106,중계동,2026-06-09 12:51,2026-06-09 09:51,8.367477711503284e-10,안전,88.11644848247079,18.975517,400.04825,0.0,0.0,0.0,0.0,0.0,0.0,,0.0,0.0,0.0,0.0,0.0,0.0,2026-06-09 10:16,1
11350105,상계동,2026-06-09 12:51,2026-06-09 09:51,2.012465536730563e-06,안전,117.78528802544248,16.872904,528.22955,5.0,0.15,0.15,343.12154073,257.3411555475,0.0006117222891786,2025.0,0.0,0.0,0.0,0.0,0.0,0.0,2026-06-09 10:16,1
11350102,월계동,2026-06-09 12:51,2026-06-09 09:51,2.304828456762539e-06,안전,35.674769329938904,14.515908,106.81625,11.0,0.15,0.15,194.6710682790909,321.2072626605,0.0008118377223554,2025.0,0.0,0.0,0.0,0.0,0.0,0.0,2026-06-09 10:16,1
11380106,대조동,2026-06-09 12:51,2026-06-09 09:51,2.016763565198408e-08,안전,26.98773191752577,21.315899,40.942566,21.0,0.1,0.1,190.7770075490476,400.631715853,0.0006819970837211,2025.0,0.0,0.0,0.0,0.0,0.0,0.0,2026-06-09 10:16,1
11380114,진관동,2026-06-09 12:51,2026-06-09 09:51,9.90684913930931e-05,안전,124.57393746793892,18.172434,477.70477,8.0,0.1,0.1,2948.81218533875,2359.049748271,0.0001986387529277,2025.0,0.0,0.0,0.0,0.0,0.0,0.0,2026-06-09 10:16,1
11380104,갈현동,2026-06-09 12:51,2026-06-09 09:51,1.4926232112430712e-08,안전,65.82568298660713,21.4091,204.52809,144.0,0.1,0.1,212.91393697513888,3065.9606924420004,0.0005699794121247,2025.0,0.0,0.0,0.0,0.0,0.0,0.0,2026-06-09 10:16,1
11380105,구산동,2026-06-09 12:51,2026-06-09 09:51,2.275308440993569e-08,안전,67.25069030188679,20.102541,189.14508,25.0,0.1,0.1,193.9297366568,484.824341642,0.0006022580611259,2025.0,0.0,0.0,0.0,0.0,0.0,0.0,2026-06-09 10:16,1
11380103,불광동,2026-06-09 12:51,2026-06-09 09:51,7.844056693516034e-08,안전,115.99282774856046,26.87102,382.28516,191.0,0.1,0.1,176.1470530528272,3364.408713309,0.0008356461176626,2025.0,0.0,0.0,0.0,0.0,0.0,0.0,2026-06-09 10:16,1
11380110,증산동,2026-06-09 12:51,2026-06-09 09:51,9.36634860564496e-09,안전,34.70412368085106,12.145392,96.61318,31.0,0.1,0.1,314.8309744883871,975.976020914,0.00057840022395,2025.0,0.0,0.0,0.0,0.0,0.0,0.0,2026-06-09 10:16,1
11380109,신사동,2026-06-09 12:51,2026-06-09 09:51,1.5124770854707732e-08,안전,56.88438163809524,14.798619,143.64095,20.0,0.1,0.1,191.952957306,383.90591461200006,0.0006388023409508,2025.0,0.0,0.0,0.0,0.0,0.0,0.0,2026-06-09 10:16,1
11380102,녹번동,2026-06-09 12:51,2026-06-09 09:51,9.2501170280308e-07,안전,59.417256897560975,19.728159,177.79643,31.0,0.1,0.1,516.0676962851612,1599.8098584840002,0.0006469096500858,2025.0,0.0,0.0,0.0,0.0,0.0,0.0,2026-06-09 10:16,1
11380107,응암동,2026-06-09 12:51,2026-06-09 09:51,1.2003138167670276e-06,안전,41.06321628595318,12.276319,172.13403,212.0,0.1,0.1,536.5292477073585,11374.420051396,0.000709897324365,2025.0,0.0,0.0,0.0,0.0,0.0,0.0,2026-06-09 10:16,1
11380108,역촌동,2026-06-09 12:51,2026-06-09 09:51,5.5334625795942105e-08,안전,28.092671156716417,17.661776,120.89229,71.0,0.1,0.1,182.33702917450705,1294.592907139,0.0006133584887164,2025.0,0.0,0.0,0.0,0.0,0.0,0.0,2026-06-09 10:16,1
11380101,수색동,2026-06-09 12:51,2026-06-09 09:51,2.865570260737185e-07,안전,43.01244903521127,11.582682,142.66048,7.0,0.1,0.1,139.93962229428573,97.957735606,0.0008076544576614,2025.0,0.0,0.0,0.0,0.0,0.0,0.0,2026-06-09 10:16,1
11410109,현저동,2026-06-09 12:51,2026-06-09 09:51,6.176933728540211e-11,안전,104.08591756451612,46.52354,188.99907,0.0,0.0,0.0,0.0,0.0,0.0,,0.0,0.0,0.0,0.0,0.0,0.0,2026-06-09 10:16,1
11410103,합동,2026-06-09 12:51,2026-06-09 09:51,1.379939205339186e-11,안전,38.13539383333333,31.793236,43.47628,0.0,0.0,0.0,0.0,0.0,0.0,,0.0,0.0,0.0,0.0,0.0,0.0,2026-06-09 10:16,1
11410117,연희동,2026-06-09 12:51,2026-06-09 09:51,6.102458102267885e-11,안전,53.05226410144928,15.791908,256.15332,0.0,0.0,0.0,0.0,0.0,0.0,,0.0,0.0,0.0,0.0,0.0,0.0,2026-06-09 10:16,1
11410104,미근동,2026-06-09 12:51,2026-06-09 09:51,4.180979481354537e-12,안전,34.117339625,31.700413,36.283916,0.0,0.0,0.0,0.0,0.0,0.0,,0.0,0.0,0.0,0.0,0.0,0.0,2026-06-09 10:16,1
11410114,신촌동,2026-06-09 12:51,2026-06-09 09:51,-1.4438896057273536e-10,안전,68.72047851546392,27.492031,178.6661,0.0,0.0,0.0,0.0,0.0,0.0,,0.0,0.0,0.0,0.0,0.0,0.0,2026-06-09 10:16,1
11410110,북아현동,2026-06-09 12:51,2026-06-09 09:51,-2.3387296815983943e-11,안전,75.60519269672132,35.967896,163.79004,0.0,0.0,0.0,0.0,0.0,0.0,,0.0,0.0,0.0,0.0,0.0,0.0,2026-06-09 10:16,1
11410115,봉원동,2026-06-09 12:51,2026-06-09 09:51,1.6248705954363106e-11,안전,163.84411260416667,85.0065,273.3383,0.0,0.0,0.0,0.0,0.0,0.0,,0.0,0.0,0.0,0.0,0.0,0.0,2026-06-09 10:16,1
11410112,대현동,2026-06-09 12:51,2026-06-09 09:51,-1.6685582121058286e-10,안전,54.52551940384616,31.212048,97.11943,0.0,0.0,0.0,0.0,0.0,0.0,,0.0,0.0,0.0,0.0,0.0,0.0,2026-06-09 10:16,1
11410101,충정로2가,2026-06-09 12:51,2026-06-09 09:51,1.7469937822627085e-11,안전,52.955597352941176,35.14659,88.855865,0.0,0.0,0.0,0.0,0.0,0.0,,0.0,0.0,0.0,0.0,0.0,0.0,2026-06-09 10:16,1
11410105,냉천동,2026-06-09 12:51,2026-06-09 09:51,1.379939205339186e-11,안전,51.456742090909096,38.363155,71.67477,0.0,0.0,0.0,0.0,0.0,0.0,,0.0,0.0,0.0,0.0,0.0,0.0,2026-06-09 10:16,1
11410107,옥천동,2026-06-09 12:51,2026-06-09 09:51,-2.4046001881269256e-10,안전,92.374889,53.619545,149.75044,0.0,0.0,0.0,0.0,0.0,0.0,,0.0,0.0,0.0,0.0,0.0,0.0,2026-06-09 10:16,1
11410116,창천동,2026-06-09 12:51,2026-06-09 09:51,5.7354035253443646e-11,안전,28.054236397260272,15.461453,42.86993,0.0,0.0,0.0,0.0,0.0,0.0,,0.0,0.0,0.0,0.0,0.0,0.0,2026-06-09 10:16,1
11410106,천연동,2026-06-09 12:51,2026-06-09 09:51,-2.3387296815983943e-11,안전,80.12199855555555,40.975224,156.56117,0.0,0.0,0.0,0.0,0.0,0.0,,0.0,0.0,0.0,0.0,0.0,0.0,2026-06-09 10:16,1
11410111,홍제동,2026-06-09 12:51,2026-06-09 09:51,-2.856948089907513e-10,안전,92.6109649479452,28.819859,279.8353,0.0,0.0,0.0,0.0,0.0,0.0,,0.0,0.0,0.0,0.0,0.0,0.0,2026-06-09 10:16,1
11410113,대신동,2026-06-09 12:51,2026-06-09 09:51,1.7469937822627085e-11,안전,52.452480575757576,29.032843,95.14414,0.0,0.0,0.0,0.0,0.0,0.0,,0.0,0.0,0.0,0.0,0.0,0.0,2026-06-09 10:16,1
11410102,충정로3가,2026-06-09 12:51,2026-06-09 09:51,-1.4438896057273536e-10,안전,64.18151665517242,37.73313,95.49263,0.0,0.0,0.0,0.0,0.0,0.0,,0.0,0.0,0.0,0.0,0.0,0.0,2026-06-09 10:16,1
11410108,영천동,2026-06-09 12:51,2026-06-09 09:51,-2.4046001881269256e-10,안전,84.24771166666667,42.44188,155.05074,0.0,0.0,0.0,0.0,0.0,0.0,,0.0,0.0,0.0,0.0,0.0,0.0,2026-06-09 10:16,1
11410118,홍은동,2026-06-09 12:51,2026-06-09 09:51,4.813175291117627e-06,안전,95.18022909478672,21.624834,200.72255,4.0,0.5,0.5,124.575396215,249.15079243,0.0042015728858973,2025.0,0.0,0.0,0.0,0.0,0.0,0.0,2026-06-09 10:16,1
11410120,남가좌동,2026-06-09 12:51,2026-06-09 09:51,5.7354035253443646e-11,안전,29.42436155862069,17.208012,56.290432,0.0,0.0,0.0,0.0,0.0,0.0,,0.0,0.0,0.0,0.0,0.0,0.0,2026-06-09 10:16,1
11410119,북가좌동,2026-06-09 12:51,2026-06-09 09:51,6.200860360928817e-06,안전,20.74781195031056,10.67744,45.054295,78.0,0.4871794871794871,0.5,166.98747775538462,6360.719787344,0.0031278621361632,2025.0,0.0,0.0,0.0,0.0,0.0,0.0,2026-06-09 10:16,1
11440120,서교동,2026-06-09 12:51,2026-06-09 09:51,-1.0149814870802052e-10,안전,14.56729880882353,9.140631,25.850588,0.0,0.0,0.0,0.0,0.0,0.0,,0.0,0.0,0.0,0.0,0.0,0.0,2026-06-09 10:16,1
11440122,합정동,2026-06-09 12:51,2026-06-09 09:51,-3.565852727156238e-11,안전,9.270360191878172,2.4935954,19.267061,0.0,0.0,0.0,0.0,0.0,0.0,,0.0,0.0,0.0,0.0,0.0,0.0,2026-06-09 10:16,1
11440103,신공덕동,2026-06-09 12:51,2026-06-09 09:51,6.919169551185979e-11,안전,26.76691379310345,11.98882,55.671265,0.0,0.0,0.0,0.0,0.0,0.0,,0.0,0.0,0.0,0.0,0.0,0.0,2026-06-09 10:16,1
11440108,대흥동,2026-06-09 12:51,2026-06-09 09:51,4.3680383011504376e-11,안전,32.557116117647055,10.237853,82.425964,0.0,0.0,0.0,0.0,0.0,0.0,,0.0,0.0,0.0,0.0,0.0,0.0,2026-06-09 10:16,1
11440124,연남동,2026-06-09 12:51,2026-06-09 09:51,-6.317638796064217e-11,안전,13.364888182432432,10.82868,23.760618,0.0,0.0,0.0,0.0,0.0,0.0,,0.0,0.0,0.0,0.0,0.0,0.0,2026-06-09 10:16,1
11440112,현석동,2026-06-09 12:51,2026-06-09 09:51,-3.233189780808632e-11,안전,12.092804036363638,2.2886899,20.186203,0.0,0.0,0.0,0.0,0.0,0.0,,0.0,0.0,0.0,0.0,0.0,0.0,2026-06-09 10:16,1
11440106,토정동,2026-06-09 12:51,2026-06-09 09:51,-3.565852727156238e-11,안전,6.190020146153846,2.6228056,11.613306,0.0,0.0,0.0,0.0,0.0,0.0,,0.0,0.0,0.0,0.0,0.0,0.0,2026-06-09 10:16,1
11440126,중동,2026-06-09 12:51,2026-06-09 09:51,-1.964118479536474e-10,안전,16.816590038461538,10.18956,32.615555,0.0,0.0,0.0,0.0,0.0,0.0,,0.0,0.0,0.0,0.0,0.0,0.0,2026-06-09 10:16,1
11440123,망원동,2026-06-09 12:51,2026-06-09 09:51,-3.565852727156238e-11,안전,8.145401741584159,2.8155127,21.030586,0.0,0.0,0.0,0.0,0.0,0.0,,0.0,0.0,0.0,0.0,0.0,0.0,2026-06-09 10:16,1
11440117,신정동,2026-06-09 12:51,2026-06-09 09:51,-3.565852727156238e-11,안전,9.338149815384616,2.7582004,13.272732,0.0,0.0,0.0,0.0,0.0,0.0,,0.0,0.0,0.0,0.0,0.0,0.0,2026-06-09 10:16,1
11440102,공덕동,2026-06-09 12:51,2026-06-09 09:51,4.3680383011504376e-11,안전,29.696612102272727,9.82713,68.41812,0.0,0.0,0.0,0.0,0.0,0.0,,0.0,0.0,0.0,0.0,0.0,0.0,2026-06-09 10:16,1
11440118,당인동,2026-06-09 12:51,2026-06-09 09:51,-3.565852727156238e-11,안전,9.243127172222223,2.8014343,18.562107,0.0,0.0,0.0,0.0,0.0,0.0,,0.0,0.0,0.0,0.0,0.0,0.0,2026-06-09 10:16,1
11440115,상수동,2026-06-09 12:51,2026-06-09 09:51,-1.5720370738534435e-10,안전,19.35623382647059,2.771131,57.836006,0.0,0.0,0.0,0.0,0.0,0.0,,0.0,0.0,0.0,0.0,0.0,0.0,2026-06-09 10:16,1
11440113,구수동,2026-06-09 12:51,2026-06-09 09:51,-4.9502735718702925e-11,안전,12.791862285714286,11.858155,14.138609,0.0,0.0,0.0,0.0,0.0,0.0,,0.0,0.0,0.0,0.0,0.0,0.0,2026-06-09 10:16,1
11440121,동교동,2026-06-09 12:51,2026-06-09 09:51,-1.4119769578292106e-10,안전,14.320499434782608,10.464304,27.583908,0.0,0.0,0.0,0.0,0.0,0.0,,0.0,0.0,0.0,0.0,0.0,0.0,2026-06-09 10:16,1
11440127,상암동,2026-06-09 12:51,2026-06-09 09:51,-1.5720370738534435e-10,안전,21.70361832564901,2.8629327,102.01573,0.0,0.0,0.0,0.0,0.0,0.0,,0.0,0.0,0.0,0.0,0.0,0.0,2026-06-09 10:16,1
11440125,성산동,2026-06-09 12:51,2026-06-09 09:51,-1.483486504629998e-10,안전,19.384394003436427,8.934453,70.324844,0.0,0.0,0.0,0.0,0.0,0.0,,0.0,0.0,0.0,0.0,0.0,0.0,2026-06-09 10:16,1
11440114,창전동,2026-06-09 12:51,2026-06-09 09:51,5.7354035253443646e-11,안전,34.105666425925925,12.837082,82.18433,0.0,0.0,0.0,0.0,0.0,0.0,,0.0,0.0,0.0,0.0,0.0,0.0,2026-06-09 10:16,1
11440101,아현동,2026-06-09 12:51,2026-06-09 09:51,5.7354035253443646e-11,안전,45.15175465555555,18.625065,78.13385,0.0,0.0,0.0,0.0,0.0,0.0,,0.0,0.0,0.0,0.0,0.0,0.0,2026-06-09 10:16,1
11440109,염리동,2026-06-09 12:51,2026-06-09 09:51,6.889834931375593e-11,안전,29.27700821538461,9.392188,69.72048,0.0,0.0,0.0,0.0,0.0,0.0,,0.0,0.0,0.0,0.0,0.0,0.0,2026-06-09 10:16,1
11440105,용강동,2026-06-09 12:51,2026-06-09 09:51,-3.565852727156238e-11,안전,9.751270951428571,2.536584,17.972176,0.0,0.0,0.0,0.0,0.0,0.0,,0.0,0.0,0.0,0.0,0.0,0.0,2026-06-09 10:16,1
11440116,하중동,2026-06-09 12:51,2026-06-09 09:51,-3.565852727156238e-11,안전,9.474012154545456,2.7957292,14.720521,0.0,0.0,0.0,0.0,0.0,0.0,,0.0,0.0,0.0,0.0,0.0,0.0,2026-06-09 10:16,1
11440110,노고산동,2026-06-09 12:51,2026-06-09 09:51,-4.744945180388032e-11,안전,25.587798457142856,13.850852,60.374382,0.0,0.0,0.0,0.0,0.0,0.0,,0.0,0.0,0.0,0.0,0.0,0.0,2026-06-09 10:16,1
11440111,신수동,2026-06-09 12:51,2026-06-09 09:51,-1.8804819753790027e-10,안전,21.45088834848485,10.491035,67.95224,0.0,0.0,0.0,0.0,0.0,0.0,,0.0,0.0,0.0,0.0,0.0,0.0,2026-06-09 10:16,1
11440104,도화동,2026-06-09 12:51,2026-06-09 09:51,-1.5757241685582934e-10,안전,19.74731661764706,8.46045,54.64165,0.0,0.0,0.0,0.0,0.0,0.0,,0.0,0.0,0.0,0.0,0.0,0.0,2026-06-09 10:16,1
11440107,마포동,2026-06-09 12:51,2026-06-09 09:51,-5.2000236247524255e-11,안전,12.128750772,2.9823627,31.25294,0.0,0.0,0.0,0.0,0.0,0.0,,0.0,0.0,0.0,0.0,0.0,0.0,2026-06-09 10:16,1
11470101,신정동,2026-06-09 12:51,2026-06-09 09:51,4.429981629167971e-06,안전,22.570642965587528,5.060231,114.55102,1.0,0.3,0.3,388.06238865,116.418716595,0.000773071569867,2025.0,0.0,0.0,0.0,0.0,0.0,0.0,2026-06-09 10:16,1
11470103,신월동,2026-06-09 12:51,2026-06-09 09:51,9.016683927373101e-11,안전,28.898334813513515,8.710837,113.40089,0.0,0.0,0.0,0.0,0.0,0.0,,0.0,0.0,0.0,0.0,0.0,0.0,2026-06-09 10:16,1
11470102,목동,2026-06-09 12:51,2026-06-09 09:51,-1.1522394487351307e-10,안전,14.339368255609758,4.9497457,57.41862,0.0,0.0,0.0,0.0,0.0,0.0,,0.0,0.0,0.0,0.0,0.0,0.0,2026-06-09 10:16,1
11500102,등촌동,2026-06-09 12:51,2026-06-09 09:51,6.48067544933425e-06,안전,20.40409746091205,8.1119375,93.05777,2.0,0.5,0.5,379.90076486,379.90076486,0.0024947174802188,2025.0,0.0,0.0,0.0,0.0,0.0,0.0,2026-06-09 10:16,1
11500104,가양동,2026-06-09 12:51,2026-06-09 09:51,0.0001074931458048,안전,10.553558542804428,2.5645764,55.71153,1.0,0.5,0.5,1490.3185841,745.15929205,0.0003354987351928,2025.0,0.0,0.0,0.0,0.0,0.0,0.0,2026-06-09 10:16,1
11500108,공항동,2026-06-09 12:51,2026-06-09 09:51,6.579479354736898e-06,안전,12.387153273652697,7.2249556,20.505533,19.0,0.5,0.5,174.15767967000002,1654.497956865,0.003221455199262,2025.0,0.0,0.0,0.0,0.0,0.0,0.0,2026-06-09 10:16,1
11500109,방화동,2026-06-09 12:51,2026-06-09 09:51,6.569016835332204e-06,안전,17.270370085421412,2.6481192,111.18884,83.0,0.4975903614457831,0.5,224.3875268563856,8685.588891956,0.0033273366544993,2025.0,0.0,0.0,0.0,0.0,0.0,0.0,2026-06-09 10:16,1
11500111,과해동,2026-06-09 12:51,2026-06-09 09:51,-3.6027236742047356e-11,안전,11.03402829326923,7.0798926,17.825542,0.0,0.0,0.0,0.0,0.0,0.0,,0.0,0.0,0.0,0.0,0.0,0.0,2026-06-09 10:16,1
11500113,오쇠동,2026-06-09 12:51,2026-06-09 09:51,-3.6027236742047356e-11,안전,11.295233,8.057322,15.252694,0.0,0.0,0.0,0.0,0.0,0.0,,0.0,0.0,0.0,0.0,0.0,0.0,2026-06-09 10:16,1
11500112,오곡동,2026-06-09 12:51,2026-06-09 09:51,-1.6606879096471095e-11,안전,10.46287091082353,4.329431,17.521742,0.0,0.0,0.0,0.0,0.0,0.0,,0.0,0.0,0.0,0.0,0.0,0.0,2026-06-09 10:16,1
11500110,개화동,2026-06-09 12:51,2026-06-09 09:51,6.485085559572525e-06,안전,15.60351689907749,2.519872,106.4515,2.0,0.5,0.5,274.30504953,274.30504953,0.0018244258134871,2025.0,0.0,0.0,0.0,0.0,0.0,0.0,2026-06-09 10:16,1
11500107,외발산동,2026-06-09 12:51,2026-06-09 09:51,-1.3464430251908929e-10,안전,15.42852511513158,7.832044,42.927643,0.0,0.0,0.0,0.0,0.0,0.0,,0.0,0.0,0.0,0.0,0.0,0.0,2026-06-09 10:16,1
11500106,내발산동,2026-06-09 12:51,2026-06-09 09:51,6.581703059576034e-06,안전,16.61886817894737,8.59889,58.284985,17.0,0.5,0.5,229.75269767058825,1952.8979302,0.0025449199186923,2025.0,0.0,0.0,0.0,0.0,0.0,0.0,2026-06-09 10:16,1
11500101,염창동,2026-06-09 12:51,2026-06-09 09:51,7.298868957911795e-06,안전,11.840097488118811,2.9038932,38.57307,1.0,0.5,0.5,222.96344851,111.481724255,0.0022425200334016,2025.0,0.0,0.0,0.0,0.0,0.0,0.0,2026-06-09 10:16,1
11500103,화곡동,2026-06-09 12:51,2026-06-09 09:51,5.50611196485862e-06,안전,28.3601211611797,8.220411,102.33158,3.0,0.5,0.5,190.62724942666668,285.94087414,0.0026442356094572,2025.0,0.0,0.0,0.0,0.0,0.0,0.0,2026-06-09 10:16,1
11500105,마곡동,2026-06-09 12:51,2026-06-09 09:51,0.0001072586748639,안전,8.774832077947297,1.6998374,39.72643,14.0,0.5,0.5,974.5607138221428,6821.924996755,0.0015160512139806,2025.0,0.0,0.0,0.0,0.0,0.0,0.0,2026-06-09 10:16,1
11530111,천왕동,2026-06-09 12:51,2026-06-09 09:51,4.3680383011504376e-11,안전,38.030642903409095,10.161842,113.92295,0.0,0.0,0.0,0.0,0.0,0.0,,0.0,0.0,0.0,0.0,0.0,0.0,2026-06-09 10:16,1
11530107,개봉동,2026-06-09 12:51,2026-06-09 09:51,7.816167134832703e-11,안전,27.79869983603604,5.434618,106.75999,0.0,0.0,0.0,0.0,0.0,0.0,,0.0,0.0,0.0,0.0,0.0,0.0,2026-06-09 10:16,1
11530106,고척동,2026-06-09 12:51,2026-06-09 09:51,-1.765057710494271e-11,안전,23.237894030120483,8.906552,58.56977,0.0,0.0,0.0,0.0,0.0,0.0,,0.0,0.0,0.0,0.0,0.0,0.0,2026-06-09 10:16,1
11530110,온수동,2026-06-09 12:51,2026-06-09 09:51,1.379939205339186e-11,안전,49.80686745360825,22.084124,104.78843,0.0,0.0,0.0,0.0,0.0,0.0,,0.0,0.0,0.0,0.0,0.0,0.0,2026-06-09 10:16,1
11530108,오류동,2026-06-09 12:51,2026-06-09 09:51,5.7354035253443646e-11,안전,33.315007657088124,12.85484,101.651535,0.0,0.0,0.0,0.0,0.0,0.0,,0.0,0.0,0.0,0.0,0.0,0.0,2026-06-09 10:16,1
11530102,구로동,2026-06-09 12:51,2026-06-09 09:51,-1.1869426084229291e-11,안전,13.465938754695223,4.4380007,29.33465,0.0,0.0,0.0,0.0,0.0,0.0,,0.0,0.0,0.0,0.0,0.0,0.0,2026-06-09 10:16,1
11530109,궁동,2026-06-09 12:51,2026-06-09 09:51,5.7354035253443646e-11,안전,49.8820147363184,18.619068,119.603455,0.0,0.0,0.0,0.0,0.0,0.0,,0.0,0.0,0.0,0.0,0.0,0.0,2026-06-09 10:16,1
11530112,항동,2026-06-09 12:51,2026-06-09 09:51,5.7354035253443646e-11,안전,38.12945662264151,16.128885,118.94605,0.0,0.0,0.0,0.0,0.0,0.0,,0.0,0.0,0.0,0.0,0.0,0.0,2026-06-09 10:16,1
11530101,신도림동,2026-06-09 12:51,2026-06-09 09:51,-1.6606879096471095e-11,안전,8.831506656329115,4.0823517,12.527353,0.0,0.0,0.0,0.0,0.0,0.0,,0.0,0.0,0.0,0.0,0.0,0.0,2026-06-09 10:16,1
11530103,가리봉동,2026-06-09 12:51,2026-06-09 09:51,-1.5152554321195788e-10,안전,17.086720195652173,9.277121,27.056507,0.0,0.0,0.0,0.0,0.0,0.0,,0.0,0.0,0.0,0.0,0.0,0.0,2026-06-09 10:16,1
11545102,독산동,2026-06-09 12:51,2026-06-09 09:51,-3.0647323363748666e-11,안전,25.67229258768268,8.065707,104.83881,0.0,0.0,0.0,0.0,0.0,0.0,,0.0,0.0,0.0,0.0,0.0,0.0,2026-06-09 10:16,1
11545101,가산동,2026-06-09 12:51,2026-06-09 09:51,-5.5695575181485265e-11,안전,10.548472842105264,6.3839455,29.543598,0.0,0.0,0.0,0.0,0.0,0.0,,0.0,0.0,0.0,0.0,0.0,0.0,2026-06-09 10:16,1
11545103,시흥동,2026-06-09 12:51,2026-06-09 09:51,-9.403929524359044e-11,안전,69.31484539551192,9.654104,353.34326,0.0,0.0,0.0,0.0,0.0,0.0,,0.0,0.0,0.0,0.0,0.0,0.0,2026-06-09 10:16,1
11560122,문래동4가,2026-06-09 12:51,2026-06-09 09:51,-3.6027236742047356e-11,안전,8.96873684090909,7.2484655,9.925154,0.0,0.0,0.0,0.0,0.0,0.0,,0.0,0.0,0.0,0.0,0.0,0.0,2026-06-09 10:16,1
11560102,영등포동1가,2026-06-09 12:51,2026-06-09 09:51,-6.650301742411823e-11,안전,11.0985387,9.824901,17.54937,0.0,0.0,0.0,0.0,0.0,0.0,,0.0,0.0,0.0,0.0,0.0,0.0,2026-06-09 10:16,1
11560104,영등포동3가,2026-06-09 12:51,2026-06-09 09:51,-4.128505112186667e-11,안전,10.334834035714286,9.580025,11.479326,0.0,0.0,0.0,0.0,0.0,0.0,,0.0,0.0,0.0,0.0,0.0,0.0,2026-06-09 10:16,1
11560124,문래동6가,2026-06-09 12:51,2026-06-09 09:51,-1.6606879096471095e-11,안전,8.503507517647058,4.082879,11.91638,0.0,0.0,0.0,0.0,0.0,0.0,,0.0,0.0,0.0,0.0,0.0,0.0,2026-06-09 10:16,1
11560107,영등포동6가,2026-06-09 12:51,2026-06-09 09:51,-4.128505112186667e-11,안전,9.731193409090908,9.355965,10.661109,0.0,0.0,0.0,0.0,0.0,0.0,,0.0,0.0,0.0,0.0,0.0,0.0,2026-06-09 10:16,1
11560103,영등포동2가,2026-06-09 12:51,2026-06-09 09:51,-3.6027236742047356e-11,안전,11.37307875,7.13495,14.231529,0.0,0.0,0.0,0.0,0.0,0.0,,0.0,0.0,0.0,0.0,0.0,0.0,2026-06-09 10:16,1
11560114,당산동4가,2026-06-09 12:51,2026-06-09 09:51,-2.680347034921778e-11,안전,10.173229411764703,9.028253,11.256527,0.0,0.0,0.0,0.0,0.0,0.0,,0.0,0.0,0.0,0.0,0.0,0.0,2026-06-09 10:16,1
11560125,양평동1가,2026-06-09 12:51,2026-06-09 09:51,-3.6027236742047356e-11,안전,8.766629,8.081637,9.7242,0.0,0.0,0.0,0.0,0.0,0.0,,0.0,0.0,0.0,0.0,0.0,0.0,2026-06-09 10:16,1
11560126,양평동2가,2026-06-09 12:51,2026-06-09 09:51,-3.6027236742047356e-11,안전,9.036515770833333,7.4107375,11.753192,0.0,0.0,0.0,0.0,0.0,0.0,,0.0,0.0,0.0,0.0,0.0,0.0,2026-06-09 10:16,1
11560108,영등포동7가,2026-06-09 12:51,2026-06-09 09:51,-4.128505112186667e-11,안전,10.662419833333333,9.274869,13.428372,0.0,0.0,0.0,0.0,0.0,0.0,,0.0,0.0,0.0,0.0,0.0,0.0,2026-06-09 10:16,1
11560110,여의도동,2026-06-09 12:51,2026-06-09 09:51,-3.565852727156238e-11,안전,7.969784531995885,2.5190203,21.572191,0.0,0.0,0.0,0.0,0.0,0.0,,0.0,0.0,0.0,0.0,0.0,0.0,2026-06-09 10:16,1
11560131,양화동,2026-06-09 12:51,2026-06-09 09:51,-5.532686571100032e-11,안전,7.359284922916667,2.6261652,36.221058,0.0,0.0,0.0,0.0,0.0,0.0,,0.0,0.0,0.0,0.0,0.0,0.0,2026-06-09 10:16,1
11560117,당산동,2026-06-09 12:51,2026-06-09 09:51,-3.565852727156238e-11,안전,9.5000811,2.5889874,15.525344,0.0,0.0,0.0,0.0,0.0,0.0,,0.0,0.0,0.0,0.0,0.0,0.0,2026-06-09 10:16,1
11560134,양평동,2026-06-09 12:51,2026-06-09 09:51,-4.6502451415439256e-11,안전,6.805495930769231,3.6576738,13.062513,0.0,0.0,0.0,0.0,0.0,0.0,,0.0,0.0,0.0,0.0,0.0,0.0,2026-06-09 10:16,1
11560123,문래동5가,2026-06-09 12:51,2026-06-09 09:51,-1.6606879096471095e-11,안전,8.7415737,4.3643513,12.40482,0.0,0.0,0.0,0.0,0.0,0.0,,0.0,0.0,0.0,0.0,0.0,0.0,2026-06-09 10:16,1
11560121,문래동3가,2026-06-09 12:51,2026-06-09 09:51,-4.128505112186667e-11,안전,10.533689326666666,9.288844,13.35777,0.0,0.0,0.0,0.0,0.0,0.0,,0.0,0.0,0.0,0.0,0.0,0.0,2026-06-09 10:16,1
11560129,양평동5가,2026-06-09 12:51,2026-06-09 09:51,-3.6027236742047356e-11,안전,9.23198648,8.6227865,11.067818,0.0,0.0,0.0,0.0,0.0,0.0,,0.0,0.0,0.0,0.0,0.0,0.0,2026-06-09 10:16,1
11560130,양평동6가,2026-06-09 12:51,2026-06-09 09:51,-3.6027236742047356e-11,안전,10.263100653846154,8.616658,17.037992,0.0,0.0,0.0,0.0,0.0,0.0,,0.0,0.0,0.0,0.0,0.0,0.0,2026-06-09 10:16,1
11560101,영등포동,2026-06-09 12:51,2026-06-09 09:51,-1.4119769578292106e-10,안전,15.107067698529413,10.4507675,24.8314,0.0,0.0,0.0,0.0,0.0,0.0,,0.0,0.0,0.0,0.0,0.0,0.0,2026-06-09 10:16,1
11560113,당산동3가,2026-06-09 12:51,2026-06-09 09:51,-3.6027236742047356e-11,안전,9.971085875,8.79937,11.152018,0.0,0.0,0.0,0.0,0.0,0.0,,0.0,0.0,0.0,0.0,0.0,0.0,2026-06-09 10:16,1
11560111,당산동1가,2026-06-09 12:51,2026-06-09 09:51,-4.128505112186667e-11,안전,9.99982332,9.464602,10.720996,0.0,0.0,0.0,0.0,0.0,0.0,,0.0,0.0,0.0,0.0,0.0,0.0,2026-06-09 10:16,1
11560118,도림동,2026-06-09 12:51,2026-06-09 09:51,-1.0008732515925476e-10,안전,15.857164223880597,9.249484,29.385237,0.0,0.0,0.0,0.0,0.0,0.0,,0.0,0.0,0.0,0.0,0.0,0.0,2026-06-09 10:16,1
11560120,문래동2가,2026-06-09 12:51,2026-06-09 09:51,-3.6027236742047356e-11,안전,9.967369011764706,6.6855907,13.055486,0.0,0.0,0.0,0.0,0.0,0.0,,0.0,0.0,0.0,0.0,0.0,0.0,2026-06-09 10:16,1
11560119,문래동1가,2026-06-09 12:51,2026-06-09 09:51,-4.128505112186667e-11,안전,11.020647631578948,9.423575,12.96485,0.0,0.0,0.0,0.0,0.0,0.0,,0.0,0.0,0.0,0.0,0.0,0.0,2026-06-09 10:16,1
11560112,당산동2가,2026-06-09 12:51,2026-06-09 09:51,-2.680347034921778e-11,안전,9.777750764705884,9.106392,10.853806,0.0,0.0,0.0,0.0,0.0,0.0,,0.0,0.0,0.0,0.0,0.0,0.0,2026-06-09 10:16,1
11560115,당산동5가,2026-06-09 12:51,2026-06-09 09:51,-6.650301742411823e-11,안전,11.644082606060609,10.077119,12.534338,0.0,0.0,0.0,0.0,0.0,0.0,,0.0,0.0,0.0,0.0,0.0,0.0,2026-06-09 10:16,1
11560116,당산동6가,2026-06-09 12:51,2026-06-09 09:51,-4.9502735718702925e-11,안전,12.54831652777778,11.741221,14.139359,0.0,0.0,0.0,0.0,0.0,0.0,,0.0,0.0,0.0,0.0,0.0,0.0,2026-06-09 10:16,1
11560106,영등포동5가,2026-06-09 12:51,2026-06-09 09:51,-2.680347034921778e-11,안전,9.386672363636364,9.112063,9.693097,0.0,0.0,0.0,0.0,0.0,0.0,,0.0,0.0,0.0,0.0,0.0,0.0,2026-06-09 10:16,1
11560105,영등포동4가,2026-06-09 12:51,2026-06-09 09:51,-4.128505112186667e-11,안전,10.720442565217391,9.490071,11.546047,0.0,0.0,0.0,0.0,0.0,0.0,,0.0,0.0,0.0,0.0,0.0,0.0,2026-06-09 10:16,1
11560109,영등포동8가,2026-06-09 12:51,2026-06-09 09:51,-4.128505112186667e-11,안전,11.2369515,9.594083,14.636493,0.0,0.0,0.0,0.0,0.0,0.0,,0.0,0.0,0.0,0.0,0.0,0.0,2026-06-09 10:16,1
11560127,양평동3가,2026-06-09 12:51,2026-06-09 09:51,-1.6606879096471095e-11,안전,8.90105557090909,4.3090606,11.5077095,0.0,0.0,0.0,0.0,0.0,0.0,,0.0,0.0,0.0,0.0,0.0,0.0,2026-06-09 10:16,1
11560133,대림동,2026-06-09 12:51,2026-06-09 09:51,-3.2700607278571304e-11,안전,12.815823745652173,7.98966,21.233276,0.0,0.0,0.0,0.0,0.0,0.0,,0.0,0.0,0.0,0.0,0.0,0.0,2026-06-09 10:16,1
11560128,양평동4가,2026-06-09 12:51,2026-06-09 09:51,-2.680347034921778e-11,안전,10.773490646341465,8.879485,13.274617,0.0,0.0,0.0,0.0,0.0,0.0,,0.0,0.0,0.0,0.0,0.0,0.0,2026-06-09 10:16,1
11560132,신길동,2026-06-09 12:51,2026-06-09 09:51,4.117226435797186e-06,안전,19.442070557142856,5.5104394,40.844177,1.0,0.3,0.3,139.88050417,41.964151251,0.0021446877231397,2025.0,0.0,0.0,0.0,0.0,0.0,0.0,2026-06-09 10:16,1
11590102,상도동,2026-06-09 12:51,2026-06-09 09:51,4.242601136806232e-06,안전,62.704285850490194,23.761944,155.68463,2.0,0.3,0.3,402.94502733,241.767016398,0.0010019123566171,2025.0,0.0,0.0,0.0,0.0,0.0,0.0,2026-06-09 10:16,1
11590101,노량진동,2026-06-09 12:51,2026-06-09 09:51,-1.3815205921025307e-10,안전,22.240619363742688,4.0686083,58.707767,0.0,0.0,0.0,0.0,0.0,0.0,,0.0,0.0,0.0,0.0,0.0,0.0,2026-06-09 10:16,1
11590103,상도1동,2026-06-09 12:51,2026-06-09 09:51,4.271523690628169e-06,안전,54.041235,40.201122,72.79081,1.0,0.3,0.3,198.71006953,59.613020859,0.0015097372805997,2025.0,0.0,0.0,0.0,0.0,0.0,0.0,2026-06-09 10:16,1
11590108,대방동,2026-06-09 12:51,2026-06-09 09:51,8.599382395199146e-11,안전,27.6766832511236,5.914442,73.15008,0.0,0.0,0.0,0.0,0.0,0.0,,0.0,0.0,0.0,0.0,0.0,0.0,2026-06-09 10:16,1
11590109,신대방동,2026-06-09 12:51,2026-06-09 09:51,-4.744945180388032e-11,안전,24.557251338624337,12.923258,48.529892,0.0,0.0,0.0,0.0,0.0,0.0,,0.0,0.0,0.0,0.0,0.0,0.0,2026-06-09 10:16,1
11590105,흑석동,2026-06-09 12:51,2026-06-09 09:51,6.368094902018333e-11,안전,40.27731962319588,3.5327506,141.52989,0.0,0.0,0.0,0.0,0.0,0.0,,0.0,0.0,0.0,0.0,0.0,0.0,2026-06-09 10:16,1
11590107,사당동,2026-06-09 12:51,2026-06-09 09:51,5.7354035253443646e-11,안전,49.11132751591512,13.57765,140.31044,0.0,0.0,0.0,0.0,0.0,0.0,,0.0,0.0,0.0,0.0,0.0,0.0,2026-06-09 10:16,1
11590106,동작동,2026-06-09 12:51,2026-06-09 09:51,1.0958719691930727e-10,안전,48.87139909072581,3.907203,156.24435,0.0,0.0,0.0,0.0,0.0,0.0,,0.0,0.0,0.0,0.0,0.0,0.0,2026-06-09 10:16,1
11590104,본동,2026-06-09 12:51,2026-06-09 09:51,-3.027861389326369e-11,안전,24.236929030952385,3.113622,83.39742,0.0,0.0,0.0,0.0,0.0,0.0,,0.0,0.0,0.0,0.0,0.0,0.0,2026-06-09 10:16,1
11620101,봉천동,2026-06-09 12:51,2026-06-09 09:51,7.962622729034886e-10,안전,84.24638815665236,20.015844,361.71997,0.0,0.0,0.0,0.0,0.0,0.0,,0.0,0.0,0.0,0.0,0.0,0.0,2026-06-09 10:16,1
11620102,신림동,2026-06-09 12:51,2026-06-09 09:51,-1.919309159476241e-09,안전,142.11356934112823,12.921751,569.0684,0.0,0.0,0.0,0.0,0.0,0.0,,0.0,0.0,0.0,0.0,0.0,0.0,2026-06-09 10:16,1
11620103,남현동,2026-06-09 12:51,2026-06-09 09:51,-1.5538604246816103e-09,안전,163.05008768617023,20.805378,458.4303,0.0,0.0,0.0,0.0,0.0,0.0,,0.0,0.0,0.0,0.0,0.0,0.0,2026-06-09 10:16,1
11650109,내곡동,2026-06-09 12:51,2026-06-09 09:51,1.653454710734332e-11,안전,103.60017786503718,33.810043,281.31284,0.0,0.0,0.0,0.0,0.0,0.0,,0.0,0.0,0.0,0.0,0.0,0.0,2026-06-09 10:16,1
11650104,원지동,2026-06-09 12:51,2026-06-09 09:51,-1.5974150678816635e-09,안전,157.54195391609588,22.18903,476.8609,0.0,0.0,0.0,0.0,0.0,0.0,,0.0,0.0,0.0,0.0,0.0,0.0,2026-06-09 10:16,1
11650102,양재동,2026-06-09 12:51,2026-06-09 09:51,5.7354035253443646e-11,안전,30.63892008172043,15.217745,154.24567,0.0,0.0,0.0,0.0,0.0,0.0,,0.0,0.0,0.0,0.0,0.0,0.0,2026-06-09 10:16,1
11650111,신원동,2026-06-09 12:51,2026-06-09 09:51,-1.969053756126406e-10,안전,95.49153216293932,20.6403,255.4697,0.0,0.0,0.0,0.0,0.0,0.0,,0.0,0.0,0.0,0.0,0.0,0.0,2026-06-09 10:16,1
11650101,방배동,2026-06-09 12:51,2026-06-09 09:51,1.0306115143579592e-10,안전,53.69307536280884,8.9079485,236.53679,0.0,0.0,0.0,0.0,0.0,0.0,,0.0,0.0,0.0,0.0,0.0,0.0,2026-06-09 10:16,1
11650103,우면동,2026-06-09 12:51,2026-06-09 09:51,-2.4214016579069927e-10,안전,90.7411357834395,20.665667,277.11456,0.0,0.0,0.0,0.0,0.0,0.0,,0.0,0.0,0.0,0.0,0.0,0.0,2026-06-09 10:16,1
11650110,염곡동,2026-06-09 12:51,2026-06-09 09:51,-2.5067443793990728e-11,안전,80.02330734920635,20.952366,275.86954,0.0,0.0,0.0,0.0,0.0,0.0,,0.0,0.0,0.0,0.0,0.0,0.0,2026-06-09 10:16,1
11650108,서초동,2026-06-09 12:51,2026-06-09 09:51,4.3680383011504376e-11,안전,40.23672501020408,11.396707,218.45137,0.0,0.0,0.0,0.0,0.0,0.0,,0.0,0.0,0.0,0.0,0.0,0.0,2026-06-09 10:16,1
11650107,반포동,2026-06-09 12:51,2026-06-09 09:51,-2.336865316323968e-10,안전,16.367323746892136,0.31276453,87.791245,0.0,0.0,0.0,0.0,0.0,0.0,,0.0,0.0,0.0,0.0,0.0,0.0,2026-06-09 10:16,1
11650106,잠원동,2026-06-09 12:51,2026-06-09 09:51,-5.532686571100032e-11,안전,10.549023451156067,2.8889709,31.77126,0.0,0.0,0.0,0.0,0.0,0.0,,0.0,0.0,0.0,0.0,0.0,0.0,2026-06-09 10:16,1
11680106,대치동,2026-06-09 12:51,2026-06-09 09:51,-1.6540456945949372e-10,안전,19.63960681461187,5.82603,42.829456,0.0,0.0,0.0,0.0,0.0,0.0,,0.0,0.0,0.0,0.0,0.0,0.0,2026-06-09 10:16,1
11680103,개포동,2026-06-09 12:51,2026-06-09 09:51,4.884597445832653e-06,안전,50.02724863461538,9.934096,262.7295,1.0,0.3,0.3,418.27114397,125.481343191,0.0007172380985993,2025.0,0.0,0.0,0.0,0.0,0.0,0.0,2026-06-09 10:16,1
11680111,세곡동,2026-06-09 12:51,2026-06-09 09:51,5.7354035253443646e-11,안전,39.76636713138686,13.32097,153.91563,0.0,0.0,0.0,0.0,0.0,0.0,,0.0,0.0,0.0,0.0,0.0,0.0,2026-06-09 10:16,1
11680107,신사동,2026-06-09 12:51,2026-06-09 09:51,-1.655673578010915e-10,안전,17.002906000502513,2.8468049,30.036734,0.0,0.0,0.0,0.0,0.0,0.0,,0.0,0.0,0.0,0.0,0.0,0.0,2026-06-09 10:16,1
11680110,압구정동,2026-06-09 12:51,2026-06-09 09:51,-5.532686571100032e-11,안전,10.686374056065572,2.3843305,29.800486,0.0,0.0,0.0,0.0,0.0,0.0,,0.0,0.0,0.0,0.0,0.0,0.0,2026-06-09 10:16,1
11680113,율현동,2026-06-09 12:51,2026-06-09 09:51,-4.744945180388032e-11,안전,24.511134908163264,12.010421,55.45317,0.0,0.0,0.0,0.0,0.0,0.0,,0.0,0.0,0.0,0.0,0.0,0.0,2026-06-09 10:16,1
11680114,일원동,2026-06-09 12:51,2026-06-09 09:51,9.016683927373101e-11,안전,49.20355867837078,8.224318,256.46487,0.0,0.0,0.0,0.0,0.0,0.0,,0.0,0.0,0.0,0.0,0.0,0.0,2026-06-09 10:16,1
11680112,자곡동,2026-06-09 12:51,2026-06-09 09:51,-1.233011780105312e-10,안전,58.302981964052286,11.48705,230.87195,0.0,0.0,0.0,0.0,0.0,0.0,,0.0,0.0,0.0,0.0,0.0,0.0,2026-06-09 10:16,1
11680115,수서동,2026-06-09 12:51,2026-06-09 09:51,9.939060566656059e-11,안전,39.67474433496732,9.131386,206.85985,0.0,0.0,0.0,0.0,0.0,0.0,,0.0,0.0,0.0,0.0,0.0,0.0,2026-06-09 10:16,1
11680105,삼성동,2026-06-09 12:51,2026-06-09 09:51,1.0659748311556206e-11,안전,29.41284611607629,-0.9078505,62.203514,0.0,0.0,0.0,0.0,0.0,0.0,,0.0,0.0,0.0,0.0,0.0,0.0,2026-06-09 10:16,1
11680108,논현동,2026-06-09 12:51,2026-06-09 09:51,5.7354035253443646e-11,안전,38.986130501612905,14.829831,72.43284,0.0,0.0,0.0,0.0,0.0,0.0,,0.0,0.0,0.0,0.0,0.0,0.0,2026-06-09 10:16,1
11680101,역삼동,2026-06-09 12:51,2026-06-09 09:51,5.7354035253443646e-11,안전,35.358025605459055,17.37426,65.946815,0.0,0.0,0.0,0.0,0.0,0.0,,0.0,0.0,0.0,0.0,0.0,0.0,2026-06-09 10:16,1
11680104,청담동,2026-06-09 12:51,2026-06-09 09:51,-2.650563402728732e-11,안전,22.765734477238805,2.2490907,59.013775,0.0,0.0,0.0,0.0,0.0,0.0,,0.0,0.0,0.0,0.0,0.0,0.0,2026-06-09 10:16,1
11680118,도곡동,2026-06-09 12:51,2026-06-09 09:51,5.7354035253443646e-11,안전,28.49872902360515,13.358118,72.31012,0.0,0.0,0.0,0.0,0.0,0.0,,0.0,0.0,0.0,0.0,0.0,0.0,2026-06-09 10:16,1
11710113,거여동,2026-06-09 12:51,2026-06-09 09:51,1.379939205339186e-11,안전,41.53149259774436,21.848558,64.77485,0.0,0.0,0.0,0.0,0.0,0.0,,0.0,0.0,0.0,0.0,0.0,0.0,2026-06-09 10:16,1
11710109,장지동,2026-06-09 12:51,2026-06-09 09:51,-6.112310404581955e-11,안전,25.56411204560261,10.817848,49.87408,0.0,0.0,0.0,0.0,0.0,0.0,,0.0,0.0,0.0,0.0,0.0,0.0,2026-06-09 10:16,1
11710108,문정동,2026-06-09 12:51,2026-06-09 09:51,-5.735012417984319e-11,안전,23.255639275167784,10.015591,47.230793,0.0,0.0,0.0,0.0,0.0,0.0,,0.0,0.0,0.0,0.0,0.0,0.0,2026-06-09 10:16,1
11710111,방이동,2026-06-09 12:51,2026-06-09 09:51,-1.8804819753790027e-10,안전,19.7361764122807,10.001701,38.361588,0.0,0.0,0.0,0.0,0.0,0.0,,0.0,0.0,0.0,0.0,0.0,0.0,2026-06-09 10:16,1
11710112,오금동,2026-06-09 12:51,2026-06-09 09:51,5.7354035253443646e-11,안전,28.649759566137565,20.140541,54.669487,0.0,0.0,0.0,0.0,0.0,0.0,,0.0,0.0,0.0,0.0,0.0,0.0,2026-06-09 10:16,1
11710107,가락동,2026-06-09 12:51,2026-06-09 09:51,-2.142355697091908e-11,안전,24.92001252911392,8.87311,49.735783,0.0,0.0,0.0,0.0,0.0,0.0,,0.0,0.0,0.0,0.0,0.0,0.0,2026-06-09 10:16,1
11710106,삼전동,2026-06-09 12:51,2026-06-09 09:51,-1.1072191510085009e-10,안전,14.161106905405406,8.733192,16.529833,0.0,0.0,0.0,0.0,0.0,0.0,,0.0,0.0,0.0,0.0,0.0,0.0,2026-06-09 10:16,1
11710105,석촌동,2026-06-09 12:51,2026-06-09 09:51,-1.2752404354098184e-10,안전,14.943626401869158,12.257818,17.524975,0.0,0.0,0.0,0.0,0.0,0.0,,0.0,0.0,0.0,0.0,0.0,0.0,2026-06-09 10:16,1
11710103,풍납동,2026-06-09 12:51,2026-06-09 09:51,-1.1072191510085009e-10,안전,14.080688512043796,6.314212,20.943531,0.0,0.0,0.0,0.0,0.0,0.0,,0.0,0.0,0.0,0.0,0.0,0.0,2026-06-09 10:16,1
11710104,송파동,2026-06-09 12:51,2026-06-09 09:51,-1.83794148559099e-10,안전,21.95869003921569,10.884964,34.791466,0.0,0.0,0.0,0.0,0.0,0.0,,0.0,0.0,0.0,0.0,0.0,0.0,2026-06-09 10:16,1
11710101,잠실동,2026-06-09 12:51,2026-06-09 09:51,-3.233189780808632e-11,안전,13.097372470351758,2.9375145,18.653538,0.0,0.0,0.0,0.0,0.0,0.0,,0.0,0.0,0.0,0.0,0.0,0.0,2026-06-09 10:16,1
11710114,마천동,2026-06-09 12:51,2026-06-09 09:51,1.379939205339186e-11,안전,44.06313044099379,22.850306,124.86981,0.0,0.0,0.0,0.0,0.0,0.0,,0.0,0.0,0.0,0.0,0.0,0.0,2026-06-09 10:16,1
11710102,신천동,2026-06-09 12:51,2026-06-09 09:51,-3.565852727156238e-11,안전,9.175441971805274,2.7878728,19.266863,0.0,0.0,0.0,0.0,0.0,0.0,,0.0,0.0,0.0,0.0,0.0,0.0,2026-06-09 10:16,1
11740102,고덕동,2026-06-09 12:51,2026-06-09 09:51,6.632401108991082e-11,안전,27.97887595485961,5.222067,73.22908,0.0,0.0,0.0,0.0,0.0,0.0,,0.0,0.0,0.0,0.0,0.0,0.0,2026-06-09 10:16,1
11740106,둔촌동,2026-06-09 12:51,2026-06-09 09:51,5.7354035253443646e-11,안전,32.852801600719424,17.05501,93.48019,0.0,0.0,0.0,0.0,0.0,0.0,,0.0,0.0,0.0,0.0,0.0,0.0,2026-06-09 10:16,1
11740109,천호동,2026-06-09 12:51,2026-06-09 09:51,-1.5757241685582934e-10,안전,18.95034485257143,6.40948,41.191315,0.0,0.0,0.0,0.0,0.0,0.0,,0.0,0.0,0.0,0.0,0.0,0.0,2026-06-09 10:16,1
11740103,상일동,2026-06-09 12:51,2026-06-09 09:51,5.7354035253443646e-11,안전,31.836603179640715,18.160275,59.5588,0.0,0.0,0.0,0.0,0.0,0.0,,0.0,0.0,0.0,0.0,0.0,0.0,2026-06-09 10:16,1
11740108,성내동,2026-06-09 12:51,2026-06-09 09:51,-1.6306985727227027e-10,안전,16.637654415555556,13.658516,27.347078,0.0,0.0,0.0,0.0,0.0,0.0,,0.0,0.0,0.0,0.0,0.0,0.0,2026-06-09 10:16,1
11740105,길동,2026-06-09 12:51,2026-06-09 09:51,6.919169551185979e-11,안전,27.78259753475936,17.220875,81.21042,0.0,0.0,0.0,0.0,0.0,0.0,,0.0,0.0,0.0,0.0,0.0,0.0,2026-06-09 10:16,1
11740110,강일동,2026-06-09 12:51,2026-06-09 09:51,-1.5331836787702808e-10,안전,20.54592838188976,6.30097,36.641033,0.0,0.0,0.0,0.0,0.0,0.0,,0.0,0.0,0.0,0.0,0.0,0.0,2026-06-09 10:16,1
11740101,명일동,2026-06-09 12:51,2026-06-09 09:51,5.7354035253443646e-11,안전,34.45357417142857,20.92691,77.71681,0.0,0.0,0.0,0.0,0.0,0.0,,0.0,0.0,0.0,0.0,0.0,0.0,2026-06-09 10:16,1
11740107,암사동,2026-06-09 12:51,2026-06-09 09:51,-1.3815205921025307e-10,안전,19.204394862126865,4.3708935,66.38702,0.0,0.0,0.0,0.0,0.0,0.0,,0.0,0.0,0.0,0.0,0.0,0.0,2026-06-09 10:16,1
