F_SHIM,F_AREA,F_ZONE_NM,F_YR,FLOOD_SCALE,FLOOD_DEPTH_PER_AREA,FLOOD_RISK
0.3,106.09166321,서울특별시 종로구 삼청동 98-1 1층,2025,31.827498962999996,0.002827743395879975,낮음
0.3,665.42416057,서울특별시 종로구 구기동 136-4 1층,2025,199.627248171,0.00045084025765313514,낮음
0.3,105.17877846,서울특별시 종로구 누상동 9,2025,31.553633538,0.0028522864059891267,낮음
0.1,190.27451514,서울특별시 은평구 갈현동 329-9 지하 2호,2025,19.027451514000003,0.0005255564568193596,낮음
0.3,527.94198105,서울특별시 종로구 평창동 474-20 102호,2025,158.38259431499998,0.0005682442593471039,낮음
0.3,758.00540393,서울특별시 종로구 평창동 417-5,2025,227.40162117900002,0.00039577554255497665,낮음
0.1,126.63360857,서울특별시 은평구 불광동 353-12 지층 우측,2025,12.663360857,0.0007896797787668067,낮음
0.1,128.54941309,서울특별시 은평구 응암동 594-42 지층안쪽,2025,12.854941309,0.0007779109806591494,낮음
0.3,84.23723761,서울특별시 종로구 신영동 134-3,2025,25.271171282999997,0.003561370345368333,낮음
0.3,632.56354221,서울특별시 종로구 평창동 533-1,2025,189.769062663,0.00047426065522506073,낮음
0.3,157.26379401,서울특별시 종로구 신영동 116 1층,2025,47.179138203,0.0019076228059264789,낮음
0.3,51.25908389,서울특별시 종로구 신영동 135-1,2025,15.377725167,0.005852621179180423,낮음
0.3,171.99315293,서울특별시 종로구 신영동 135-2 없음연립 102호,2025,51.597945879,0.0017442554827871424,낮음
0.1,29.55141991,"서울특별시 은평구 불광동 310-86 연서시장, 1층 신흥상회",2025,2.955141991,0.0033839321529914265,낮음
0.1,5169.37983584,서울특별시 은평구 진관동 290-22,2025,516.937983584,1.9344680247074642e-05,낮음
0.1,119.8779968,서울특별시 은평구 응암동 584-18 102호 다온헤어,2025,11.987799680000002,0.0008341814400422146,낮음
0.5,193.54830608,서울특별시 강서구 공항동 21-3 b01호,2025,96.77415304,0.002583334414682675,낮음
0.1,680.64951822,서울특별시 은평구 불광동 391-68 103호,2025,68.064951822,0.00014691849082845886,낮음
0.1,774.89283391,서울특별시 은평구 불광동 308-19 1층,2025,77.48928339100001,0.00012905010296122382,낮음
0.1,397.86888763,서울특별시 은평구 구산동 339-1 비동 지층 나호,2025,39.78688876300001,0.00025133907955375356,낮음
0.15,158.71470954,서울특별시 노원구 월계동 473-6 정호빌라 b01호,2025,23.807206431,0.0009450919857065694,낮음
0.15,171.29754225,서울특별시 노원구 월계동 475-15 지하3호,2025,25.6946313375,0.0008756693063411423,낮음
0.15,190.29268609,서울특별시 노원구 월계동 475-23 B01호,2025,28.5439029135,0.0007882594075584001,낮음
0.5,202.21311608,서울특별시 강서구 공항동 18-4,2025,101.10655804,0.0024726388163772172,낮음
0.5,171.43658881,서울특별시 강서구 방화동 615-90 101호,2025,85.718294405,0.0029165302662090458,낮음
0.5,135.84643282,서울특별시 강서구 방화동 600-39 지층01,2025,67.92321641,0.0036806266430456282,낮음
0.1,165.08114752,서울특별시 은평구 불광동 356-25,2025,16.508114752,0.000605762690060564,낮음
0.5,155.57704639,서울특별시 강서구 방화동 614-189 지층 좌측,2025,77.788523195,0.0032138417048142294,낮음
0.5,139.86723506,서울특별시 강서구 방화동 615-36 지층 2호,2025,69.93361753,0.0035748186470227344,낮음
0.5,121.79068973,서울특별시 강서구 방화동 600-40 B01호,2025,60.895344865,0.004105404124966031,낮음
0.3,3132.46736292,서울 강서구 방화동  589-13번지 신성주택 나동 101호 외54가구,2025,939.740208876,9.577114946230381e-05,낮음
0.5,106.70383061,서울특별시 강서구 공항동 18-82,2025,53.351915305,0.004685867387718144,낮음
0.5,152.74667488,서울특별시 강서구 방화동 615-28 지층 2호,2025,76.37333744,0.0032733936787351166,낮음
0.5,166.43594403,서울특별시 강서구 방화동 600-23 지층 오른쪽,2025,83.217972015,0.0030041587645867843,낮음
0.5,159.34754275,서울특별시 강서구 방화동 606-28,2025,79.673771375,0.003137795483827754,낮음
0.3,178.60606124,서울 동대문구 신설동 84-5번지 지상 1층,2025,53.581818372,0.001679674239033121,낮음
0.5,109.52358381,서울특별시 강서구 방화동 614-175 지층 2호,2025,54.761791905,0.004565226799621468,낮음
0.5,114.453512,서울특별시 강서구 방화동 600-22 지하좌층,2025,57.226756,0.004368585911107734,낮음
0.5,127.25411604,서울특별시 강서구 방화동 600-16 101호,2025,63.62705802,0.003929145991968025,낮음
0.5,127.5361314,서울특별시 강서구 방화동 603-11 지층 01호,2025,63.7680657,0.003920457634329654,낮음
0.1,174.47332367,서울특별시 은평구 응암동 376-31 지층 좌측,2025,17.447332367,0.0005731535222492847,낮음
0.1,186.80210468,서울특별시 은평구 응암동 376-18 B02호,2025,18.680210468000002,0.00053532587425235,낮음
0.1,12.54910298,서울특별시 은평구 불광동 310-99 연서상가 스파니엘,2025,1.2549102980000002,0.007968697058217941,낮음
0.1,242.86298869,서울특별시 성북구 돈암동 1 105동 지하상가,2025,24.286298869000003,0.00041175479450120735,낮음
0.3,82.13999796,서울특별시 강북구 미아동 754-20,2025,24.641999388,0.003652301040305504,낮음
0.1,138.00565124,서울특별시 성북구 길음동 488-11,2025,13.800565124,0.0007246080077263944,낮음
0.1,87.41224696,서울특별시 성북구 장위동 143-27 장월로38길14-1,2025,8.741224696000002,0.0011440044556429282,낮음
0.1,263.01041192,서울특별시 성북구 장위동 238-73 덕신빌라 B동 02호,2025,26.301041192000003,0.00038021308460752895,낮음
0.1,221.71322127,서울특별시 은평구 응암동 71-9 지층 101호,2025,22.171322127,0.00045103309323272643,낮음
0.1,181.16046562,서울특별시 성북구 장위동 65-201 지하,2025,18.116046562,0.0005519968148556142,낮음
0.1,200.74345898,서울특별시 성북구 장위동 230-248 상민아트빌라 B동 01호,2025,20.074345898000004,0.0004981482361024922,낮음
0.1,371.41716515,서울특별시 성북구 하월곡동 90-1558 지하,2025,37.141716515000006,0.0002692390373493216,낮음
0.5,114.54831136,서울특별시 서대문구 홍은동 9-491 ㅇㅇ빌라 ㅇㅇ호,2025,57.27415568,0.004364970500775089,낮음
0.5,97.72113411,서울특별시 서대문구 홍은동 9-489 ㅇㅇ연립 지하호,2025,48.860567055,0.005116600462671401,낮음
0.3,92.49648022,서울특별시 강북구 미아동 54-253 B01호,2025,27.748944065999996,0.0032433666587794404,낮음
0.3,110.38756301,서울특별시 강북구 번동 411-59,2025,33.116268903,0.00271769746355233,낮음
0.3,116.50117514,서울특별시 강북구 번동 466-24 B02호,2025,34.950352542,0.0025750813211925854,낮음
0.3,117.25367815,서울특별시 강북구 번동 466-25 B02호,2025,35.176103444999995,0.002558555132199919,낮음
0.3,117.42681482,서울특별시 강북구 번동 466-27 B01호,2025,35.228044446,0.002554782742424385,낮음
0.3,305.69084349,서울특별시 강북구 수유동 276-16 길안그린빌라 101동 지층01호,2025,91.70725304700001,0.0009813836638839783,낮음
0.3,171.74639486,서울특별시 강북구 수유동 701-6 동원빌라 지하2호,2025,51.523918458000004,0.0017467615564480791,낮음
0.3,123.29270483,서울특별시 강북구 수유동 723-3 좌측 B01호,2025,36.987811449,0.0024332339890965143,낮음
0.3,179.32329066,서울특별시 강북구 수유동 279-127 지층,2025,53.796987198,0.0016729561391375818,낮음
0.3,193.56505813,서울특별시 강북구 수유동 569 202호,2025,58.069517439,0.0015498665043073908,낮음
0.3,123.4970453,서울특별시 강북구 수유동 681-16 B01호,2025,37.04911359,0.002429207915632618,낮음
0.3,186.92429343,서울특별시 강북구 수유동 252-55 B01호,2025,56.077288029,0.0016049278266355728,낮음
0.3,235.60004466,서울특별시 강북구 수유동 252-89 지층 좌측,2025,70.680013398,0.0012733444105791111,낮음
0.3,236.73248992,서울특별시 강북구 수유동 472-274 나동 B02호,2025,71.019746976,0.001267253177210193,낮음
0.3,86.53569412,서울특별시 강북구 수유동 121-4 동진아트빌라 101호,2025,25.960708236,0.003466777530945631,낮음
0.3,229.59016952,서울특별시 강북구 수유동 128 아이파크아파트 나동 B01호,2025,68.877050856,0.0013066761552866335,낮음
0.3,430.20157722,서울특별시 강북구 수유동 516-38,2025,129.06047316599998,0.0006973475130859028,낮음
0.3,183.45629949,서울특별시 강북구 우이동 101-4 우성빌라 A동 지층1호,2025,55.036889847,0.0016352668228563755,낮음
0.3,1232.27665627,서울특별시 강북구 우이동 산28-4,2025,369.682996881,0.00024345182429088227,낮음
0.3,140.11067356,서울특별시 강북구 우이동 100-43 해피하우스연립 106호,2025,42.033202068,0.0021411644978748183,낮음
0.3,223.85576831,서울특별시 강북구 우이동 39-2 C동 B01호,2025,67.156730493,0.001340148624557907,낮음
0.3,197.46614052,서울특별시 강북구 우이동 39-7 B동 B02호,2025,59.239842156,0.0015192478022307578,낮음
0.3,198.87701254,서울특별시 강북구 우이동 39-11 한전빌라 A동 B02호,2025,59.663103762,0.0015084699642682997,낮음
0.3,233.0427499,서울특별시 강북구 우이동 72-159 B03호,2025,69.91282496999999,0.0012873174562552654,낮음
0.3,310.87109595,서울특별시 강북구 미아동 49-18 B03호,2025,93.26132878499999,0.000965030213192453,낮음
0.3,238.75912532,서울특별시 강북구 번동 272-3 1층 대한민국농산물,2025,71.627737596,0.0012564964777698909,낮음
0.3,153.39292835,서울특별시 강북구 수유동 359-16 지층 우측,2025,46.017878505,0.0019557616066594894,낮음
0.3,32.31317726,서울특별시 강북구 수유동 569-109 102호,2025,9.693953178000001,0.00928413809592675,낮음
0.3,196.61133696,서울특별시 강북구 우이동 72-160 지층 앞쪽,2025,58.983401087999994,0.0015258530084713991,낮음
0.3,536.53840473,서울특별시 강북구 수유동 282-20 102호,2025,160.961521419,0.0005591398441477227,낮음
0.3,108.17170353,서울특별시 강북구 수유동 240-23 반지하 우측,2025,32.451511059,0.0027733685447303594,낮음
0.3,125.97490289,서울특별시 강북구 수유동 334-30 B1호,2025,37.792470867,0.002381426721653891,낮음
0.3,220.78067004,서울특별시 도봉구 도봉동 282-334 지하1층,2025,66.234201012,0.0013588146097466207,낮음
0.3,342.07037313,서울특별시 도봉구 쌍문동 423-43 백상빌라 B02호,2025,102.621111939,0.0008770125201283899,낮음
0.3,147.06810595,서울특별시 도봉구 쌍문동 414-95 B02,2025,44.120431784999994,0.00203987124238884,낮음
0.3,134.23917088,서울특별시 도봉구 도봉동 624-42 지하1층 101호,2025,40.271751263999995,0.0022348171404319686,낮음
0.3,211.43052612,서울특별시 도봉구 도봉동 617-13 반지하,2025,63.429157835999995,0.0014189058009046968,낮음
0.3,318.20801284,서울특별시 도봉구 방학동 714-13 대림빌라 B02호,2025,95.462403852,0.0009427795275251121,낮음
0.3,145.39167025,서울특별시 도봉구 방학동 642-37 B01,2025,43.617501075,0.0020633919363066125,낮음
0.3,117.10892663,서울특별시 도봉구 방학동 658-43 지하 왼쪽집,2025,35.132677989,0.002561717613105921,낮음
0.3,114.19893728,서울특별시 도봉구 방학동 660-14 b01,2025,34.259681183999994,0.0026269946739035013,낮음
0.3,134.98017567,서울특별시 도봉구 방학동 659-7 지층 B2호,2025,40.494052700999994,0.002222548596569033,낮음
0.3,169.65319186,서울특별시 도봉구 방학동 397-3 B01,2025,50.895957558,0.0017683133262094111,낮음
0.3,196.46343255,서울특별시 도봉구 방학동 649-13 지층 B03호,2025,58.939029764999994,0.0015270017229473474,낮음
0.3,163.12964491,서울특별시 도봉구 도봉동 611-6 B01호,2025,48.938893473,0.0018390280942836143,낮음
0.3,164.47052422,서울특별시 도봉구 도봉동 611-7 B01,2025,49.341157265999996,0.0018240350447154428,낮음
0.3,180.53685338,서울특별시 도봉구 도봉동 611-8 지하,2025,54.161056013999996,0.0016617105836477053,낮음
0.3,130.05335195,서울특별시 도봉구 방학동 649-21 우측문 b02호,2025,39.016005585,0.002306745620176997,낮음
0.3,480.23354345,서울특별시 도봉구 도봉동 612-44 삼원빌라 나동 지02호,2025,144.070063035,0.0006246960548503101,낮음
0.3,159.58567892,서울특별시 도봉구 쌍문동 25-44 지하,2025,47.87570367599999,0.001879867930695645,낮음
0.3,162.10875918,서울특별시 도봉구 쌍문동 512-19,2025,48.632627754,0.0018506094397212078,낮음
0.3,381.65488215,서울특별시 도봉구 방학동 501 지하1층,2025,114.49646464499999,0.000786050471331564,낮음
0.3,291.96018515,서울특별시 도봉구 쌍문동 217 지하1층,2025,87.58805554499999,0.0010275373672813278,낮음
0.3,479.27303678,서울특별시 도봉구 쌍문동 220 유송맨션연립 B동 B02호,2025,143.781911034,0.0006259480024487765,낮음
0.3,251.28458222,서울특별시 도봉구 쌍문동 220-5 은행맨션연립 B01호,2025,75.385374666,0.0011938655262874408,낮음
0.3,620.52114652,서울특별시 도봉구 방학동 677-6 천보빌라 가동 B01호,2025,186.156343956,0.000483464587278704,낮음
0.3,101.8027037,서울특별시 도봉구 쌍문동 98-76 (쌍문동),2025,30.540811109999996,0.0029468765474447807,낮음
0.3,139.25809198,서울특별시 도봉구 쌍문동 423-93 지하3호,2025,41.777427593999995,0.002154273376394425,낮음
0.3,120.70054505,서울특별시 도봉구 쌍문동 96-14 지층,2025,36.210163515,0.0024854900189201752,낮음
0.3,114.71412833,서울특별시 도봉구 창동 667-27 한신빌라 B02호,2025,34.414238499,0.0026151966141170083,낮음
0.3,409.88917223,서울특별시 도봉구 창동 700-52 석정빌라연립 B01호,2025,122.96675166899999,0.0007319051595528896,낮음
0.3,144.86715658,서울특별시 도봉구 쌍문동 724-10 다온빌라 B02호,2025,43.460146974,0.0020708627620114224,낮음
0.3,173.90605683,서울특별시 도봉구 도봉동 567-4 지하1층,2025,52.171817049000005,0.0017250693016015062,낮음
0.3,165.19398713,서울특별시 도봉구 쌍문동 418-9 B1호,2025,49.558196139,0.001816046729133754,낮음
0.3,257.25414828,서울특별시 도봉구 쌍문동 478-30 101호(지하),2025,77.176244484,0.0011661619530950174,낮음
0.3,99.4437695,서울특별시 도봉구 창동 578-43 지하,2025,29.83313085,0.003016780251878927,낮음
0.3,433.97080766,서울특별시 도봉구 창동 645-8 한신빌라 8동 B01호,2025,130.191242298,0.0006912907382356438,낮음
0.3,153.73868717,서울특별시 도봉구 쌍문동 138-15 지층,2025,46.121606150999995,0.001951363092285732,낮음
0.3,132.73376069,서울특별시 도봉구 방학동 650-21 B01호,2025,39.820128206999996,0.002260163491492196,낮음
0.3,111.91451205,서울특별시 도봉구 방학동 650-20 지층 1호,2025,33.574353615,0.0026806175044213135,낮음
0.3,112.59219825,서울특별시 도봉구 방학동 649-1 B01호,2025,33.777659475,0.0026644830162555247,낮음
0.3,174.56530987,서울특별시 도봉구 방학동 647-3 지하2호,2025,52.369592960999995,0.0017185545067540172,낮음
0.3,284.98767545,서울특별시 도봉구 쌍문동 457 대광빌라 가동 B01호,2025,85.49630263499999,0.0010526771009528582,낮음
0.3,119.53406348,"서울특별시 도봉구 쌍문동 518-12 지하 101, 102호",2025,35.860219044,0.0025097448481720434,낮음
0.3,258.58877099,서울특별시 도봉구 방학동 670-22 곽산아트빌라 101호,2025,77.57663129699999,0.0011601431835243975,낮음
0.3,519.310949,서울특별시 도봉구 쌍문동 220-7 유송맨션연립 A동 B02호,2025,155.79328470000002,0.0005776885709374866,낮음
0.3,378.37157085,서울특별시 도봉구 쌍문동 503-1,2025,113.511471255,0.0007928714076643213,낮음
0.3,172.37562764,서울특별시 도봉구 쌍문동 460-175 B02호,2025,51.712688292,0.0017403852511361912,낮음
0.3,165.3208534,서울특별시 도봉구 도봉동 622-84 b01호,2025,49.59625602,0.0018146531053413978,낮음
0.3,449.13513788,서울특별시 도봉구 쌍문동 630 지층,2025,134.740541364,0.0006679504111302778,낮음
0.3,175.66105369,서울특별시 도봉구 방학동 632-8 B02,2025,52.698316107,0.001707834455606925,낮음
0.3,177.34391525,서울특별시 도봉구 방학동 314-23 이화빌라 B동 지층 101호,2025,53.203174575,0.0016916283796773793,낮음
0.15,196.51847415,서울특별시 노원구 월계동 475-28 지층 2호,2025,29.4777711225,0.0007632870174104188,낮음
0.15,200.41894478,서울특별시 노원구 월계동 475-14 이화빌라 b02호,2025,30.062841716999998,0.0007484322410970434,낮음
0.15,199.17939856,서울특별시 노원구 월계동 479-17 b02호,2025,29.876909784,0.0007530899334190659,낮음
0.1,122.44886328,서울특별시 성북구 장위동 234-91,2025,12.244886328,0.0008166674424027369,낮음
0.15,158.76951777,서울특별시 노원구 월계동 475-17 B01호,2025,23.8154276655,0.0009447657340453481,낮음
0.15,176.66754371,서울특별시 노원구 월계동 474-7 그린빌라 B102호,2025,26.500131556499998,0.0008490523887411103,낮음
0.15,234.42640569,서울특별시 노원구 월계동 475-4 한전빌라 b02호,2025,35.1639608535,0.000639859658976969,낮음
0.3,141.87557795,서울특별시 강북구 수유동 558-22 201호,2025,42.562673385000004,0.002114528831070041,낮음
0.3,196.91446511,서울특별시 강북구 수유동 560-42 B동 B01호,2025,59.074339533,0.0015235041256741323,낮음
0.5,112.54521035,서울특별시 서대문구 홍은동 11-804 ㅇㅇ빌라 ㅇㅇ호,2025,56.272605175,0.004442659074029622,낮음
0.1,250.83389428,서울특별시 은평구 불광동 433-2 B01호,2025,25.083389428000004,0.0003986702047864885,낮음
0.1,208.89244734,서울특별시 은평구 불광동 360-1 지하,2025,20.889244734000002,0.0004787152492748425,낮음
0.1,219.09398967,서울특별시 은평구 불광동 360-2 지하 B02호,2025,21.909398967,0.00045642511759733936,낮음
0.1,156.25001875,서울특별시 은평구 불광동 422-17 지층,2025,15.625001875000002,0.0006399999232000092,낮음
0.1,206.37929234,서울특별시 은평구 불광동 421-15 지하 101호,2025,20.637929234,0.00048454473734339,낮음
0.1,75.48331921,서울특별시 은평구 불광동 412-1 지층,2025,7.548331921000001,0.0013247960085299487,낮음
0.1,110.91221349,서울특별시 은평구 불광동 361-5 반지하,2025,11.091221349000001,0.0009016139598459654,낮음
0.1,157.84144158,서울특별시 은평구 불광동 422-2 1층,2025,15.784144158000002,0.000633547178731995,낮음
0.1,126.73839258,서울특별시 은평구 불광동 359-27 지층 우측,2025,12.673839258000001,0.0007890268920436076,낮음
0.1,177.41385827,서울특별시 은평구 불광동 361-6 지하층,2025,17.741385827,0.0005636538260039048,낮음
0.1,146.3559651,서울특별시 은평구 불광동 359-26 지층우측,2025,14.63559651,0.0006832656252286913,낮음
0.1,129.77863381,서울특별시 은평구 불광동 359-20 지하 BO2호 (좌측),2025,12.977863381,0.0007705428625978845,낮음
0.1,128.33970386,서울특별시 은평구 불광동 359-25 지하층,2025,12.833970385999999,0.0007791821002570297,낮음
0.1,143.56741455,서울특별시 은평구 불광동 360-4 지하 101호,2025,14.356741455,0.0006965368869631149,낮음
0.1,157.92585267,서울특별시 은평구 불광동 359-16 지층 뒤쪽,2025,15.792585267000002,0.0006332085488812197,낮음
0.1,193.77127694,서울특별시 은평구 불광동 356-21 지층 우호,2025,19.377127694000002,0.0005160723590161628,낮음
0.1,175.88020521,서울특별시 은평구 불광동 360-3 지층 102,2025,17.588020521,0.0005685688158061934,낮음
0.1,110.51443943,서울특별시 은평구 불광동 356-17 지하 우측,2025,11.051443943,0.0009048591343879561,낮음
0.1,391.45900924,서울특별시 은평구 응암동 592-47 203호,2025,39.145900924,0.00025545458819339857,낮음
0.1,185.75828221,서울특별시 은평구 불광동 452-2 가동 지층 나호,2025,18.575828221000002,0.0005383340048706408,낮음
0.1,118.76504572,서울특별시 은평구 불광동 359-29 지층,2025,11.876504572000002,0.0008419985812640497,낮음
0.1,263.28698043,서울특별시 은평구 갈현동 431-17,2025,26.328698043000003,0.0003798136916481024,낮음
0.1,206.85903165,서울특별시 은평구 수색동 377-10 지층 가호,2025,20.685903165,0.0004834210002935591,낮음
0.1,95.67033575,서울특별시 은평구 수색동 377-9 단독주택,2025,9.567033575000002,0.0010452560787631603,낮음
0.1,173.00638176,서울특별시 은평구 수색동 377-6 지층 101호,2025,17.300638176000003,0.0005780133598697139,낮음
0.1,67.72127126,서울특별시 은평구 수색동 377-3 1층 우측,2025,6.772127126,0.0014766409156153223,낮음
0.1,134.09547406,서울특별시 은평구 수색동 377-1 B01호,2025,13.409547406,0.0007457373241042854,낮음
0.1,139.58102806,서울특별시 은평구 갈현동 12-302 지층,2025,13.958102806,0.0007164297425651158,낮음
0.1,227.63864879,서울특별시 은평구 갈현동 12-222 b02호,2025,22.763864879,0.0004392927147105476,낮음
0.1,162.00587436,서울특별시 은평구 갈현동 12-341 102,2025,16.200587436000003,0.000617261567798374,낮음
0.1,283.60939524,서울특별시 은평구 불광동 239-4 201호,2025,28.360939524000003,0.00035259762785847264,낮음
0.1,142.13844314,서울특별시 은평구 불광동 359-22 지층,2025,14.213844314,0.0007035394351512947,낮음
0.1,117.34757888,서울특별시 은평구 불광동 356-23 지상,2025,11.734757888,0.0008521692646276096,낮음
0.1,163.14983385,서울특별시 은평구 불광동 102-21 지층 오른쪽,2025,16.314983385,0.0006129335080533397,낮음
0.1,227.84112393,서울특별시 은평구 불광동 448-44 지층 좌측,2025,22.784112393,0.00043890232928592456,낮음
0.1,318.56224532,서울특별시 은평구 녹번동 75-23 B01호,2025,31.856224532,0.0003139103941823008,낮음
0.1,201.43309135,서울특별시 은평구 녹번동 75-24 101호,2025,20.143309135000003,0.0004964427608681487,낮음
0.1,191.48280646,서울특별시 은평구 녹번동 44-26 지층1호,2025,19.148280646,0.0005222401000315901,낮음
0.1,140.20018025,서울특별시 은평구 불광동 76-25 지층 B01호,2025,14.020018024999999,0.0007132658447491548,낮음
0.1,158.36000685,서울특별시 은평구 불광동 445-297 우진베스트빌라 B01호,2025,15.836000685,0.0006314725667745197,낮음
0.1,159.73825318,서울특별시 은평구 불광동 76-26 B02,2025,15.973825318,0.0006260241238979599,낮음
0.1,162.05109359,서울특별시 은평구 불광동 454-6 지층,2025,16.205109359,0.0006170893252532231,낮음
0.1,199.07993886,서울특별시 은평구 불광동 98-6 지층,2025,19.907993886,0.0005023107831589376,낮음
0.1,934.89077586,서울특별시 은평구 불광동 95 전원빌라 102호,2025,93.48907758600001,0.00010696436694223521,낮음
0.1,487.96862148,서울특별시 은평구 갈현동 490-2 1층 101호,2025,48.796862148,0.00020493120991407564,낮음
0.1,189.97890641,서울특별시 은평구 불광동 443-1 1층(반지하),2025,18.997890641,0.0005263742269585791,낮음
0.1,168.33077876,서울특별시 은평구 녹번동 156-35 지층층 1호,2025,16.833077876,0.0005940684213347366,낮음
0.1,192.9265904,서울특별시 은평구 녹번동 156-34 지하 102호,2025,19.292659040000004,0.00051833186805752,낮음
0.1,106.81753697,서울특별시 은평구 녹번동 75-7 지층,2025,10.681753697000001,0.0009361758643441225,낮음
0.1,206.85929864,서울특별시 은평구 녹번동 75-26 102호,2025,20.685929864000002,0.0004834203763497784,낮음
0.1,145.35982354,서울특별시 은평구 녹번동 86-56 그린빌라 b02호,2025,14.535982354000001,0.0006879480007932321,낮음
0.1,228.92271118,서울특별시 은평구 녹번동 75-21 101호,2025,22.892271118,0.00043682865489641547,낮음
0.1,231.77869846,서울특별시 은평구 녹번동 75-22 B-2호,2025,23.177869846,0.00043144603306700274,낮음
0.1,111.81055696,서울특별시 은평구 녹번동 105-5 지층,2025,11.181055696000001,0.0008943699299859028,낮음
0.1,173.99091742,서울특별시 은평구 녹번동 157-12 지하 2호,2025,17.399091742,0.0005747426445175187,낮음
0.1,156.75162231,서울특별시 은평구 녹번동 160-8 지층 1호,2025,15.675162231,0.0006379519301065664,낮음
0.1,146.74705953,서울특별시 은평구 녹번동 154-16 지하 1층,2025,14.674705953,0.000681444659404277,낮음
0.1,395.28192778,서울특별시 은평구 녹번동 156-27 가동 101호,2025,39.528192778000005,0.0002529839918602514,낮음
0.1,119.9407267,서울특별시 은평구 녹번동 160-23 지하 1층,2025,11.994072670000001,0.0008337451568900658,낮음
0.1,392.19820703,서울특별시 은평구 녹번동 35-69 지상 1호,2025,39.219820703,0.0002549731187127809,낮음
0.1,208.96735101,서울특별시 은평구 불광동 238-98 지층 1호,2025,20.896735101,0.00047854365534458334,낮음
0.1,215.99777687,서울특별시 은평구 불광동 238-102 B02호,2025,21.599777687,0.0004629677279511345,낮음
0.1,164.96065406,서울특별시 은평구 불광동 242-18 지층,2025,16.496065406,0.0006062051618904693,낮음
0.1,166.66998388,서울특별시 은평구 불광동 221-26 지층 2호,2025,16.666998388,0.0005999880582696796,낮음
0.1,257.57351694,서울특별시 은평구 불광동 221-52 지층 2호,2025,25.757351694,0.00038823867138209836,낮음
0.1,103.6017355,서울특별시 은평구 불광동 239-50 지하 1호,2025,10.36017355,0.0009652347957047496,낮음
0.1,106.99607919,서울특별시 은평구 불광동 239-53 1층,2025,10.699607919000002,0.0009346136863802589,낮음
0.1,114.92588678,서울특별시 은평구 불광동 239-39 지하1층,2025,11.492588678,0.0008701259812023702,낮음
0.1,186.49619954,서울특별시 은평구 불광동 236-4 지하 101호,2025,18.649619954,0.0005362039561484568,낮음
0.1,361.82406423,서울특별시 은평구 불광동 230-13 102호,2025,36.182406422999996,0.0002763774162252326,낮음
0.1,109.81036908,서울특별시 은평구 불광동 239-48 지층,2025,10.981036908,0.0009106608131618895,낮음
0.1,66.33164284,서울특별시 은평구 불광동 240-1 1층 우 대광부동산,2025,6.633164284,0.0015075761087541913,낮음
0.1,117.58746698,서울특별시 은평구 불광동 239-55 지하 2호,2025,11.758746698000001,0.0008504307692673457,낮음
0.1,109.88338938,서울특별시 은평구 불광동 239-40 지하,2025,10.988338938,0.000910055655947951,낮음
0.1,156.83796088,"서울특별시 은평구 불광동 242-27 좌측, b02호",2025,15.683796088000001,0.000637600740528067,낮음
0.1,176.08934914,서울특별시 은평구 불광동 221-60 지층 우호,2025,17.608934914,0.0005678935181962363,낮음
0.1,104.21107455,서울특별시 은평구 불광동 239-57 B02호(지층 안쪽),2025,10.421107455000001,0.0009595909113481068,낮음
0.1,107.17923127,서울특별시 은평구 불광동 238-127 1층 4호,2025,10.717923127,0.0009330165818047857,낮음
0.1,105.36176708,서울특별시 은평구 불광동 239-46 지하1층,2025,10.536176708000001,0.000949110885014591,낮음
0.1,114.01987107,서울특별시 은평구 불광동 239-42,2025,11.401987107,0.0008770401076721723,낮음
0.1,106.46379728,서울특별시 은평구 불광동 239-45 지층 좌측,2025,10.646379728,0.0009392864293295852,낮음
0.1,211.14503377,서울특별시 은평구 불광동 234-2 지하101호,2025,21.114503377000002,0.00047360810820172957,낮음
0.1,269.11176602,서울특별시 은평구 불광동 240-9 B02호,2025,26.911176602,0.00037159281988647107,낮음
0.1,372.03012024,서울특별시 은평구 불광동 331-40 102호,2025,37.203012023999996,0.00026879544036780977,낮음
0.1,156.294331,서울특별시 은평구 불광동 240-8 B102호,2025,15.6294331,0.0006398184717269112,낮음
0.1,187.96259782,서울특별시 은평구 불광동 238-184 장미빌라 A동 102호,2025,18.796259782000003,0.0005320207379542803,낮음
0.1,184.85145781,서울특별시 은평구 불광동 323-8 지층 1호,2025,18.485145781,0.0005409749059311462,낮음
0.1,308.77915167,서울특별시 은평구 불광동 238-23 지하 2호,2025,30.877915166999998,0.000323856061716474,낮음
0.1,177.31526848,서울특별시 은평구 불광동 8-59 B03호,2025,17.731526847999998,0.0005639672254805252,낮음
0.1,271.73399751,서울특별시 은평구 불광동 8-7 B02호,2025,27.173399751,0.0003680069513433627,낮음
0.1,221.98932789,서울특별시 은평구 불광동 8-61 지하1층,2025,22.198932789,0.0004504721058011939,낮음
0.1,167.866672,서울특별시 은평구 불광동 242-9 지층,2025,16.7866672,0.000595710862725628,낮음
0.1,87.91698865,서울특별시 은평구 불광동 320-31 지층,2025,8.791698864999999,0.0011374365925805629,낮음
0.1,167.50488384,서울특별시 은평구 불광동 377-2 B02호,2025,16.750488384,0.0005969975185650086,낮음
0.1,194.00694914,서울특별시 은평구 불광동 194-8 B01호,2025,19.400694914,0.0005154454541101909,낮음
0.1,209.58591561,서울특별시 은평구 불광동 138-5 지층 좌측,2025,20.958591561000002,0.0004771312982026961,낮음
0.1,60.96126479,서울특별시 은평구 불광동 367-1 1층 102호,2025,6.0961264790000005,0.0016403859129970654,낮음
0.1,179.79073042,서울특별시 은평구 불광동 353-54 지층 2호,2025,17.979073042,0.0005562022011167934,낮음
0.1,163.88511773,서울특별시 은평구 불광동 353-57 지층(왼쪽),2025,16.388511773,0.000610183532129803,낮음
0.1,238.45355343,서울특별시 은평구 불광동 189-8 1층,2025,23.845355343,0.00041936888153506097,낮음
0.1,55.46658335,서울특별시 은평구 불광동 188-2,2025,5.546658335,0.0018028873235077314,낮음
0.1,108.22225718,서울특별시 은평구 불광동 23-85 B02,2025,10.822225718,0.0009240243421801453,낮음
0.1,145.315344,서울특별시 은평구 불광동 368-5 지층 102호,2025,14.531534400000002,0.0006881585746375138,낮음
0.1,140.3062287,서울특별시 은평구 불광동 353-65 지하 좌측,2025,14.03062287,0.0007127267329935724,낮음
0.1,149.91173602,서울특별시 은평구 불광동 353-80 지하 101호,2025,14.991173602000002,0.0006670591819886525,낮음
0.1,178.0933471,서울특별시 은평구 불광동 377-4 B2호,2025,17.809334709999998,0.000561503288182066,낮음
0.1,181.40372189,서울특별시 은평구 불광동 377-19 지하 101호,2025,18.140372189,0.0005512566057527652,낮음
0.1,187.74142397,서울특별시 은평구 불광동 177-39 1층,2025,18.774142397000002,0.0005326474993391945,낮음
0.1,131.99997353,서울특별시 은평구 불광동 205-8 지층 좌,2025,13.199997353,0.0007575759094926843,낮음
0.1,143.3896177,서울특별시 은평구 불광동 353-79 B02호,2025,14.338961770000001,0.0006974005622165767,낮음
0.1,170.71200332,서울특별시 은평구 불광동 16-66 지하 101호,2025,17.071200332,0.0005857818902901033,낮음
0.1,103.49339427,서울특별시 은평구 불광동 439-21 B01호,2025,10.349339427,0.000966245244011553,낮음
0.1,176.41460731,서울특별시 은평구 불광동 146-5 지하,2025,17.641460731000002,0.0005668464846807021,낮음
0.1,138.52298427,서울특별시 은평구 불광동 353-2 지층 1호,2025,13.852298427000001,0.0007219018600197532,낮음
0.1,151.22022551,서울특별시 은평구 불광동 391-89 지상 101호,2025,15.122022551,0.0006612872032345113,낮음
0.1,142.44659696,서울특별시 은평구 불광동 143-6 지층,2025,14.244659696,0.0007020174727521269,낮음
0.1,523.94652996,서울특별시 은평구 불광동 141-1 101호,2025,52.394652996000005,0.00019085917031960183,낮음
0.1,139.93851705,서울특별시 은평구 불광동 352-3 102호,2025,13.993851705,0.0007145995406273315,낮음
0.1,133.90158351,서울특별시 은평구 불광동 353-9 지층,2025,13.390158351,0.0007468171576367642,낮음
0.1,136.66863191,서울특별시 은평구 불광동 353-13 지층 좌측,2025,13.666863191,0.0007316967953981769,낮음
0.1,99.38949804,서울특별시 은평구 불광동 367-32 지층,2025,9.938949804000002,0.0010061425198037955,낮음
0.1,187.42040883,서울특별시 은평구 불광동 376-9 지층 우,2025,18.742040883,0.0005335598221360469,낮음
0.1,129.21947559,서울특별시 은평구 불광동 353-8 지하 우측,2025,12.921947559000001,0.0007738771539151702,낮음
0.1,132.92272987,서울특별시 은평구 불광동 353-14 지층,2025,13.292272987000002,0.0007523167790625514,낮음
0.1,126.07940206,서울특별시 은평구 불광동 387-9 b02,2025,12.607940206000002,0.0007931509696755299,낮음
0.1,142.32139103,서울특별시 은평구 불광동 104-16 지하 우측,2025,14.232139103000002,0.0007026350661435072,낮음
0.1,124.45293707,서울특별시 은평구 불광동 314-16 지층 2호,2025,12.445293707000001,0.0008035165931339478,낮음
0.1,132.84615722,서울특별시 은평구 불광동 353-15 지하 2호,2025,13.284615722000002,0.0007527504151617642,낮음
0.1,122.81700835,서울특별시 은평구 불광동 140-15 지하 좌측,2025,12.281700835,0.0008142194745130348,낮음
0.1,137.30526225,서울특별시 은평구 불광동 353-33 지층 우측,2025,13.730526225,0.0007283042059810057,낮음
0.1,205.79949131,서울특별시 은평구 불광동 353-52 B04호,2025,20.579949131000003,0.0004859098502307178,낮음
0.1,133.82987498,서울특별시 은평구 불광동 353-41 지층 우측,2025,13.382987498,0.0007472173161257481,낮음
0.1,133.04531196,서울특별시 은평구 불광동 345-14 지하,2025,13.304531196,0.0007516236275207124,낮음
0.1,179.11904071,서울특별시 은평구 불광동 377-21 지하 101호( B01호),2025,17.911904071000002,0.00055828793858886,낮음
0.1,132.25166083,서울특별시 은평구 불광동 353-46 지층 좌,2025,13.225166083,0.0007561341715666076,낮음
0.1,201.38941922,서울특별시 은평구 불광동 353-15 B02호,2025,20.138941922,0.0004965504165378167,낮음
0.1,195.65538466,서울특별시 은평구 갈현동 399-25 1층 이모네 포차,2025,19.565538466000003,0.0005111027236678148,낮음
0.1,500.34798413,서울특별시 은평구 갈현동 400-6 지층,2025,50.034798413000004,0.00019986090315498922,낮음
0.1,186.71205591,서울특별시 은평구 갈현동 400-8 지층 우,2025,18.671205591,0.0005355840548839683,낮음
0.1,226.49354606,서울특별시 은평구 갈현동 399-5 1층,2025,22.649354606000003,0.0004415136843391961,낮음
0.1,96.22483168,서울특별시 은평구 갈현동 436-13 지층 좌 우,2025,9.622483168,0.0010392327869437538,낮음
0.1,150.20471408,서울특별시 은평구 갈현동 426-1 1층,2025,15.020471408,0.0006657580663329871,낮음
0.1,231.42560381,서울특별시 은평구 갈현동 252-4 1층,2025,23.142560381000003,0.00043210430632428993,낮음
0.1,176.57193246,서울특별시 은평구 갈현동 399-13 2층,2025,17.657193246000002,0.0005663414258812264,낮음
0.1,145.84618955,서울특별시 은평구 갈현동 407-31 1층,2025,14.584618955,0.0006856538405874314,낮음
0.1,161.07931309,서울특별시 은평구 갈현동 452-27 B01호,2025,16.107931309,0.0006208121830276673,낮음
0.1,138.58847654,서울특별시 은평구 갈현동 452-23,2025,13.858847654,0.0007215607133911857,낮음
0.1,336.357562,서울특별시 은평구 갈현동 399-10 지하,2025,33.635756199999996,0.00029730266626204173,낮음
0.1,80.09731569,서울특별시 은평구 갈현동 399-23 1층,2025,8.009731569000001,0.0012484812897729208,낮음
0.1,181.57281407,서울특별시 은평구 갈현동 403-4 B02호,2025,18.157281407,0.0005507432404580566,낮음
0.1,145.84460085,서울특별시 은평구 갈현동 403-5 지층,2025,14.584460085000002,0.0006856613094841213,낮음
0.1,138.47456813,서울특별시 은평구 갈현동 403-6 지하,2025,13.847456813,0.0007221542652230549,낮음
0.1,171.70027345,서울특별시 은평구 갈현동 399-6 지층,2025,17.170027345,0.000582410254746161,낮음
0.1,145.89943642,서울특별시 은평구 갈현동 407-30 지층 우측,2025,14.589943642000001,0.0006854036071265587,낮음
0.1,174.33414468,서울특별시 은평구 갈현동 244-22 지층 나호,2025,17.433414468000002,0.000573611097146549,낮음
0.1,192.96981638,서울특별시 은평구 갈현동 433-32 지층,2025,19.296981638000002,0.0005182157597283402,낮음
0.1,178.57344613,서울특별시 은평구 갈현동 452-19 B02호,2025,17.857344613000002,0.0005599936730078045,낮음
0.1,356.57291394,서울특별시 은평구 갈현동 398-11 지층,2025,35.657291394,0.0002804475496891692,낮음
0.1,90.30848272,서울특별시 은평구 갈현동 424-2 지층,2025,9.030848272,0.0011073156915950896,낮음
0.1,152.2969244,서울특별시 은평구 갈현동 411-5 지층 나호,2025,15.22969244,0.0006566120779783784,낮음
0.1,144.68551227,서울특별시 은평구 갈현동 407-29 102호,2025,14.468551227,0.0006911542035624712,낮음
0.1,148.2653379,서울특별시 은평구 갈현동 411-1 b01,2025,14.82653379,0.0006744664762268755,낮음
0.1,179.08773241,서울특별시 은평구 갈현동 426-18 102호,2025,17.908773241000002,0.0005583855390555838,낮음
0.1,154.95222715,서울특별시 은평구 갈현동 426-5,2025,15.495222715,0.0006453601980383023,낮음
0.1,218.14909782,서울특별시 은평구 갈현동 426-6 1층,2025,21.814909782,0.0004584020791253163,낮음
0.1,198.37719332,서울특별시 은평구 갈현동 424-8 1층,2025,19.837719332000002,0.0005040902047580195,낮음
0.1,156.91789138,서울특별시 은평구 갈현동 411-8 B03호,2025,15.691789137999999,0.0006372759608261313,낮음
0.1,96.80467618,서울특별시 은평구 갈현동 403-23 B01호,2025,9.680467618000002,0.0010330079490587683,낮음
0.1,152.64697061,서울특별시 은평구 갈현동 411-19 지하층,2025,15.264697061000001,0.0006551063516058336,낮음
0.1,309.29232005,서울특별시 은평구 갈현동 411-23 지층,2025,30.929232005000003,0.000323318729620684,낮음
0.1,122.52820675,서울특별시 은평구 갈현동 402-37 지층 안쪽(102호),2025,12.252820675,0.0008161386072027861,낮음
0.1,406.08356553,서울특별시 은평구 갈현동 392-10,2025,40.608356553,0.0002462547329870023,낮음
0.1,152.16127644,서울특별시 은평구 갈현동 411-21 1층 우측상가,2025,15.216127644,0.0006571974311705505,낮음
0.1,155.24877702,서울특별시 은평구 갈현동 394-11 지하 1층,2025,15.524877702000001,0.0006441274573590841,낮음
0.1,170.42229542,서울특별시 은평구 갈현동 449-26 지층1호,2025,17.042229542,0.0005867776851236123,낮음
0.1,123.6980433,서울특별시 은평구 갈현동 402-32 지층 우,2025,12.369804330000001,0.0008084202250271165,낮음
0.1,162.0039574,서울특별시 은평구 갈현동 410-6 1층,2025,16.20039574,0.0006172688717294261,낮음
0.1,165.7295803,서울특별시 은평구 갈현동 410-3,2025,16.572958030000002,0.0006033925857953796,낮음
0.1,203.3420714,서울특별시 은평구 갈현동 409-1 1층,2025,20.334207140000004,0.0004917821447942622,낮음
0.1,340.74843613,서울특별시 은평구 갈현동 434-4 지하1,2025,34.074843613000006,0.0002934716330197586,낮음
0.1,143.31044214,서울특별시 은평구 갈현동 402-43 지하,2025,14.331044214,0.0006977858591930796,낮음
0.1,97.28721318,서울특별시 은평구 갈현동 402-29 지하1층,2025,9.728721318,0.0010278843100889408,낮음
0.1,169.32029377,서울특별시 은평구 갈현동 448-16 지층 1호,2025,16.932029377000003,0.0005905966601725676,낮음
0.1,213.86502466,서울특별시 은평구 갈현동 431-2 지층,2025,21.386502466,0.0004675846373617135,낮음
0.1,156.14719182,서울특별시 은평구 갈현동 422-22 1층,2025,15.614719182,0.0006404213795613812,낮음
0.1,162.6132789,서울특별시 은평구 갈현동 448-15 B03호,2025,16.26132789,0.0006149559290388308,낮음
0.1,183.48303616,서울특별시 은평구 갈현동 400-1 1층,2025,18.348303616000003,0.0005450095120117724,낮음
0.1,150.81635014,서울특별시 은평구 갈현동 401-8 지층,2025,15.081635014,0.0006630580829410861,낮음
0.1,150.60939263,서울특별시 은평구 갈현동 395-29 지층,2025,15.060939263000002,0.0006639692136975057,낮음
0.1,256.67146263,서울특별시 은평구 갈현동 401-9 지층,2025,25.667146263000003,0.0003896031096536554,낮음
0.1,178.12421244,서울특별시 은평구 갈현동 425-11 지하 1호,2025,17.812421244000003,0.0005614059909664688,낮음
0.1,157.92377563,서울특별시 은평구 갈현동 410-17 A동 지층,2025,15.792377563,0.0006332168769463203,낮음
0.1,153.03696316,서울특별시 은평구 갈현동 410-16 지층 좌측,2025,15.303696316,0.0006534369078890444,낮음
0.1,247.97473279,서울특별시 은평구 갈현동 450-3 지층 2호,2025,24.797473279000002,0.0004032668928599514,낮음
0.1,197.94629852,서울특별시 은평구 갈현동 401-16,2025,19.794629852,0.0005051875218060532,낮음
0.1,170.07006937,서울특별시 은평구 갈현동 400-11 지층,2025,17.007006937,0.0005879929394421696,낮음
0.1,174.31603003,서울특별시 은평구 갈현동 401-7 지층,2025,17.431603003000003,0.0005736707059172348,낮음
0.1,84.66699542,서울특별시 은평구 갈현동 401-6 1층,2025,8.466699542,0.0011810977761043595,낮음
0.1,142.8322495,서울특별시 은평구 갈현동 423-1 지하,2025,14.28322495,0.0007001219987087021,낮음
0.1,150.30071009,서울특별시 은평구 갈현동 410-20,2025,15.030071009,0.0006653328513226588,낮음
0.1,166.63780085,서울특별시 은평구 갈현동 434-28 b02,2025,16.663780085,0.0006001039349410017,낮음
0.1,144.9126571,서울특별시 은평구 갈현동 429-28 지층101호,2025,14.49126571,0.0006900708468204604,낮음
0.1,255.3357027,서울특별시 은평구 갈현동 401-3 지하,2025,25.533570270000002,0.00039164127437944855,낮음
0.1,193.66962902,서울특별시 은평구 갈현동 450-6 지하1호,2025,19.366962902,0.0005163432207002014,낮음
0.1,768.80789288,서울특별시 은평구 갈현동 431-5 지하,2025,76.88078928800002,0.00013007150541261234,낮음
0.1,430.98496817,서울특별시 은평구 갈현동 400-2 1층 우측가게,2025,43.098496817000004,0.00023202665379400302,낮음
0.1,242.80016255,서울특별시 은평구 갈현동 400-18 1층,2025,24.280016255000003,0.0004118613387641655,낮음
0.1,326.99367517,서울특별시 은평구 갈현동 400-3 지층,2025,32.699367517000006,0.0003058163126488952,낮음
0.1,142.96527587,서울특별시 은평구 갈현동 399-19 1층,2025,14.296527587,0.0006994705489949264,낮음
0.1,161.38039268,서울특별시 은평구 갈현동 12-15 지층 나호,2025,16.138039268,0.0006196539637766855,낮음
0.1,189.80855282,서울특별시 은평구 구산동 213-1 1층,2025,18.980855282,0.0005268466489749406,낮음
0.1,189.63936552,서울특별시 은평구 불광동 365-5 지층 1호,2025,18.963936552000003,0.0005273166767131673,낮음
0.1,217.40390821,서울특별시 은평구 갈현동 390-4,2025,21.740390821000002,0.0004599733317738042,낮음
0.1,313.54156826,서울특별시 은평구 불광동 276-32 지층,2025,31.354156826000004,0.0003189369771764246,낮음
0.1,201.8537139,서울특별시 은평구 갈현동 418-21,2025,20.18537139,0.0004954082739817254,낮음
0.1,167.41885782,서울특별시 은평구 갈현동 419-3,2025,16.741885782,0.0005973042780372733,낮음
0.1,155.56295429,서울특별시 은평구 역촌동 9-3 01호,2025,15.556295429,0.0006428265679088371,낮음
0.1,110.86711501,서울특별시 은평구 역촌동 11-11 지층,2025,11.086711501000002,0.0009019807180062383,낮음
0.1,130.24100845,서울특별시 은평구 역촌동 45-8 지층,2025,13.024100845000001,0.0007678073226712642,낮음
0.1,91.47899516,서울특별시 은평구 대조동 187-44 1층 만점애견미용,2025,9.147899516,0.0010931471189107014,낮음
0.1,153.59431249,서울특별시 은평구 대조동 203-2 지층1호,2025,15.359431249,0.0006510657743691562,낮음
0.1,320.09795525,서울특별시 은평구 구산동 20-4 지하2호,2025,32.009795525,0.0003124043698495322,낮음
0.1,186.84913273,서울특별시 은평구 구산동 20-2 102호,2025,18.684913273000003,0.0005351911381066008,낮음
0.1,132.42421214,서울특별시 은평구 구산동 21-7 B01호,2025,13.242421214000002,0.0007551489141145816,낮음
0.1,327.49395967,서울특별시 은평구 구산동 7-24 B01호,2025,32.749395967,0.00030534914323539046,낮음
0.1,171.44713294,서울특별시 은평구 구산동 7-12 B01호,2025,17.144713294,0.0005832701794727371,낮음
0.1,156.97092929,서울특별시 은평구 구산동 7-11 지층,2025,15.697092929,0.0006370606357005916,낮음
0.1,143.27902384,"서울특별시 은평구 구산동 2-15 B01, 02호",2025,14.327902384000001,0.0006979388700447193,낮음
0.1,147.7276576,서울특별시 은평구 구산동 2-12 B01호,2025,14.772765759999999,0.0006769213133451864,낮음
0.1,167.38086992,서울특별시 은평구 구산동 11-17 지층,2025,16.738086992000003,0.0005974398391392947,낮음
0.1,148.7236483,서울특별시 은평구 구산동 2-19 지층1호,2025,14.872364830000002,0.0006723880239831368,낮음
0.1,144.35980739,서울특별시 은평구 구산동 2-27 B02,2025,14.435980739,0.0006927135870293988,낮음
0.1,256.10190383,서울특별시 은평구 역촌동 8-54 B01호,2025,25.610190383000003,0.00039046956896649946,낮음
0.1,144.0326536,서울특별시 은평구 구산동 21-27 B01호,2025,14.40326536,0.0006942870071512729,낮음
0.1,214.68257982,서울특별시 은평구 구산동 23-12 지층,2025,21.468257982,0.00046580397945583066,낮음
0.1,169.32720329,서울특별시 은평구 대조동 195-9 101호,2025,16.932720329000002,0.0005905725604451989,낮음
0.1,142.51108557,서울특별시 은평구 갈현동 507-7 101호,2025,14.251108557000002,0.000701699798300119,낮음
0.1,158.8105265,서울특별시 은평구 역촌동 7-6 지층01호,2025,15.88105265,0.0006296811817445867,낮음
0.1,131.02955823,서울특별시 은평구 갈현동 507-14 지하 102호,2025,13.102955823,0.0007631865767605436,낮음
0.1,251.39453636,서울특별시 은평구 갈현동 327-85 101호,2025,25.139453636,0.0003977811190645719,낮음
0.1,124.7247684,서울특별시 은평구 갈현동 507-19 103호,2025,12.47247684,0.0008017653693233878,낮음
0.1,155.72552657,서울특별시 은평구 갈현동 509-9 1층,2025,15.572552657000001,0.0006421554783123441,낮음
0.1,114.9439817,서울특별시 은평구 갈현동 491-12 지하,2025,11.49439817,0.0008699890026517153,낮음
0.1,137.54825027,서울특별시 은평구 갈현동 491-16 지층 1호,2025,13.754825027000003,0.0007270176087569652,낮음
0.1,409.57790872,서울특별시 은평구 갈현동 455-20 1층,2025,40.957790872000004,0.000244153793139178,낮음
0.1,218.79695353,서울특별시 은평구 갈현동 498-2 1층,2025,21.879695353000002,0.00045704475490463656,낮음
0.1,251.0452276,서울특별시 은평구 갈현동 490-10 B01호,2025,25.104522760000002,0.0003983345987334754,낮음
0.1,260.59250415,서울특별시 은평구 갈현동 471-17 정원쉐르빌(가동),2025,26.059250415000005,0.0003837408920344035,낮음
0.1,221.68506973,서울특별시 은평구 갈현동 453-25,2025,22.168506973000003,0.00045109036942268777,낮음
0.1,210.94243227,서울특별시 은평구 갈현동 482-18 B01호,2025,21.094243227000003,0.000474062989242501,낮음
0.1,288.98505682,서울특별시 은평구 갈현동 456-5 1층 1호,2025,28.898505682000003,0.00034603865369511806,낮음
0.1,242.17733784,서울특별시 은평구 갈현동 489-12 102호,2025,24.217733784000004,0.00041292055190592314,낮음
0.1,212.44144782,서울특별시 은평구 갈현동 482-16 B01호,2025,21.244144782000003,0.0004707179367593523,낮음
0.1,165.06073448,서울특별시 은평구 갈현동 461-22,2025,16.506073448000002,0.0006058376046552534,낮음
0.1,268.52926298,서울특별시 은평구 갈현동 110-22 1층,2025,26.852926298,0.0003723988919876043,낮음
0.1,176.99565522,서울특별시 은평구 갈현동 517-19 지하 우측,2025,17.699565522,0.0005649856199899549,낮음
0.1,101.13986334,서울특별시 은평구 갈현동 517-48 선일빌라 지층,2025,10.113986334000002,0.0009887298311233807,낮음
0.1,241.95925581,서울특별시 은평구 갈현동 469-3 B01호,2025,24.195925581,0.0004132927242862973,낮음
0.1,129.14973233,서울특별시 은평구 갈현동 518-13 지층 나호,2025,12.914973233000001,0.0007742950619865214,낮음
0.1,152.28556795,서울특별시 은평구 갈현동 512-13 B01호,2025,15.228556795000001,0.0006566610437624205,낮음
0.1,192.50067564,서울특별시 은평구 갈현동 481-6 지층,2025,19.250067564000002,0.0005194786962047465,낮음
0.1,155.34243902,서울특별시 은평구 갈현동 136-11 가동 B02호,2025,15.534243902,0.0006437390878556067,낮음
0.1,167.4899949,서울특별시 은평구 갈현동 513-16 지층 2호,2025,16.74899949,0.0005970505883632337,낮음
0.1,190.21367234,서울특별시 은평구 갈현동 512-19 B02호,2025,19.021367234,0.0005257245642219328,낮음
0.1,168.86024515,서울특별시 은평구 응암동 98-5 지층 나호,2025,16.886024515,0.0005922057018877898,낮음
0.1,89.8881844,서울특별시 은평구 대조동 33-17 지하1층,2025,8.988818440000001,0.0011124932678026147,낮음
0.1,69.05609862,서울특별시 은평구 대조동 15-222   지하1층 한우의진수,2025,6.905609862,0.0014480980246259964,낮음
0.1,99.13283492,서울특별시 은평구 대조동 14-344 지층,2025,9.913283492,0.00100874750611843,낮음
0.1,311.31081382,서울특별시 은평구 대조동 31-4 B01호,2025,31.131081382000005,0.000321222378281469,낮음
0.1,172.20738607,서울특별시 은평구 대조동 172-64 지층우측,2025,17.220738607,0.0005806951855093564,낮음
0.1,172.11467155,서울특별시 은평구 대조동 84-95 지층 좌측(B101호),2025,17.211467155,0.0005810079936790839,낮음
0.1,142.23122437,서울특별시 은평구 대조동 171-22 지하 102호,2025,14.223122437,0.0007030804975696491,낮음
0.1,380.73041434,서울특별시 은평구 대조동 79-3 지층,2025,38.073041434,0.000262653038038348,낮음
0.1,163.24552811,서울특별시 은평구 대조동 171-65 101호,2025,16.324552811,0.0006125742074393416,낮음
0.1,128.0474563,서울특별시 은평구 응암동 583-11 B01호,2025,12.80474563,0.0007809604570801615,낮음
0.1,102.40572659,서울특별시 은평구 응암동 583-19,2025,10.240572659000001,0.0009765078900359571,낮음
0.1,193.82252491,서울특별시 은평구 응암동 583-58,2025,19.382252491000003,0.0005159359060379295,낮음
0.1,219.20964118,서울특별시 은평구 응암동 578-45 B01,2025,21.920964118,0.00045618431498588524,낮음
0.1,157.61402965,서울특별시 은평구 응암동 583-4 지하2호,2025,15.761402965,0.0006344612863592249,낮음
0.1,172.43431917,서울특별시 은평구 응암동 578-46 지하2호,2025,17.243431917000002,0.0005799309585315887,낮음
0.1,105.13422744,서울특별시 은평구 응암동 583-17 1층,2025,10.513422744000001,0.0009511650243215979,낮음
0.1,97.11672736,서울특별시 은평구 응암동 583-5 지층,2025,9.711672736,0.0010296887335310638,낮음
0.1,119.12501091,서울특별시 은평구 응암동 583-7 101호,2025,11.912501091000001,0.0008394542777884897,낮음
0.1,185.78943249,서울특별시 은평구 응암동 584-53 1층 네이티브바버샵,2025,18.578943249,0.0005382437454045318,낮음
0.1,105.38067013,서울특별시 은평구 응암동 589-13 지층 입구,2025,10.538067013000001,0.0009489406347163832,낮음
0.1,119.53185083,서울특별시 은평구 응암동 584-60 지층 좌,2025,11.953185083000001,0.0008365971019910125,낮음
0.1,115.49097763,서울특별시 은평구 응암동 584-55 지층 좌측,2025,11.549097763,0.0008658685037749991,낮음
0.1,97.54916462,서울특별시 은평구 응암동 578-56 -,2025,9.754916462,0.001025124104235512,낮음
0.1,158.35340805,서울특별시 은평구 응암동 584-57 B02호,2025,15.835340805000001,0.0006314988810877064,낮음
0.1,113.30328717,서울특별시 은평구 응암동 584-1 지하 좌측,2025,11.330328717,0.0008825869266260583,낮음
0.1,126.51865185,서울특별시 은평구 응암동 584-29 지하,2025,12.651865185,0.0007903972935038827,낮음
0.1,148.76927914,서울특별시 은평구 응암동 588-3 B02호,2025,14.876927914000001,0.0006721817876518347,낮음
0.1,140.31418296,서울특별시 은평구 응암동 588-4 지층 좌,2025,14.031418296000002,0.0007126863292822469,낮음
0.1,195.01723278,서울특별시 은평구 응암동 123-47 지츨,2025,19.501723278,0.0005127751972196762,낮음
0.1,159.69947108,서울특별시 은평구 응암동 419-168 지층,2025,15.969947108,0.000626176150263553,낮음
0.1,125.91436006,서울특별시 은평구 응암동 584-28 지하1층,2025,12.591436006000002,0.0007941905907503208,낮음
0.1,99.25632993,서울특별시 은평구 응암동 577-71 지층,2025,9.925632993,0.0010074924195819497,낮음
0.1,113.69050797,서울특별시 은평구 응암동 584-2 지층,2025,11.369050797,0.0008795809059661114,낮음
0.1,204.97508156,서울특별시 은평구 응암동 577-75 동명하이츠빌라 b02호,2025,20.497508156000002,0.0004878641795818881,낮음
0.1,127.92207013,서울특별시 은평구 응암동 584-31 반지하,2025,12.792207013,0.000781725935941903,낮음
0.1,143.49264447,서울특별시 은평구 응암동 588-5,2025,14.349264447,0.0006968998332239044,낮음
0.1,181.38401957,서울특별시 은평구 응암동 589-15 지층,2025,18.138401957,0.0005513164844238544,낮음
0.1,111.20500978,서울특별시 은평구 응암동 584-3 지층,2025,11.120500978,0.0008992400629956584,낮음
0.1,146.71358202,서울특별시 은평구 응암동 584-33 지층 1302호,2025,14.671358202,0.0006816001533270997,낮음
0.1,155.68371671,서울특별시 은평구 응암동 584-22 지층 우측,2025,15.568371671000001,0.0006423279332820343,낮음
0.1,184.75268371,서울특별시 은평구 응암동 589-28 지하 1층,2025,18.475268371000002,0.0005412641266795701,낮음
0.1,152.20303103,서울특별시 은평구 응암동 367-5 지층 우측,2025,15.220303103000001,0.0006570171390364065,낮음
0.1,145.97073379,서울특별시 은평구 응암동 584-20 지층 좌,2025,14.597073379000001,0.0006850688312895958,낮음
0.1,182.4410472,서울특별시 은평구 응암동 584-7 지층 나호,2025,18.244104720000003,0.0005481222648890825,낮음
0.1,177.83481862,서울특별시 은평구 응암동 588-9 지층,2025,17.783481862,0.0005623195770996986,낮음
0.1,156.92854291,서울특별시 은평구 응암동 589-27 지층101호,2025,15.692854291000002,0.0006372327056993765,낮음
0.1,68.23127842,서울특별시 은평구 응암동 126-17 지하1층,2025,6.823127842,0.0014656034932314552,낮음
0.1,152.74208228,서울특별시 은평구 응암동 376-22 지층 좌측,2025,15.274208228,0.0006546984204175274,낮음
0.1,221.64883215,서울특별시 은평구 응암동 241-45 지층,2025,22.164883215000003,0.000451164118619517,낮음
0.1,119.50736068,서울특별시 은평구 응암동 126-44 지층,2025,11.950736068000001,0.0008367685423809663,낮음
0.1,218.11622935,서울특별시 은평구 응암동 586-27 대양빌라지하 101호,2025,21.811622935000003,0.00045847115685983687,낮음
0.1,109.92356965,서울특별시 은평구 응암동 119-20 지층 우측,2025,10.992356965,0.0009097230040691278,낮음
0.1,103.776899,서울특별시 은평구 응암동 126-29,2025,10.3776899,0.0009636055901034392,낮음
0.1,185.01343676,서울특별시 은평구 응암동 578-66 지층,2025,18.501343676,0.0005405012833187912,낮음
0.1,119.1102078,서울특별시 은평구 응암동 585-30 102호,2025,11.911020780000001,0.0008395586058242106,낮음
0.1,154.59969955,서울특별시 은평구 응암동 585-19 B-1,2025,15.459969955,0.000646831787455437,낮음
0.1,146.20329797,서울특별시 은평구 응암동 578-24 B01호,2025,14.620329797,0.0006839790988881755,낮음
0.1,151.83531238,서울특별시 은평구 응암동 579-66 지층,2025,15.183531238,0.0006586083199784833,낮음
0.1,107.22118265,서울특별시 은평구 응암동 578-63 지하,2025,10.722118265,0.0009326515295622884,낮음
0.1,173.83149217,서울특별시 은평구 응암동 578-28 지층 1호,2025,17.383149217,0.0005752697555066958,낮음
0.1,188.19333439,서울특별시 은평구 응암동 578-30 지하 좌측,2025,18.819333439,0.0005313684479003189,낮음
0.1,106.62066153,서울특별시 은평구 응암동 577-34 지층,2025,10.662066153000001,0.0009379045164887002,낮음
0.1,136.91871193,서울특별시 은평구 응암동 583-1 지하 뒤,2025,13.691871193,0.0007303603619286547,낮음
0.1,204.58734264,서울특별시 은평구 응암동 578-61 지층2호,2025,20.458734264,0.0004887887916700886,낮음
0.1,140.9972399,서울특별시 은평구 응암동 578-42 지하,2025,14.099723990000001,0.0007092337415322695,낮음
0.1,121.96964945,서울특별시 은평구 응암동 351-2 지층,2025,12.196964945000001,0.0008198760958232794,낮음
0.1,124.69429649,서울특별시 은평구 응암동 588-2 101호 102호,2025,12.469429649,0.0008019612990720841,낮음
0.1,198.052178,서울특별시 은평구 응암동 123-42 B02,2025,19.8052178,0.0005049174465528979,낮음
0.1,223.58750763,서울특별시 은평구 응암동 118-76 지층2호,2025,22.358750763000003,0.0004472521790684447,낮음
0.1,172.24888017,서울특별시 은평구 응암동 120-49 지층 2호,2025,17.224888017,0.0005805552982481256,낮음
0.1,147.85279588,서울특별시 은평구 응암동 113-7 B102호,2025,14.785279588000002,0.0006763483869534791,낮음
0.1,110.85402512,서울특별시 은평구 응암동 111-24 B01호,2025,11.085402512000002,0.0009020872258968453,낮음
0.1,124.95382624,서울특별시 은평구 응암동 117-27 지하 좌측,2025,12.495382624000001,0.0008002956212635622,낮음
0.1,169.13908501,서울특별시 은평구 응암동 111-27 B02호,2025,16.913908501,0.0005912294014957436,낮음
0.1,153.42402122,서울특별시 은평구 응암동 113-31 B02호,2025,15.342402122,0.0006517884175164889,낮음
0.1,145.31602068,서울특별시 은평구 응암동 113-32 영빈빌라 라동 b01호,2025,14.531602068000002,0.0006881553701515796,낮음
0.1,220.286551,서울특별시 은평구 응암동 113-3 지하 1호,2025,22.0286551,0.0004539541771662674,낮음
0.1,149.55382168,서울특별시 은평구 응암동 119-8 지층 4호,2025,14.955382168,0.0006686555975411301,낮음
0.1,181.32703205,서울특별시 은평구 역촌동 64-66 지층 101호,2025,18.132703205000002,0.0005514897523521232,낮음
0.1,176.64266807,서울특별시 은평구 역촌동 18-15 B01호,2025,17.664266807,0.0005661146374916165,낮음
0.1,186.34969985,서울특별시 은평구 역촌동 10-90 지하1호,2025,18.634969985,0.0005366254954018913,낮음
0.1,205.08146539,서울특별시 은평구 역촌동 63-58 101호,2025,20.508146539000002,0.0004876111052250952,낮음
0.1,142.46498992,서울특별시 은평구 역촌동 65-2 지하02,2025,14.246498992,0.0007019268387001899,낮음
0.1,237.94217373,서울특별시 은평구 역촌동 60-2 1층,2025,23.794217373000002,0.00042027017923049214,낮음
0.1,183.44461619,서울특별시 은평구 역촌동 61-17 B01호,2025,18.344461619,0.000545123656812182,낮음
0.1,187.74451512,서울특별시 은평구 역촌동 28-1 미성빌라 지층2호,2025,18.774451512,0.0005326387294781068,낮음
0.1,336.14420267,서울특별시 은평구 역촌동 60-19 b01,2025,33.61442026700001,0.00029749137187462413,낮음
0.1,338.97999793,서울특별시 은평구 역촌동 60-27 나동 B02호,2025,33.897999793000004,0.00029500265682534514,낮음
0.1,183.64970496,서울특별시 은평구 역촌동 63-42 b01호,2025,18.364970496,0.0005445148960178324,낮음
0.1,131.19520272,서울특별시 은평구 역촌동 11-36 지층,2025,13.119520272,0.000762222992356073,낮음
0.1,485.7782878,서울특별시 은평구 역촌동 17-48 B01호,2025,48.577828780000004,0.00020585522760369038,낮음
0.1,177.27683313,서울특별시 은평구 역촌동 23-52 별층 나호,2025,17.727683313,0.000564089499086823,낮음
0.1,182.54259218,서울특별시 은평구 역촌동 201-8 지층,2025,18.254259218,0.0005478173548745975,낮음
0.1,173.86057586,서울특별시 은평구 역촌동 9-26 B01,2025,17.386057586000003,0.0005751735234129461,낮음
0.1,139.12244626,서울특별시 은평구 역촌동 27-44 B02호,2025,13.912244626000001,0.0007187912712023067,낮음
0.1,314.98557622,서울특별시 은평구 역촌동 47-33 혜성빌라 지하 1호,2025,31.498557622,0.000317474854563358,낮음
0.1,157.26966213,서울특별시 은평구 역촌동 47-35 b01호,2025,15.726966213,0.0006358505426007683,낮음
0.1,113.33062453,서울특별시 은평구 역촌동 22-29 지층,2025,11.333062453,0.0008823740309798504,낮음
0.1,134.85634309,서울특별시 은평구 역촌동 25-138 지층우,2025,13.485634309,0.0007415298213541378,낮음
0.1,159.67167653,서울특별시 은평구 역촌동 47-14 광일빌라연립 B01호,2025,15.967167653000002,0.0006262851507118198,낮음
0.1,123.89732957,서울특별시 은평구 역촌동 10-50 지하 안쪽,2025,12.389732957,0.000807119897959557,낮음
0.1,133.38955771,서울특별시 은평구 역촌동 9-33 지층1호,2025,13.338955771,0.0007496838711873409,낮음
0.1,312.14529667,서울특별시 은평구 역촌동 54-6 지층,2025,31.214529667,0.0003203636289471951,낮음
0.1,117.07214449,서울특별시 은평구 역촌동 60-10 지층,2025,11.707214449,0.0008541741541989243,낮음
0.1,265.54102018,서울특별시 은평구 역촌동 74-38 지층1호,2025,26.554102018,0.00037658965056402164,낮음
0.1,162.24694298,서울특별시 은평구 역촌동 63-52 지층2호,2025,16.224694298,0.0006163444325254676,낮음
0.1,152.73548746,서울특별시 은평구 역촌동 26-1,2025,15.273548746000001,0.0006547266890164545,낮음
0.1,97.92838101,서울특별시 은평구 역촌동 27-48 지층3호,2025,9.792838101000001,0.001021154429069837,낮음
0.1,123.44259461,서울특별시 은평구 역촌동 10-63 지층1호,2025,12.344259461,0.0008100931474742275,낮음
0.1,200.59788186,서울특별시 은평구 응암동 592-50 지층 1호,2025,20.059788186000002,0.0004985097503162639,낮음
0.1,197.44111572,서울특별시 은평구 응암동 592-83 지층1호,2025,19.744111572,0.0005064801200871172,낮음
0.1,172.05837691,서울특별시 은평구 응암동 597-18 벧엘하우스 지하 04호,2025,17.205837691,0.0005811980898338233,낮음
0.1,100.966814,서울특별시 은평구 응암동 594-67 지하좌측,2025,10.096681400000001,0.0009904244378752013,낮음
0.1,230.47927812,서울특별시 은평구 응암동 594-57 지층,2025,23.047927812,0.00043387848493665703,낮음
0.1,130.3580824,서울특별시 은평구 응암동 594-66 지층,2025,13.035808240000001,0.0007671177587067667,낮음
0.1,133.75163338,서울특별시 은평구 응암동 594-65 지층,2025,13.375163338,0.0007476544209063326,낮음
0.1,161.76689472,서울특별시 은평구 응암동 592-64 지층 1호,2025,16.176689472000003,0.0006181734536790643,낮음
0.1,171.9073234,서울특별시 은평구 응암동 594-55 지층,2025,17.19073234,0.0005817087836759374,낮음
0.1,141.91175091,"서울특별시 은평구 응암동 594-54 지층 1, 2호",2025,14.191175091,0.0007046632809387273,낮음
0.1,119.94764121,서울특별시 은평구 응암동 596-25 1층,2025,11.994764121000001,0.0008336970947592343,낮음
0.1,107.96261091,서울특별시 은평구 응암동 592-53 지층1호,2025,10.796261091,0.0009262465881207913,낮음
0.1,169.89589462,서울특별시 은평구 응암동 592-59 1층,2025,16.989589462,0.0005885957410781843,낮음
0.1,162.98337372,서울특별시 은평구 응암동 596-9 지층 좌측,2025,16.298337372000002,0.000613559516640002,낮음
0.1,316.62523313,서울특별시 은평구 응암동 592-57 지하,2025,31.662523313000005,0.00031583079785350523,낮음
0.1,195.22193912,서울특별시 은평구 응암동 592-61 지층,2025,19.522193912000002,0.0005122375100399526,낮음
0.1,142.57934635,서울특별시 은평구 응암동 592-60 지하,2025,14.257934635000002,0.0007013638550040947,낮음
0.1,135.61977338,서울특별시 은평구 응암동 696-43 지층 나호,2025,13.561977338,0.0007373556046270987,낮음
0.1,171.78212482,서울특별시 은평구 응암동 596-14 지하1층 좌측,2025,17.178212482000003,0.0005821327457951978,낮음
0.1,135.06229544,서울특별시 은평구 응암동 588-8 지층 가호,2025,13.506229544000002,0.0007403990852830125,낮음
0.1,128.94138102,서울특별시 은평구 응암동 588-12 지층 우측,2025,12.894138102,0.000775546214946225,낮음
0.1,191.56598094,서울특별시 은평구 응암동 589-17,2025,19.156598094,0.0005220133528370093,낮음
0.1,137.02634828,서울특별시 은평구 응암동 591-24 지층 좌,2025,13.702634828,0.0007297866523864428,낮음
0.1,132.7320623,서울특별시 은평구 응암동 593-37 지하,2025,13.27320623,0.0007533974705672904,낮음
0.1,213.66383994,서울특별시 은평구 응암동 589-19 지층101호,2025,21.366383994000003,0.0004680249125358858,낮음
0.1,146.25061247,서울특별시 은평구 응암동 590-57 B02호,2025,14.625061247,0.0006837578202998141,낮음
0.1,122.95430027,서울특별시 은평구 응암동 588-18 b01,2025,12.295430027000002,0.0008133103094434779,낮음
0.1,137.47885343,서울특별시 은평구 응암동 588-24 지하우측,2025,13.747885343,0.0007273845941035357,낮음
0.1,108.79855634,서울특별시 은평구 응암동 593-2 지층 뒤쪽,2025,10.879855634000002,0.0009191298429318846,낮음
0.1,158.11644725,서울특별시 은평구 응암동 588-28 B01호,2025,15.811644725,0.0006324452752336934,낮음
0.1,127.61291795,서울특별시 은평구 응암동 701-23,2025,12.761291795,0.0007836197275826025,낮음
0.1,117.41113953,서울특별시 은평구 응암동 593-3 102호(지하),2025,11.741113953000001,0.0008517079418554554,낮음
0.1,167.85534384,서울특별시 은평구 응암동 595-18 지하B102호,2025,16.785534383999998,0.0005957510658422658,낮음
0.1,220.67534624,서울특별시 은평구 응암동 587-43 지층 2호,2025,22.067534624000004,0.00045315438132922627,낮음
0.1,127.3510198,서울특별시 은평구 응암동 593-4 지하4호,2025,12.735101980000001,0.000785231246338241,낮음
0.1,148.07179146,서울특별시 은평구 응암동 595-19 지층 2호,2025,14.807179146,0.000675348079563243,낮음
0.1,161.63840181,서울특별시 은평구 응암동 595-23 b03호,2025,16.163840181,0.0006186648647859457,낮음
0.1,106.48604616,서울특별시 은평구 응암동 595-10 지층02호,2025,10.648604616,0.0009390901775970307,낮음
0.1,189.63365197,서울특별시 은평구 응암동 587-4 지하좌측,2025,18.963365196999998,0.0005273325644533808,낮음
0.1,137.27092325,서울특별시 은평구 응암동 593-5 지하101호,2025,13.727092325000001,0.0007284863948782395,낮음
0.1,77.4558515,서울특별시 은평구 응암동 595-40   지층,2025,7.74558515,0.0012910580422706994,낮음
0.1,111.71683168,서울특별시 은평구 응암동 595-39 반지하,2025,11.171683168000001,0.0008951202651936862,낮음
0.1,163.02697331,서울특별시 은평구 응암동 595-31 B02호,2025,16.302697331,0.0006133954275765608,낮음
0.1,165.16900161,서울특별시 은평구 응암동 595-22 B02호,2025,16.516900161000002,0.000605440482325623,낮음
0.1,190.09164978,서울특별시 은평구 응암동 733-14 지하,2025,19.009164978,0.0005260620343699139,낮음
0.1,104.19917615,서울특별시 은평구 응암동 593-20 지층 2호,2025,10.419917615000001,0.0009597004860772118,낮음
0.1,135.5348706,서울특별시 은평구 응암동 595-21 지층B,2025,13.553487060000002,0.0007378175045086884,낮음
0.1,137.25594664,서울특별시 은평구 응암동 593-7 1층,2025,13.725594663999999,0.0007285658832857984,낮음
0.1,147.14055833,서울특별시 은평구 응암동 595-13 지층 우측,2025,14.714055833000002,0.0006796222682241334,낮음
0.1,173.06249758,서울특별시 은평구 응암동 594-74 B 3호,2025,17.306249758000003,0.00057782593801857,낮음
0.1,135.31356825,서울특별시 은평구 응암동 594-76 나동 102호,2025,13.531356825000001,0.0007390241887291299,낮음
0.1,134.61658125,서울특별시 은평구 응암동 594-77 지층,2025,13.461658125,0.0007428505394464548,낮음
0.1,157.19043,서울특별시 은평구 응암동 594-78 지층 우측,2025,15.719043,0.0006361710442550479,낮음
0.1,90.93942122,"서울특별시 은평구 응암동 593-9 1층, 2층",2025,9.093942122,0.0010996331256395476,낮음
0.1,115.92937118,서울특별시 은평구 응암동 587-6 미즈머리까끼,2025,11.592937118000002,0.0008625941724874282,낮음
0.1,130.56521949,서울특별시 은평구 응암동 592-15 지층 우측,2025,13.056521949,0.0007659007535897338,낮음
0.1,217.74669184,서울특별시 은평구 응암동 594-79 101호,2025,21.774669184000004,0.0004592492274164141,낮음
0.1,52.80820421,서울특별시 은평구 응암동 593-12,2025,5.2808204210000005,0.0018936451541191313,낮음
0.1,88.46196411,서울특별시 은평구 응암동 597-23 b01호,2025,8.846196411,0.001130429343346399,낮음
0.1,129.73317416,서울특별시 은평구 응암동 597-12 지하좌측,2025,12.973317416,0.0007708128676222008,낮음
0.1,110.82351088,서울특별시 은평구 응암동 594-84 지층,2025,11.082351088000001,0.0009023356073629564,낮음
0.1,163.2385249,서울특별시 은평구 응암동 594-10 지층 우측,2025,16.32385249,0.0006126004879133775,낮음
0.1,124.67805497,서울특별시 은평구 응암동 594-12 지층 우측,2025,12.467805497,0.0008020657687037384,낮음
0.1,96.57506023,서울특별시 은평구 응암동 594-19 지층1호,2025,9.657506023000002,0.001035464018990444,낮음
0.1,190.48561612,서울특별시 은평구 응암동 590-27 상가 지층,2025,19.048561612,0.000524974021854769,낮음
0.1,137.68252083,서울특별시 은평구 응암동 587-27,2025,13.768252083,0.000726308607637076,낮음
0.1,187.22283929,서울특별시 은평구 응암동 592-29 지층4호,2025,18.722283929,0.0005341228686586917,낮음
0.1,104.10632396,서울특별시 은평구 응암동 592-22 지층1호,2025,10.410632396,0.0009605564407251789,낮음
0.1,111.57863081,서울특별시 은평구 응암동 594-26 지하층,2025,11.157863081000002,0.0008962289577677602,낮음
0.1,59.22082821,서울특별시 은평구 응암동 594-17 지상1층,2025,5.922082821,0.001688595094371106,낮음
0.1,95.2075642,서울특별시 은평구 응암동 594-20 지층 좌,2025,9.52075642,0.0010503367126369568,낮음
0.1,93.0811133,서울특별시 은평구 응암동 594-25 지층101호,2025,9.308111330000001,0.00107433180002586,낮음
0.1,117.40342454,서울특별시 은평구 응암동 594-99,2025,11.740342454,0.0008517639105657387,낮음
0.1,106.53645914,서울특별시 은평구 응암동 594-4 지층,2025,10.653645914000002,0.0009386458007637515,낮음
0.1,166.7470243,서울특별시 은평구 응암동 591-35 지하 102호,2025,16.67470243,0.0005997108519315269,낮음
0.1,149.83885568,서울특별시 은평구 응암동 597-38 지층가호,2025,14.983885568,0.0006673836338790706,낮음
0.1,98.55152301,서울특별시 은평구 응암동 592-87 지하좌측,2025,9.855152301,0.001014697662154374,낮음
0.1,163.12881025,서울특별시 은평구 응암동 594-21 지층,2025,16.312881025,0.000613012501266618,낮음
0.1,129.65600853,서울특별시 은평구 응암동 594-23 지하 우,2025,12.965600853000002,0.0007712716219924498,낮음
0.1,227.23692048,서울특별시 은평구 응암동 594-69 지층 1호,2025,22.723692048000004,0.00044006933287410655,낮음
0.1,153.63457896,서울특별시 은평구 응암동 594-58 지층우측,2025,15.363457896,0.0006508951349164422,낮음
0.1,172.65922407,서울특별시 은평구 응암동 594-22 지하1호,2025,17.265922407,0.0005791755438415368,낮음
0.1,206.08037509,서울특별시 은평구 신사동 29-85 지층B호,2025,20.608037509,0.0004852475639969489,낮음
0.1,80657.83913145,서울특별시 은평구 응암동 769 상가A동 109호,2025,8065.783913145001,1.2398050961547286e-06,낮음
0.1,170.14448635,서울특별시 은평구 역촌동 66-36,2025,17.014448635,0.0005877357659083498,낮음
0.1,135.41514042,서울특별시 은평구 역촌동 42-24 B02호,2025,13.541514042000001,0.0007384698615667544,낮음
0.1,151.55110472,서울특별시 은평구 신사동 20-30 지하,2025,15.155110472000002,0.0006598434249935436,낮음
0.1,338.76943891,서울특별시 은평구 신사동 14-31 지상 1층,2025,33.876943891,0.00029518601300563814,낮음
0.1,130.3454635,서울특별시 은평구 역촌동 83-35 b01,2025,13.03454635,0.0007671920242931969,낮음
0.1,144.79667372,서울특별시 은평구 신사동 14-2 지하 나호,2025,14.479667372000002,0.0006906235994990783,낮음
0.1,148.87558508,서울특별시 은평구 역촌동 84-8 b02호,2025,14.887558508000001,0.0006717018102482275,낮음
0.1,287.05753025,서울특별시 은평구 신사동 22-35 103호,2025,28.705753025000003,0.00034836222520590016,낮음
0.1,208.03867901,서울특별시 은평구 신사동 29-8   101호,2025,20.803867901000004,0.0004806798450935809,낮음
0.1,181.79880641,서울특별시 은평구 역촌동 34-47 한양빌라 지층 101호,2025,18.179880641,0.0005500586168562404,낮음
0.1,288.06927503,서울특별시 은평구 역촌동 65-10 B01,2025,28.806927502999997,0.0003471387220646348,낮음
0.1,109.35957893,서울특별시 은평구 역촌동 65-22 지층,2025,10.935957893000001,0.0009144146400198655,낮음
0.1,128.94948577,서울특별시 은평구 역촌동 83-7 지층2호,2025,12.894948577000001,0.0007754974702137582,낮음
0.1,142.27690195,서울특별시 은평구 역촌동 83-6 지층 좌쪽,2025,14.227690195000001,0.000702854775648283,낮음
0.1,132.82296745,서울특별시 은평구 역촌동 83-10 지층,2025,13.282296745,0.0007528818390361901,낮음
0.1,130.1201145,서울특별시 은평구 역촌동 83-12 지층102호,2025,13.012011450000001,0.0007685206886288131,낮음
0.1,287.08647242,서울특별시 은평구 역촌동 81-59 B02,2025,28.708647242,0.000348327105617511,낮음
0.1,138.70671264,서울특별시 은평구 역촌동 83-14 지층 101호,2025,13.870671264000002,0.0007209456420435861,낮음
0.1,214.52368832,서울특별시 은평구 역촌동 63-34 지층1호,2025,21.452368832,0.00046614898700992095,낮음
0.1,125.30192953,서울특별시 은평구 역촌동 78-14 지하1층,2025,12.530192953,0.0007980723072269836,낮음
0.1,134.58275082,서울특별시 은평구 역촌동 42-21 b02호,2025,13.458275082,0.0007430372717953039,낮음
0.1,119.62845299,서울특별시 은평구 신사동 13-30 지층,2025,11.962845299000001,0.0008359215345563252,낮음
0.1,116.32381082,서울특별시 은평구 신사동 338-12 지층1호,2025,11.632381082000002,0.0008596692224495676,낮음
0.1,117.77937809,서울특별시 은평구 증산동 189-33 지층,2025,11.777937809,0.0008490450673256736,낮음
0.1,148.87451756,서울특별시 은평구 증산동 189-32 지하 1호,2025,14.887451755999999,0.0006717066267549624,낮음
0.1,125.63804748,서울특별시 은평구 신사동 341-20 지하 1호,2025,12.563804748,0.0007959372340287185,낮음
0.1,159.28815491,서울특별시 은평구 신사동 340-35 지층1호,2025,15.928815491000002,0.0006277930713460858,낮음
0.1,143.48279912,서울특별시 은평구 증산동 169-20 101호,2025,14.348279912000002,0.0006969476523549438,낮음
0.1,121.60700488,서울특별시 은평구 신사동 338-28 지층 우측,2025,12.160700488000002,0.000822321050491117,낮음
0.1,153.68982938,서울특별시 은평구 신사동 338-33 지층 우측,2025,15.368982938,0.0006506611426625295,낮음
0.1,164.11228612,서울특별시 은평구 증산동 171-17 1층,2025,16.411228612,0.0006093389006041835,낮음
0.1,168.8225278,서울특별시 은평구 증산동 172-40 지층,2025,16.882252779999998,0.0005923380090509462,낮음
0.1,158.09510469,서울특별시 은평구 증산동 172-27 지하101호,2025,15.809510469000001,0.0006325306542292028,낮음
0.1,155.3999481,서울특별시 은평구 증산동 172-24 B02호,2025,15.53999481,0.000643500858415023,낮음
0.1,166.99951756,서울특별시 은평구 증산동 172-15 지하 2호,2025,16.699951756,0.0005988041250722283,낮음
0.1,133.57847951,서울특별시 은평구 증산동 172-34 101호,2025,13.357847951,0.000748623583430696,낮음
0.1,151.27222588,서울특별시 은평구 증산동 186-18 지하1호,2025,15.127222588000002,0.0006610598833874977,낮음
0.1,162.58487561,서울특별시 은평구 증산동 172-7 우측,2025,16.258487561000003,0.0006150633607511852,낮음
0.1,181.76180931,서울특별시 은평구 증산동 172-14 지하 1호,2025,18.176180931,0.0005501705797252884,낮음
0.1,219.43912502,서울특별시 은평구 증산동 185-17 1층,2025,21.943912502000003,0.0004557072490645679,낮음
0.1,109.15320646,서울특별시 은평구 증산동 190-3 101호,2025,10.915320646000001,0.0009161434944803545,낮음
0.1,158.31653751,서울특별시 은평구 증산동 92-11 지하 102호,2025,15.831653751,0.00063164595166619,낮음
0.1,152.14915871,서울특별시 은평구 증산동 185-16,2025,15.214915871,0.0006572497728403641,낮음
0.1,201.68568535,서울특별시 은평구 증산동 204-17 지층,2025,20.168568535000002,0.000495821008944996,낮음
0.1,188.34913679,서울특별시 은평구 증산동 176-12 지층 2호,2025,18.834913679,0.0005309288999370094,낮음
0.1,126.44628672,서울특별시 은평구 증산동 184-7 102호,2025,12.644628672000001,0.0007908496373755751,낮음
0.1,191.91541424,서울특별시 은평구 증산동 176-3 B02호,2025,19.191541424,0.0005210628880228709,낮음
0.1,136.58088339,서울특별시 은평구 증산동 205-22 지층1호,2025,13.658088339,0.0007321668854231593,낮음
0.1,170.93202118,서울특별시 은평구 증산동 177-18 지층 105호,2025,17.093202118,0.0005850278918465194,낮음
0.1,6084.4824463,서울특별시 은평구 진관동 산109-14 선림사 1호,2025,608.4482446300001,1.643525162289036e-05,낮음
0.1,168.76138396,서울특별시 은평구 불광동 104-66 지층 2호(B02),2025,16.876138395999998,0.0005925526186944646,낮음
0.1,287.30556078,서울특별시 은평구 불광동 471-21 B01,2025,28.730556078000003,0.00034806148453413866,낮음
0.1,142.30643819,서울특별시 은평구 녹번동 159-20 지층 B01호,2025,14.230643819,0.0007027088954786805,낮음
0.1,111.66853654,서울특별시 은평구 녹번동 157-2 지층,2025,11.166853654,0.0008955073926681192,낮음
0.1,164.98163464,서울특별시 은평구 녹번동 160-6 지하 103호,2025,16.498163464,0.0006061280712741519,낮음
0.1,112.15372209,서울특별시 은평구 녹번동 157-38 지층,2025,11.215372209000002,0.000891633359432806,낮음
0.1,199.95252827,서울특별시 은평구 녹번동 117-55 지층 01호,2025,19.995252827,0.0005001187075012523,낮음
0.1,175.61720052,서울특별시 은평구 불광동 104-2 1층 금채컴퍼니,2025,17.561720052000002,0.0005694203056642598,낮음
0.1,128.92150621,서울특별시 은평구 구산동 17-50 지층2호,2025,12.892150620999999,0.0007756657747785711,낮음
0.1,142.17949989,서울특별시 은평구 구산동 19-51 지층1호,2025,14.217949989,0.0007033362761675699,낮음
0.1,161.02355182,서울특별시 은평구 응암동 227-67 지층 다호,2025,16.102355182,0.000621027165714149,낮음
0.1,140.30214733,서울특별시 은평구 갈현동 507-8 지층 2호,2025,14.030214733000001,0.0007127474661153499,낮음
0.1,205.59782742,서울특별시 은평구 대조동 9-44 지층2호,2025,20.559782742,0.0004863864626143043,낮음
0.1,166.2323445,서울특별시 은평구 응암동 101-31 희망다세연립 B01호,2025,16.62323445,0.0006015676449777799,낮음
0.1,123.64431077,서울특별시 은평구 역촌동 6-4 지층2호,2025,12.364431077,0.000808771542962599,낮음
0.1,164.38337307,서울특별시 은평구 역촌동 6-42 지층,2025,16.438337307,0.0006083340311882797,낮음
0.1,104.2117031,서울특별시 은평구 대조동 215-7 101호,2025,10.42117031,0.0009595851236021112,낮음
0.1,332.65901655,서울특별시 은평구 대조동 214-45 지하 101호,2025,33.265901655,0.0003006081152920429,낮음
0.1,131.32366353,서울특별시 은평구 응암동 118-43 101호(지층),2025,13.132366353000002,0.0007614773858113978,낮음
0.1,170.53831213,서울특별시 은평구 대조동 83-3 반지하 102호,2025,17.053831213000002,0.0005863785019976672,낮음
0.1,134.13878665,서울특별시 은평구 역촌동 46-5 101호,2025,13.413878664999999,0.0007454965301044791,낮음
0.1,177.40807086,서울특별시 은평구 구산동 3-22 지하2호,2025,17.740807086,0.000563672213531447,낮음
0.1,152.80510275,서울특별시 은평구 응암동 120-11 지층,2025,15.280510275000001,0.0006544284071691447,낮음
0.1,43.50027474,서울특별시 은평구 불광동 188-1,2025,4.350027474,0.0022988360555811975,낮음
0.1,127.77693495,서울특별시 은평구 불광동 377-5 지층 101호(지하 좌측),2025,12.777693495000001,0.0007826138578072067,낮음
0.1,187.65403872,서울특별시 은평구 갈현동 484-2 1층,2025,18.765403872,0.0005328955384179648,낮음
0.1,224.32821667,서울특별시 은평구 불광동 331-162 B01호,2025,22.432821667,0.00044577539769375464,낮음
0.1,173.58200291,서울특별시 은평구 불광동 331-154 B01호,2025,17.358200291,0.0005760965902199475,낮음
0.1,139.59020385,서울특별시 은평구 갈현동 513-6 지하 좌측,2025,13.959020385,0.0007163826489390144,낮음
0.1,262.72684958,서울특별시 은평구 불광동 221-32 지층 2호,2025,26.272684958000003,0.00038062345040052755,낮음
0.1,267.70546935,서울특별시 은평구 갈현동 414-29 B02호,2025,26.770546935,0.00037354485226919035,낮음
0.1,133.95715702,서울특별시 은평구 갈현동 422-7,2025,13.395715702000002,0.0007465073328263443,낮음
0.1,205.54830004,서울특별시 은평구 갈현동 436-2,2025,20.554830004,0.00048650365865609137,낮음
0.1,257.25750799,서울특별시 은평구 불광동 239-11 지하1층 나염공장,2025,25.725750799000004,0.0003887155744503564,낮음
0.1,131.74254665,서울특별시 은평구 불광동 238-149 지하 1호,2025,13.174254665000001,0.0007590562239977771,낮음
0.1,105.02335713,서울특별시 은평구 불광동 239-49,2025,10.502335713,0.0009521691434431869,낮음
0.1,109.15889854,서울특별시 은평구 불광동 239-59 지하 우측 B01호,2025,10.915889854,0.0009160957222681776,낮음
0.1,70.8779157,서울특별시 은평구 불광동 238-131 지층,2025,7.08779157,0.0014108767027414153,낮음
0.1,70.46932161,서울특별시 은평구 불광동 238-132 1층,2025,7.046932161,0.00141905722540416,낮음
0.1,476.53113999,서울특별시 은평구 갈현동 410-1 1층,2025,47.653113999,0.0002098498746631721,낮음
0.1,134.82128832,서울특별시 은평구 갈현동 409-2 1층,2025,13.482128832,0.0007417226259005088,낮음
0.1,152.10163893,서울특별시 은평구 불광동 377-18 지층 바깥쪽(첫번째집),2025,15.210163893,0.0006574551116179745,낮음
0.1,141.20407474,서울특별시 은평구 불광동 140-20 지층 안쪽,2025,14.120407474000002,0.0007081948604112924,낮음
0.1,120.51168786,서울특별시 은평구 불광동 143-13 지하 1층,2025,12.051168786,0.0008297950329612121,낮음
0.1,136.52705668,서울특별시 은평구 갈현동 426-12 나라주택 지층1호,2025,13.652705668,0.0007324555471402697,낮음
0.1,159.76705446,서울특별시 은평구 불광동 243-20 지층 좌측,2025,15.976705446,0.0006259112702427424,낮음
0.1,97.99525385,서울특별시 은평구 갈현동 393-13 1층,2025,9.799525385,0.001020457584130234,낮음
0.1,146.97136583,서울특별시 은평구 수색동 310-14 지층2호,2025,14.697136583,0.0006804046450494908,낮음
0.1,132.88891812,서울특별시 은평구 갈현동 403-29 1층,2025,13.288891812000001,0.0007525081956773779,낮음
0.1,138.31682497,서울특별시 은평구 갈현동 403-9 지하 1층,2025,13.831682497000001,0.0007229778446815081,낮음
0.1,131.72889252,서울특별시 은평구 불광동 351-16 지층 우측,2025,13.172889252,0.0007591349026548395,낮음
0.1,244.8014825,서울특별시 은평구 불광동 170-139 지하 101호,2025,24.48014825,0.0004084942581996006,낮음
0.1,117.08565512,서울특별시 은평구 갈현동 403-36 1층,2025,11.708565512,0.0008540755901951519,낮음
0.1,120.4799519,서울특별시 은평구 갈현동 402-13 비102호,2025,12.047995190000002,0.0008300136115841195,낮음
0.1,121.54350041,서울특별시 은평구 불광동 348-24 지층,2025,12.154350041,0.0008227506996480456,낮음
0.1,177.44734996,서울특별시 은평구 불광동 312-122 B102,2025,17.744734996000002,0.0005635474411003709,낮음
0.1,149.37511471,서울특별시 은평구 갈현동 449-33 지하,2025,14.937511471,0.0006694555528485593,낮음
0.1,128.10209947,서울특별시 은평구 갈현동 402-20 지층,2025,12.810209947000002,0.0007806273309628217,낮음
0.1,219.98484105,서울특별시 은평구 갈현동 400-16 지층,2025,21.998484105000003,0.0004545767768483246,낮음
0.1,165.19293863,서울특별시 은평구 불광동 344-17 지층,2025,16.519293862999998,0.000605352751935605,낮음
0.1,278.85064435,서울특별시 은평구 갈현동 400-5 1층,2025,27.885064435,0.00035861491456510604,낮음
0.1,143.58163655,서울특별시 은평구 갈현동 453-20 지하,2025,14.358163655000002,0.0006964678938255214,낮음
0.1,154.13010645,서울특별시 은평구 불광동 218-28 101호,2025,15.413010645,0.0006488025104455509,낮음
0.1,136.61744381,서울특별시 은평구 불광동 344-24 지층 좌측,2025,13.661744381,0.0007319709490325005,낮음
0.1,118.10601252,서울특별시 은평구 갈현동 456-6 1층,2025,11.810601252,0.0008466969451116307,낮음
0.1,246.04245947,서울특별시 은평구 갈현동 456-32 1층,2025,24.604245947000003,0.0004064339147617447,낮음
0.1,285.53565818,서울특별시 은평구 갈현동 517-4 B01호,2025,28.553565818,0.0003502189556197587,낮음
0.1,165.71414835,서울특별시 은평구 갈현동 12-12 302호,2025,16.571414835,0.0006034487760742852,낮음
0.1,187.73639678,서울특별시 은평구 불광동 326-1 지하 우측,2025,18.773639678000002,0.0005326617625307126,낮음
0.1,370.81574573,서울특별시 은평구 갈현동 6-12 102호,2025,37.081574573000005,0.000269675711324331,낮음
0.1,405.00878583,서울특별시 은평구 불광동 184-9 101호,2025,40.500878583,0.00024690822396621884,낮음
0.1,57.54475059,서울특별시 은평구 불광동 185-2,2025,5.754475059000001,0.001737777972355619,낮음
0.1,708.80030715,서울특별시 은평구 진관동 293-6,2025,70.880030715,0.00014108346030786565,낮음
0.1,141.99222091,서울특별시 은평구 신사동 204-8 지층,2025,14.199222091,0.0007042639333276135,낮음
0.1,335.80201715,서울특별시 은평구 갈현동 13-9 202호,2025,33.580201715,0.0002977945184746488,낮음
0.1,144.8221811,서울특별시 은평구 증산동 169-13 B01호,2025,14.48221811,0.0006905019606834247,낮음
0.1,614.26873716,서울특별시 은평구 증산동 186-12 지층 102호,2025,61.426873716,0.00016279519687480493,낮음
0.1,161.93335236,서울특별시 은평구 증산동 172-23 101호,2025,16.193335236,0.0006175380089562175,낮음
0.1,170.9882124,서울특별시 은평구 증산동 185-3 103호,2025,17.098821240000003,0.0005848356363072896,낮음
0.1,116.21209156,서울특별시 은평구 증산동 184-10 B02호,2025,11.621209156,0.0008604956563265214,낮음
0.1,5996.75134853,서울특별시 은평구 진관동 290,2025,599.675134853,1.6675695587163754e-05,낮음
0.1,128.1412401,서울특별시 은평구 응암동 592-49 지하,2025,12.81412401,0.000780388889025587,낮음
0.1,198.18179026,서울특별시 은평구 응암동 592-31 지하2호,2025,19.818179026000003,0.0005045872270545509,낮음
0.1,117.82025074,서울특별시 은평구 응암동 596-31 지층 좌측,2025,11.782025074000002,0.0008487505277906354,낮음
0.1,92.78822298,서울특별시 은평구 응암동 592-54 지층,2025,9.278822298,0.001077722978071845,낮음
0.1,134.44799949,서울특별시 은평구 응암동 592-38 행보공간빌라 1동 101호,2025,13.444799949,0.0007437819854466323,낮음
0.1,116.13102033,서울특별시 은평구 응암동 596-7 B02호,2025,11.613102033,0.0008610963695646366,낮음
0.1,338.57702081,서울특별시 은평구 역촌동 55-34 지층,2025,33.857702081000006,0.0002953537713834313,낮음
0.1,132.81704298,서울특별시 은평구 신사동 338-29 지층 좌측,2025,13.281704298000001,0.0007529154222704561,낮음
0.1,169.38553981,서울특별시 은평구 신사동 338-32 지층 103호,2025,16.938553981000002,0.0005903691667669516,낮음
0.1,66.31441099,서울특별시 은평구 응암동 593-13 1층,2025,6.631441099,0.001507967853549656,낮음
0.1,288.53038076,서울특별시 은평구 증산동 202-4 B01호,2025,28.853038076000004,0.0003465839532620315,낮음
0.1,138.82400664,서울특별시 은평구 역촌동 64-11 지층,2025,13.882400664,0.0007203365067781191,낮음
0.1,164.57034515,서울특별시 은평구 응암동 596-6 지층 좌측,2025,16.457034515,0.0006076428891782026,낮음
0.1,92.57523451,서울특별시 은평구 응암동 595-56 지층,2025,9.257523451,0.0010802025026379813,낮음
0.1,305.18230204,서울특별시 은평구 응암동 595-15 지층,2025,30.518230204000005,0.0003276729985046547,낮음
0.1,308.50117113,서울특별시 은평구 응암동 593-8 지하 101호,2025,30.850117113,0.00032414787805736006,낮음
0.1,181.10170007,서울특별시 은평구 응암동 595-25,2025,18.110170007,0.000552175931873349,낮음
0.1,90.37492459,서울특별시 은평구 응암동 593-21 B01호,2025,9.037492459000001,0.0011065016148413475,낮음
0.1,199.76844156,서울특별시 은평구 응암동 594-85 B01호,2025,19.976844156000002,0.0005005795671182889,낮음
0.1,174.36395438,서울특별시 은평구 응암동 593-14 B02호,2025,17.436395438,0.0005735130311512955,낮음
0.1,121.25513447,서울특별시 은평구 응암동 594-70 지하,2025,12.125513447000001,0.0008247073448649816,낮음
0.1,124.59696135,서울특별시 은평구 응암동 594-13 지층 좌,2025,12.459696135000002,0.0008025877911989706,낮음
0.1,170.26204853,서울특별시 은평구 응암동 594-61 B02호,2025,17.026204853,0.0005873299473568833,낮음
0.1,291.37936409,서울특별시 은평구 역촌동 64-58 성림연립 B01호,2025,29.137936409000005,0.00034319520296952955,낮음
0.1,231.70270291,서울특별시 은평구 불광동 281-89 지하1층 몰디브태닝,2025,23.170270291,0.0004315875418977865,낮음
0.1,166.03406619,서울특별시 은평구 응암동 583-51 지층 뒤,2025,16.603406619,0.0006022860386106888,낮음
0.1,175.72721479,서울특별시 은평구 응암동 594-63 지층,2025,17.572721479000002,0.000569063819280943,낮음
0.1,151.20099645,서울특별시 은평구 역촌동 34-11 b02호,2025,15.120099645,0.000661371302755062,낮음
0.1,164.40422859,서울특별시 은평구 역촌동 63-61 1층,2025,16.440422859,0.0006082568608948942,낮음
0.1,135.04757376,서울특별시 은평구 역촌동 66-39 B1층,2025,13.504757376,0.0007404797969766947,낮음
0.1,144.56318543,서울특별시 은평구 응암동 585-31 지층 좌,2025,14.456318543000002,0.000691739046165538,낮음
0.1,124.37748885,서울특별시 은평구 응암동 585-32 지층 가호,2025,12.437748885000001,0.0008040040116954009,낮음
0.1,138.91886581,서울특별시 은평구 응암동 589-26 지층좌(시온교회),2025,13.891886581000001,0.0007198446331743774,낮음
0.1,113.05747604,서울특별시 은평구 신사동 349-3 지층,2025,11.305747604,0.0008845058593437888,낮음
0.1,137.04621347,서울특별시 은평구 역촌동 39-38 B2호,2025,13.704621347,0.0007296808679934119,낮음
0.1,176.03633172,서울특별시 은평구 역촌동 48-27 B02호,2025,17.603633172,0.0005680645524871427,낮음
0.1,151.26013224,서울특별시 은평구 역촌동 83-33 지층 101호,2025,15.126013224,0.0006611127368402201,낮음
0.1,144.42921961,서울특별시 은평구 응암동 587-25 지층 나호,2025,14.442921961,0.0006923806710998541,낮음
0.1,117.2006465,서울특별시 은평구 응암동 590-31 지하상가,2025,11.720064650000001,0.0008532376141798842,낮음
0.1,340.32581111,서울특별시 은평구 갈현동 400-7 1층,2025,34.032581111000006,0.00029383607336111813,낮음
0.1,309.77340918,서울특별시 은평구 갈현동 411-22,2025,30.977340918,0.0003228166041259307,낮음
0.1,127.04318907,서울특별시 은평구 응암동 751-16,2025,12.704318907000001,0.0007871338930645124,낮음
0.1,133.45395186,서울특별시 은평구 녹번동 156-21 지층,2025,13.345395186,0.0007493221340114763,낮음
0.1,130.02369267,서울특별시 은평구 응암동 584-56 지하 우측,2025,13.002369267,0.0007690906014629188,낮음
0.1,1172.84316732,서울특별시 은평구 증산동 188-12 상가 지하1층,2025,117.28431673200001,8.52628917372683e-05,낮음
0.1,157.49568314,서울특별시 은평구 역촌동 23-9 지하2호,2025,15.749568314000001,0.0006349380377055076,낮음
0.1,188.75746936,서울특별시 은평구 역촌동 11-53 B02호,2025,18.875746936,0.0005297803596279366,낮음
0.1,158.58751081,서울특별시 은평구 역촌동 11-38 지층 1호,2025,15.858751081000001,0.0006305666788591421,낮음
0.1,146.18340007,서울특별시 은평구 구산동 7-9 지하 101호,2025,14.618340007,0.0006840721993886785,낮음
0.1,214.37486083,서울특별시 은평구 진관동 335-4 진관동다육이농장,2025,21.437486083,0.00046647260603611707,낮음
0.1,373.41521048,서울특별시 은평구 대조동 79-5 지층 우측,2025,37.341521048,0.00026779841097382396,낮음
0.1,8595.92120969,서울특별시 은평구 녹번동 280-1 (상가동) 진로상가 B02호,2025,859.592120969,1.1633424453364246e-05,낮음
0.1,8.48274228,"서울특별시 은평구 불광동 310-253 1층, 두드림마을",2025,0.8482742280000001,0.011788640595126038,낮음
0.1,217.80396857,서울특별시 은평구 갈현동 478-6 B01호,2025,21.780396857,0.0004591284569172623,낮음
0.1,417.30644089,서울특별시 은평구 불광동 486-2 지층,2025,41.730644089,0.00023963205501148624,낮음
0.1,92.96482882,서울특별시 은평구 응암동 583-16 b01호,2025,9.296482882,0.0010756756212999825,낮음
0.1,127.33853615,서울특별시 은평구 응암동 594-14 지층 101호,2025,12.733853615000001,0.0007853082265858921,낮음
0.1,138.15614738,서울특별시 은평구 불광동 353-16 지층 우측,2025,13.815614738,0.0007238186783317641,낮음
0.1,139.14574104,서울특별시 은평구 역촌동 47-16 B02호,2025,13.914574104,0.0007186709363332448,낮음
0.1,213.12623132,서울특별시 은평구 응암동 593-26 동화아르빌 B01호,2025,21.312623132,0.00046920550033024446,낮음
0.1,272.89227237,서울특별시 은평구 증산동 184-16 B02호,2025,27.289227237000002,0.0003664449679411052,낮음
0.1,3309.53888939,서울특별시 은평구 증산동 184-9 지층,2025,330.953888939,3.021568966014827e-05,낮음
0.1,141.58113939,서울특별시 은평구 불광동 242-13 지층1호,2025,14.158113939000001,0.000706308767049399,낮음
0.1,190.55792038,서울특별시 은평구 불광동 242-12   지층 좌측,2025,19.055792038000003,0.0005247748285696315,낮음
0.1,167.9510134,서울특별시 은평구 응암동 593-38 지층 101호,2025,16.79510134,0.0005954117094955261,낮음
0.1,326.80608349,서울특별시 은평구 응암동 590-35 나동,2025,32.680608349,0.0003059918558800633,낮음
0.1,354.68750086,서울특별시 은평구 역촌동 81-6 203호,2025,35.468750086,0.00028193832530758217,낮음
0.1,28.17804067,서울특별시 은평구 녹번동 221-15,2025,2.8178040670000004,0.003548862788975455,낮음
0.1,844.77754594,서울특별시 은평구 응암동 591-3 해창위너스빌라 B동 101호,2025,84.477754594,0.00011837435841021095,낮음
0.1,165.18943996,서울특별시 은평구 응암동 749-43 지층 우측,2025,16.518943996,0.000605365573151738,낮음
0.1,312.4426653,서울특별시 은평구 갈현동 455-9 지층,2025,31.24426653,0.0003200587215064959,낮음
0.1,116.04582585,서울특별시 은평구 불광동 314-19 b01호,2025,11.604582585000001,0.0008617285392863616,낮음
0.1,138.84943376,서울특별시 은평구 불광동 367-9,2025,13.884943376000003,0.0007202045935084554,낮음
0.1,146.09372596,서울특별시 은평구 응암동 397-282 지하 2호,2025,14.609372596,0.0006844920912440804,낮음
0.1,232.4395997,서울특별시 은평구 응암동 397-265 지층 02호,2025,23.243959970000002,0.0004302192919324667,낮음
0.1,150.67800803,서울특별시 은평구 응암동 588-17 지층 뒤쪽,2025,15.067800803,0.0006636668569449763,낮음
0.1,186.3916121,서울특별시 은평구 응암동 376-60 지층 1호,2025,18.63916121,0.0005365048291247651,낮음
0.1,84.21797926,서울특별시 은평구 대조동 9-53 지층우측,2025,8.421797926000002,0.0011873949111421602,낮음
0.1,201.54459923,서울특별시 은평구 불광동 366-1 1층,2025,20.154459923,0.0004961680957071013,낮음
0.1,146.12935557,서울특별시 은평구 갈현동 416-8 1층,2025,14.612935557,0.0006843251967404814,낮음
0.1,146.04614558,서울특별시 은평구 구산동 321-54 지층1호,2025,14.604614558000002,0.0006847150919516927,낮음
0.1,152.99450978,서울특별시 은평구 구산동 321-84 B02호,2025,15.299450978,0.000653618225541531,낮음
0.1,136.7352217,서울특별시 은평구 구산동 323-4,2025,13.673522170000002,0.0007313404604660103,낮음
0.1,134.70795948,서울특별시 은평구 구산동 323-7 지하,2025,13.470795948000001,0.0007423466318250254,낮음
0.1,106.1245448,서울특별시 은평구 구산동 323-25 지하1층,2025,10.61245448,0.0009422890829681091,낮음
0.1,135.24789548,서울특별시 은평구 불광동 242-19 지하 좌측,2025,13.524789548000001,0.0007393830391600264,낮음
0.1,228.50190681,서울특별시 은평구 불광동 184-5 1층,2025,22.850190681,0.00043763310948275933,낮음
0.1,204.24836837,서울특별시 은평구 불광동 189 1층,2025,20.424836837,0.0004895999943502511,낮음
0.1,88.37959357,서울특별시 은평구 불광동 279-4 지층 우측,2025,8.837959357,0.0011314829131998238,낮음
0.1,135.71951753,서울특별시 은평구 응암동 594-96 지층 우,2025,13.571951753,0.0007368137009321125,낮음
0.1,77.05355008,서울특별시 은평구 신사동 237-291 B01호,2025,7.705355008,0.0012977987373219808,낮음
0.1,149.45289892,서울특별시 은평구 불광동 242-28 지층 안쪽,2025,14.945289892,0.0006691071282165532,낮음
0.1,138.48468761,서울특별시 은평구 불광동 242-33 좌측,2025,13.848468761000001,0.0007221014953048065,낮음
0.1,1529.98872124,서울특별시 은평구 갈현동 548 130호,2025,152.998872124,6.535995894071275e-05,낮음
0.1,4917.23175006,서울특별시 은평구 진관동 66 B102호,2025,491.723175006,2.0336645715097687e-05,낮음
0.1,163.67491685,서울특별시 은평구 진관동 산27-2,2025,16.367491685,0.0006109671654310055,낮음
0.1,114.33163861,서울특별시 은평구 불광동 281-132 지층2호,2025,11.433163861,0.0008746485331248766,낮음
0.1,117.76419006,서울특별시 은평구 불광동 281-75 지층,2025,11.776419006000001,0.0008491545685411731,낮음
0.1,133.81499737,서울특별시 은평구 응암동 583-49 지층 1,2025,13.381499736999999,0.0007473003920741325,낮음
0.1,233.14576971,서울특별시 은평구 불광동 242-39 지하101호,2025,23.314576971,0.00042891621033650196,낮음
0.1,248.77620362,서울특별시 은평구 역촌동 27-25 1층,2025,24.877620362000002,0.00040196770649634855,낮음
0.1,183.56540303,서울특별시 은평구 불광동 242-42 지층 101호,2025,18.356540303,0.0005447649630560125,낮음
0.1,151.26425731,서울특별시 은평구 불광동 242-48 지층2호,2025,15.126425731000001,0.0006610947078863491,낮음
0.1,583.79555511,서울특별시 은평구 구산동 22-34 에이동 101호,2025,58.37955551100001,0.00017129284237383033,낮음
0.1,240.97634521,서울특별시 은평구 불광동 244-81 102호,2025,24.097634521000003,0.00041497849057696727,낮음
0.1,211.00351249,서울특별시 은평구 불광동 244-93 지하 좌측,2025,21.100351249,0.0004739257599076189,낮음
0.1,158.13025192,서울특별시 은평구 응암동 584-51 B02호,2025,15.813025192000001,0.0006323900631650876,낮음
0.1,169.50254608,서울특별시 은평구 불광동 243-14 지층 102호,2025,16.950254608,0.0005899616395897857,낮음
0.1,196.0475908,서울특별시 은평구 불광동 243-16 1층,2025,19.60475908,0.0005100802289481642,낮음
0.1,171.39851669,서울특별시 은평구 불광동 238-63 지층 2호,2025,17.139851669000002,0.0005834356208628401,낮음
0.1,167.40811805,서울특별시 은평구 불광동 243-13 B02호,2025,16.740811805000003,0.0005973425970306462,낮음
0.1,133.45886844,서울특별시 은평구 불광동 238-80 지층 1호,2025,13.345886844,0.000749294529235108,낮음
0.1,823.52868498,서울특별시 은평구 녹번동 158-47 A동 101호,2025,82.352868498,0.00012142867859232928,낮음
0.1,121.02038762,서울특별시 은평구 불광동 281-70 지하 102호,2025,12.102038762,0.0008263070542625982,낮음
0.1,167.3618863,서울특별시 은평구 불광동 606-7 지층 02호,2025,16.73618863,0.0005975076058879243,낮음
0.5,211.09223763,서울특별시 서대문구 북가좌동 312-2 예원빌라 b01호,2025,105.546118815,0.0023686328100628417,낮음
0.5,113.29592929,서울특별시 서대문구 북가좌동 316-18 B101,2025,56.647964645,0.004413221226335201,낮음
0.5,198.05077525,서울특별시 서대문구 북가좌동 343-20  빌라 B102호,2025,99.025387625,0.002524605113859558,낮음
0.5,120.25860619,서울특별시 서대문구 북가좌동 331-25 ㅇㅇ빌라 지하호,2025,60.129303095,0.004157706594487181,낮음
0.5,122.15371345,서울특별시 서대문구 북가좌동 316-1 B02호,2025,61.076856725,0.004093203439162414,낮음
0.5,115.67006893,서울특별시 서대문구 북가좌동 337-20  빌라  지하호,2025,57.835034465,0.004322639422844857,낮음
0.5,198.71063677,서울특별시 서대문구 북가좌동 339-42  빌라 지하호,2025,99.355318385,0.002516221618164965,낮음
0.5,160.376371,서울특별시 서대문구 북가좌동 339-24 반석빌라 지하동 우측호,2025,80.1881855,0.0031176662552116234,낮음
0.5,165.21274621,서울특별시 서대문구 북가좌동 340-9 동화빌라 지하호,2025,82.606373105,0.003026400876869729,낮음
0.5,197.44057705,서울특별시 서대문구 북가좌동 336-47 건영그린빌라 지층호,2025,98.720288525,0.0025324075094927405,낮음
0.5,125.83198711,서울특별시 서대문구 북가좌동 331-14   빌라 지하호,2025,62.915993555,0.003973552444680932,낮음
0.5,154.80825836,서울특별시 서대문구 북가좌동 342-11 ㅇㅇ연립 지하호,2025,77.40412918,0.003229801854867919,낮음
0.5,160.16078081,서울특별시 서대문구 북가좌동 342-5 ㅇㅇ빌라 지하호,2025,80.080390405,0.003121862902211709,낮음
0.5,159.83790958,서울특별시 서대문구 북가좌동 342-6 ㅇㅇ빌라 지하호,2025,79.91895479,0.0031281690389584737,낮음
0.3,174.19352998,서울특별시 서대문구 증가로32안길 23 ㅇㅇ연립 B103호 (북가좌동),2025,52.258058993999995,0.0017222224042101016,낮음
0.5,125.8885591,서울특별시 서대문구 북가좌동 331-8  빌라  지하호,2025,62.94427955,0.0039717668037078995,낮음
0.5,160.43219881,서울특별시 서대문구 북가좌동 342-7 ㅇㅇ빌라 지하호,2025,80.216099405,0.0031165813577868524,낮음
0.5,386.32433825,서울특별시 서대문구 북가좌동 310-8 ㅇㅇ빌라 B03호,2025,193.162169125,0.001294249288732199,낮음
0.5,169.27866548,서울특별시 서대문구 북가좌동 324-18 임창빌라 지하2호,2025,84.63933274,0.002953709485966347,낮음
0.5,167.51920372,서울특별시 서대문구 북가좌동 311-21 ㅇㅇ연립 지층102호,2025,83.75960186,0.002984732430054557,낮음
0.5,192.75535418,서울특별시 서대문구 북가좌동 311-28 백산빌라 지하호,2025,96.37767709,0.002593961667768185,낮음
0.5,167.01918954,서울특별시 서대문구 북가좌동 324-17 임창빌라 B01호,2025,83.50959477,0.0029936679813684117,낮음
0.5,117.10538842,서울특별시 서대문구 북가좌동 310-28 지하층,2025,58.55269421,0.004269658354291465,낮음
0.5,185.16805159,서울특별시 서대문구 북가좌동 325-31 ㅇㅇ빌라 지하호,2025,92.584025795,0.0027002498309325112,낮음
0.5,165.41316075,서울특별시 서대문구 북가좌동 324-3 ㅇㅇ빌라 지하호,2025,82.706580375,0.003022734090400966,낮음
0.5,171.46139091,서울특별시 서대문구 북가좌동 324-42 임창빌라 지하101호,2025,85.730695455,0.002916108386537292,낮음
0.5,167.90508945,서울특별시 서대문구 북가좌동 324-45 D동,2025,83.952544725,0.002977872806820985,낮음
0.5,121.93466783,서울특별시 서대문구 북가좌동 385-21 지하층,2025,60.967333915,0.0041005565430915405,낮음
0.5,230.9907776,서울특별시 서대문구 북가좌동 344-1 우성빌라 B01호,2025,115.4953888,0.0021645885831244544,낮음
0.5,117.64480965,서울특별시 서대문구 북가좌동 315-4 ㅇㅇ연립 지층101호,2025,58.822404825,0.004250081252947142,낮음
0.5,150.84107047,서울특별시 서대문구 북가좌동 315-34 한오빌라 B01호,2025,75.420535235,0.0033147470940246503,낮음
0.5,116.9735069,서울특별시 서대문구 북가좌동 312-1 성암빌라 지하호,2025,58.48675345,0.004274472171099796,낮음
0.5,150.07807194,서울특별시 서대문구 북가좌동 312-13 하이팰리스빌라 101호,2025,75.03903597,0.0033315993038603,낮음
0.5,206.05924372,서울특별시 서대문구 북가좌동 313-13 충우빌라 지하호,2025,103.02962186,0.0024264866306090895,낮음
0.5,152.25852861,서울특별시 서대문구 북가좌동 312-12  빌라 지하호,2025,76.129264305,0.003283888295549712,낮음
0.5,143.3773414,서울특별시 서대문구 북가좌동 319-2 조운빌라 203호,2025,71.6886707,0.003487301376338674,낮음
0.3,168.84660855,"서울특별시 서대문구 거북골로24길 8 B1호 (북가좌동, )",2025,50.653982565,0.0017767605910258004,낮음
0.5,147.49797444,서울특별시 서대문구 북가좌동 317-4 충우빌라 지하호,2025,73.74898722,0.0033898770603347683,낮음
0.5,163.56301416,서울특별시 서대문구 북가좌동 319-22 지층,2025,81.78150708,0.0030569258127689665,낮음
0.5,173.97739485,서울특별시 서대문구 북가좌동 320-17 거성빌라 지층2호,2025,86.988697425,0.002873936584871216,낮음
0.5,98.22571574,서울특별시 서대문구 북가좌동 340-21 ㅇㅇ빌라 ㅇㅇ호,2025,49.11285787,0.0050903166877753515,낮음
0.5,138.71937767,서울특별시 서대문구 북가좌동 340-16 ㅇㅇ빌라 ㅇㅇ호,2025,69.359688835,0.0036043990998103504,낮음
0.5,151.4599835,서울특별시 서대문구 북가좌동 340-1  빌라 지하호,2025,75.72999175,0.003301201997027816,낮음
0.5,152.54383214,서울특별시 서대문구 북가좌동 339-23 수도빌라 ㅇㅇ호,2025,76.27191607,0.0032777464220324257,낮음
0.5,135.59399076,서울특별시 서대문구 북가좌동 338-8 ㅇㅇ연립 지하호,2025,67.79699538,0.003687479048278732,낮음
0.5,90.483079,서울특별시 서대문구 북가좌동 337-22 ㅇㅇ빌라 지하호,2025,45.2415395,0.005525895068181753,낮음
0.5,117.61732296,서울특별시 서대문구 북가좌동 338-9  빌라 지하호,2025,58.80866148,0.004251074479649932,낮음
0.5,172.80922375,서울특별시 서대문구 북가좌동 338-3  빌라 지하호,2025,86.404611875,0.002893364076001759,낮음
0.5,361.84130083,서울특별시 서대문구 북가좌동 341-8 그린빌라 지하호,2025,180.920650415,0.0013818212538289254,낮음
0.5,109.38491661,서울특별시 서대문구 북가좌동 337-24 ㅇㅇ빌라 ㅇㅇ호,2025,54.692458305,0.004571014135181869,낮음
0.5,126.19022221,서울특별시 서대문구 북가좌동 337-11 지하층,2025,63.095111105,0.003962272125711316,낮음
0.3,181.35179887,서울특별시 서대문구 증가로32길 15  빌라 지하호 (북가좌동),2025,54.405539661,0.0016542433097950773,낮음
0.5,190.54503433,서울특별시 서대문구 북가좌동 343-14 뉴태광빌라 지하호,2025,95.272517165,0.0026240515884243037,낮음
0.5,173.53698211,서울특별시 서대문구 북가좌동 339-28 신안빌라 지하호,2025,86.768491055,0.002881230236463745,낮음
0.5,166.78050626,서울특별시 서대문구 북가좌동 339-1 ㅇㅇ빌라 지하호,2025,83.39025313,0.0029979522859855836,낮음
0.5,256.07365246,서울특별시 서대문구 북가좌동 340-30 동우빌라 지하호,2025,128.03682623,0.0019525632379461706,낮음
0.5,191.97791182,서울특별시 서대문구 북가좌동 339-36  빌라 지하호,2025,95.98895591,0.0026044662912512763,낮음
0.5,135.24880539,서울특별시 서대문구 북가좌동 340-17  빌라 지하호,2025,67.624402695,0.003696890324156378,낮음
0.5,137.31926982,서울특별시 서대문구 북가좌동 340-2   빌라  호,2025,68.65963491,0.0036411495681225726,낮음
0.3,103.77604772,서울특별시 서대문구 거북골로20길 17-8   빌라 101호 (북가좌동),2025,31.132814315999997,0.00289084048382181,낮음
0.5,167.95108729,서울특별시 서대문구 북가좌동 324-2 임창빌라 지하호,2025,83.975543645,0.0029770572377221553,낮음
0.1,332.7675334,서울특별시 은평구 응암동 119-1 지층,2025,33.27675334,0.00030051008575946613,낮음
0.1,357.4991383,서울특별시 은평구 대조동 179-49 지하 우측,2025,35.749913830000004,0.00027972095394558324,낮음
0.5,165.76500583,서울특별시 서대문구 북가좌동 311-14 ㅇㅇ빌라 102호,2025,82.882502915,0.0030163181758203783,낮음
0.3,130.79124046,서울특별시 서대문구 거북골로20길 43-29   빌라 지하호 (북가좌동),2025,39.237372138000005,0.00229373159047107,낮음
0.5,161.86490421,서울특별시 서대문구 북가좌동 313-29 ㅇㅇ빌라 ㅇㅇ호,2025,80.932452105,0.003088995742717093,낮음
0.5,127.9799525,서울특별시 서대문구 북가좌동 314-15 ㅇㅇ연립 지하호,2025,63.98997625,0.003906861896983436,낮음
0.5,175.588838,서울특별시 서대문구 북가좌동 315-25 ㅇㅇ연립 지하호,2025,87.794419,0.002847561415037099,낮음
0.5,216.84663532,서울특별시 서대문구 북가좌동 312-15 마당빌라 B01호,2025,108.42331766,0.0023057770726400773,낮음
0.5,208.35571761,서울특별시 서대문구 북가좌동 331-1 태영아트빌라 지하호,2025,104.177858805,0.002399742160836207,낮음
0.15,111.83195213,서울특별시 노원구 상계동 1108-9 동일로241다길 8-7빌라 b01호,2025,16.7747928195,0.0013412982349233359,낮음
0.1,487.45693474,서울특별시 은평구 불광동 432-1 지층,2025,48.74569347400001,0.0002051463275485824,낮음
0.1,325.48802018,서울특별시 은평구 갈현동 390-1 지하1층,2025,32.548802017999996,0.00030723096949835033,낮음
0.1,271.28513976,서울특별시 은평구 불광동 329-25 1층,2025,27.128513976,0.00036861584120850783,낮음
0.1,235.38636172,서울특별시 은평구 갈현동 398-7,2025,23.538636172,0.0004248334494372846,낮음
0.1,113.69666176,서울특별시 은평구 응암동 576-48 지층,2025,11.369666176,0.0008795332989730868,낮음
0.5,90.60507701,서울특별시 강서구 방화동 588-5 B102호,2025,45.302538505,0.005518454555750948,낮음
0.5,227.61314179,서울특별시 강서구 방화동 589-20 지층 01호,2025,113.806570895,0.002196709715739125,낮음
0.5,119.16846967,서울특별시 강서구 방화동 600-31 지층 01호,2025,59.584234835,0.004195740713836424,낮음
0.5,171.09043541,서울특별시 강서구 방화동 600-44 지층1호,2025,85.545217705,0.002922431045322921,낮음
0.5,116.21896819,서울특별시 강서구 방화동 600-34 지층,2025,58.109484095,0.0043022237057084994,낮음
0.5,179.06639095,서울특별시 강서구 방화동 600-45 지층 02호,2025,89.533195475,0.002792260442327299,낮음
0.5,138.12595226,서울특별시 강서구 방화동 600-36 B02호,2025,69.06297613,0.003619884546090441,낮음
0.5,135.9829051,서울특별시 강서구 방화동 596-19 지층 2호,2025,67.99145255,0.003676932770573674,낮음
0.5,129.25807235,서울특별시 강서구 방화동 600-47 지층,2025,64.629036175,0.0038682303620165355,낮음
0.5,124.11142229,서울특별시 강서구 방화동 600-32 지층 좌측,2025,62.055711145,0.004028638063881784,낮음
0.5,133.01485617,서울특별시 강서구 방화동 588-19 지층,2025,66.507428085,0.0037589786163507452,낮음
0.5,92.99920553,서울특별시 강서구 방화동 588-22 지층,2025,46.499602765,0.0053763900148448935,낮음
0.1,133.53401755,서울특별시 은평구 응암동 578-48 오른쪽,2025,13.353401755,0.0007488728477936821,낮음
0.1,192.38719079,서울특별시 은평구 응암동 577-1 지층,2025,19.238719079000003,0.0005197851249314976,낮음
0.1,105.28574018,서울특별시 은평구 불광동 356-10 지하 좌측호,2025,10.528574018,0.000949796238588784,낮음
0.1,74.59158842,서울특별시 은평구 불광동 356-26,2025,7.459158842,0.0013406337379080044,낮음
0.1,228.12294358,서울특별시 은평구 불광동 356-20 지층,2025,22.812294358000003,0.0004383601159562067,낮음
0.1,224.21296177,서울특별시 은평구 불광동 356-19 지하1층,2025,22.421296177000002,0.0004460045450119028,낮음
0.1,507.6328014,서울특별시 은평구 갈현동 461-1 영보빌딩 지하1층,2025,50.763280140000006,0.00019699278636882824,낮음
0.1,30.03223037,"서울특별시 은평구 불광동 310-89 310-95, 은풍신발",2025,3.003223037,0.0033297560243774863,낮음
0.1,69.03019248,서울특별시 은평구 불광동 310-11 1층 장수떡집,2025,6.903019248,0.0014486414771184774,낮음
0.1,251.67319997,서울특별시 은평구 대조동 222-20 지층,2025,25.167319997000003,0.00039734067835558263,낮음
0.3,388.06238865,서울 양천구 신정3동 1183-14번지 한 건물 전체,2025,116.41871659499999,0.000773071569867017,낮음
0.1,255.59632837,서울특별시 은평구 녹번동 34-2 1층 102호,2025,25.559632837000002,0.00039124192682157973,낮음
0.1,343.24451029,서울특별시 은평구 응암동 74-3 지층,2025,34.324451029,0.00029133750723503817,낮음
0.5,222.96344851,서울특별시 강서구 염창동 241-31 B01호 바비디,2025,111.481724255,0.0022425200334016846,낮음
0.5,121.48742844,서울특별시 강서구 공항동 12-69 b01호,2025,60.74371422,0.004115652182455563,낮음
0.5,167.96849218,서울특별시 강서구 화곡동 367-107 지층 2호,2025,83.98424609,0.0029767487551426324,낮음
0.5,207.97409634,서울특별시 강서구 화곡동 1131 지층 1호,2025,103.98704817,0.0024041455585054714,낮음
0.5,118.7809618,서울특별시 강서구 등촌동 524-16 5호,2025,59.3904809,0.004209428787433846,낮음
0.5,165.48224902,서울특별시 강서구 공항동 660-2 B102호,2025,82.74112451,0.003021472109311075,낮음
0.5,238.81857566,서울특별시 강서구 공항동 12-38 102호,2025,119.40928783,0.00209363948603327,낮음
0.5,102.20821461,서울특별시 강서구 공항동 12-42,2025,51.104107305,0.004891974699958023,낮음
0.5,160.14241081,서울특별시 강서구 공항동 12-72 b01호,2025,80.071205405,0.003122221012353948,낮음
0.5,128.85204285,서울특별시 강서구 공항동 12-73 지층 2호,2025,64.426021425,0.003880419657622836,낮음
0.5,169.59336244,서울특별시 강서구 공항동 664-10,2025,84.79668122,0.002948228591062305,낮음
0.5,203.31233125,서울특별시 강서구 마곡동 1263,2025,101.656165625,0.0024592704088626204,낮음
0.5,170.98241167,서울특별시 강서구 공항동 689-6 지층2호,2025,85.491205835,0.002924277386875391,낮음
0.5,151.8817682,서울특별시 강서구 공항동 60-93 지층 102호,2025,75.9408841,0.003292034362818275,낮음
0.5,126.37233634,서울특별시 강서구 공항동 41-34 102호,2025,63.18616817,0.00395656212808133,낮음
0.5,199.42582269,서울특별시 강서구 내발산동 674-36 지층 2호,2025,99.712911345,0.002507197880673815,낮음
0.5,188.30807477,서울특별시 강서구 내발산동 675-15 B02호,2025,94.154037385,0.0026552233652789524,낮음
0.5,184.19619558,서울특별시 강서구 방화동 556-12 101호,2025,92.09809779,0.0027144968897190947,낮음
0.5,577.95765753,서울특별시 강서구 내발산동 651-3 나동 지층 2호,2025,288.978828765,0.0008651152787504101,낮음
0.5,290.7619829,서울특별시 강서구 내발산동 651-4 마동 지층 1호,2025,145.38099145,0.0017196195837334137,낮음
0.5,133.87399832,서울특별시 강서구 내발산동 651-9 지층 2호,2025,66.93699916,0.003734855209185927,낮음
0.5,287.30258147,서울특별시 강서구 내발산동 651-13 다동 지층 1호,2025,143.651290735,0.0017403254695510272,낮음
0.5,244.83204197,서울특별시 강서구 내발산동 651-17 지하1층,2025,122.416020985,0.0020422163536146405,낮음
0.5,306.7581838,서울특별시 강서구 마곡동 327-26 한길자원환경,2025,153.3790919,0.001629948364559329,낮음
0.5,111.86029119,서울특별시 강서구 내발산동 700-4 지층 1호,2025,55.930145595,0.004469861419819893,낮음
0.5,196.89469479,서울특별시 강서구 내발산동 670-10 지층,2025,98.447347395,0.0025394285028008503,낮음
0.5,150.58774278,서울특별시 강서구 내발산동 672-17,2025,75.29387139,0.003320323359454767,낮음
0.5,168.67287129,서울특별시 강서구 내발산동 678-16 지층 1호,2025,84.336435645,0.002964317831172435,낮음
0.5,278.33309749,서울특별시 강서구 내발산동 678-17 지층 3호,2025,139.166548745,0.0017964087078000636,낮음
0.5,170.46079703,서울특별시 강서구 내발산동 678-24 지층 1호,2025,85.230398515,0.002933225754611503,낮음
0.5,344.19912094,서울특별시 강서구 내발산동 678-27 지층 1호,2025,172.09956047,0.0014526475216860267,낮음
0.5,133.38407841,서울특별시 강서구 내발산동 682-8 지층 2호,2025,66.692039205,0.0037485733376894123,낮음
0.5,266.08678684,서울특별시 강서구 개화동 421-57 지층,2025,133.04339342,0.0018790861655999995,낮음
0.5,181.67242814,서울특별시 강서구 내발산동 688-1 101호,2025,90.83621407,0.002752206293046797,낮음
0.5,247.26857869,서울특별시 강서구 내발산동 689-26 나동 지층 2호,2025,123.634289345,0.002022092748900574,낮음
0.5,166.63244354,서울특별시 강서구 방화동 281-56 지층 1호,2025,83.31622177,0.003000616142797998,낮음
0.5,164.49638159,서울특별시 강서구 방화동 281-62 지층 1호(우측),2025,82.248190795,0.00303958053768154,낮음
0.5,175.96926047,서울특별시 강서구 방화동 281-64,2025,87.984630235,0.0028414053605984335,낮음
0.5,175.03415884,서울특별시 강서구 방화동 281-31 카페오냥,2025,87.51707942,0.002856585270633109,낮음
0.5,143.64287842,서울특별시 강서구 방화동 608-15 지층1호,2025,71.82143921,0.0034808547802700042,낮음
0.5,1490.3185841,서울특별시 강서구 가양동 1456-12   라동 지하 서서울공업사,2025,745.15929205,0.0003354987351928842,낮음
0.1,173.03909262,서울특별시 은평구 불광동 285-30 미도다방,2025,17.303909262,0.0005779040937275577,낮음
0.1,372.69566861,서울특별시 은평구 불광동 281-178 1층 롯데리아,2025,37.269566861,0.0002683154338040967,낮음
0.1,166.34176926,서울특별시 은평구 불광동 281-100 청춘약국,2025,16.634176926000002,0.0006011719151772114,낮음
0.5,215.25356766,서울특별시 강서구 방화동 617-8 지층,2025,107.62678383,0.002322841871730397,낮음
0.5,350.56374683,서울특별시 강서구 방화동 550-10 골든빌라 가동 b03호,2025,175.281873415,0.0014262741213867348,낮음
0.5,282.52331222,서울특별시 강서구 개화동 558-90   1층~지하,2025,141.26165611,0.0017697654613742161,낮음
0.5,224.23273212,서울특별시 강서구 마곡동 1390 지하 1호,2025,112.11636606,0.0022298261064420373,낮음
0.5,160.27728605,서울특별시 강서구 마곡동 1447 지층,2025,80.138643025,0.0031195936262860126,낮음
0.5,201.79693208,서울특별시 강서구 마곡동 1379 b01호,2025,100.89846604,0.002477738362255086,낮음
0.5,245.20094151,서울특별시 강서구 공항동 55-125 B03호,2025,122.600470755,0.0020391438830572703,낮음
0.1,1483.09337361,서울특별시 은평구 녹번동 79-2 1층,2025,148.30933736100002,6.742663798476143e-05,낮음
0.5,195.93915976,서울특별시 강서구 화곡동 973-1 지층 101호,2025,97.96957988,0.0025518125147236267,낮음
0.5,184.62167646,서울특별시 강서구 방화동 648-25   b01호,2025,92.31083823,0.0027082410342445873,낮음
0.5,178.75930885,서울특별시 강서구 방화동 648-26 b02호,2025,89.379654425,0.0027970571335088268,낮음
0.5,171.60045769,서울특별시 강서구 방화동 648-35 지층 3호,2025,85.800228845,0.0029137451422376797,낮음
0.5,172.73346044,서울특별시 강서구 방화동 648-37 b02호,2025,86.36673022,0.002894633145925297,낮음
0.5,168.08082681,서울특별시 강서구 방화동 648-46 지층2호,2025,84.040413405,0.0029747592839081184,낮음
0.5,245.54968042,서울특별시 강서구 방화동 619-6 공항동물병원,2025,122.77484021,0.002036247814066693,낮음
0.5,171.06993694,서울특별시 강서구 방화동 648-52 지하 102호,2025,85.53496847,0.0029227812258758646,낮음
0.5,161.40251763,서울특별시 강서구 방화동 648-59 b01호,2025,80.701258815,0.0030978451101128586,낮음
0.5,176.02753597,서울특별시 강서구 방화동 645-20   101호,2025,88.013767985,0.0028404646877816546,낮음
0.5,173.51284105,서울특별시 강서구 방화동 645-26 지층,2025,86.756420525,0.0028816311056535492,낮음
0.5,247.83757686,서울특별시 강서구 방화동 645-27 나동 b01호,2025,123.91878843,0.0020174503250669005,낮음
0.5,168.84532746,서울특별시 강서구 방화동 645-29 파밀리스 B01,2025,84.42266373,0.002961290119908421,낮음
0.5,333.87408469,서울특별시 강서구 방화동 645-30 b01호,2025,166.937042345,0.0014975705600638242,낮음
0.5,186.73987296,서울특별시 강서구 방화동 645-39 지층 우측,2025,93.36993648,0.002677521367421626,낮음
0.5,181.79447845,서울특별시 강서구 방화동 260-35 지층 2호,2025,90.897239225,0.0027503585601887127,낮음
0.5,97.89963024,서울특별시 강서구 방화동 251-20 지층,2025,48.94981512,0.005107271587995326,낮음
0.5,199.22963455,서울특별시 강서구 마곡동 1345 지층 102호,2025,99.614817275,0.0025096668029801397,낮음
0.5,139.45157445,서울특별시 강서구 방화동 250-40,2025,69.725787225,0.0035854740398020652,낮음
0.1,360.06742046,서울특별시 은평구 응암동 577-40 지층,2025,36.006742046,0.0002777257655587005,낮음
0.5,140.3627423,서울특별시 강서구 공항동 12-7 101호,2025,70.18137115,0.0035621988556716875,낮음
0.5,1109.74248121,서울특별시 강서구 마곡동 1170 102동B01호,2025,554.871240605,0.00045055497871436664,낮음
0.5,155.17870211,서울특별시 강서구 방화동 596-9 지층 01호,2025,77.589351055,0.003222091647896178,낮음
0.5,180.10545175,서울특별시 강서구 방화동 596-10 지층 1호,2025,90.052725875,0.0027761513887654987,낮음
0.5,150.73041734,서울특별시 강서구 방화동 592-51 지층 2호,2025,75.36520867,0.0033171804923233152,낮음
0.5,256.49915811,서울특별시 강서구 마곡동 1355 101호,2025,128.249579055,0.0019493241369064236,낮음
0.5,259.53513762,서울특별시 강서구 마곡동 1356 지층 2호,2025,129.76756881,0.0019265214128041427,낮음
0.5,136.74645143,서울특별시 강서구 공항동 12-65 b01호,2025,68.373225715,0.0036564020109578353,낮음
0.5,119.36500623,서울특별시 강서구 공항동 12-66 지층 102호,2025,59.682503115,0.0041888323537349675,낮음
0.5,129.4305987,서울특별시 강서구 방화동 250-36,2025,64.71529935,0.003863074149559659,낮음
0.5,641.02056792,서울특별시 강서구 등촌동 10-13 지하2호,2025,320.51028396,0.0007800061730037975,낮음
0.5,120.979446,서울특별시 강서구 방화동 249-142 반지하,2025,60.489723,0.004132933457142794,낮음
0.5,541.66056514,서울특별시 강서구 방화동 562-5   지하 승리노래연습장,2025,270.83028257,0.0009230873210619786,낮음
0.5,158.21597595,서울특별시 강서구 방화동 591-7,2025,79.107987975,0.003160237118898864,낮음
0.5,310.96740356,서울특별시 강서구 방화동 550-8 가동 b02호,2025,155.48370178,0.0016078855670270497,낮음
0.5,312.84005778,서울특별시 강서구 방화동 550-17 골든빌라 나동 b01호,2025,156.42002889,0.0015982607967411173,낮음
0.5,143.83924735,서울특별시 강서구 방화동 569-32 지층 1호,2025,71.919623675,0.003476102727257492,낮음
0.5,163.51135981,서울특별시 강서구 방화동 647-12 b02호,2025,81.755679905,0.0030578915164120673,낮음
0.5,95.03193261,서울특별시 강서구 방화동 552-6   가동 b01호,2025,47.515966305,0.00526138936952847,낮음
0.5,1044.7396554,서울특별시 강서구 마곡동 1168 B01호 매일향,2025,522.3698277,0.000478588131900253,낮음
0.1,132.1094294,서울특별시 은평구 응암동 584-38,2025,13.210942940000002,0.0007569482394570088,낮음
0.5,163.30525827,서울특별시 강서구 방화동 553-33 지층 101호,2025,81.652629135,0.0030617507684493985,낮음
0.5,200.3397837,서울특별시 강서구 방화동 132-30 B02호,2025,100.16989185,0.0024957599073218927,낮음
0.5,210.22707204,서울특별시 강서구 방화동 557-21 B03호,2025,105.11353602,0.002378380648829399,낮음
0.5,28.52828307,서울특별시 강서구 방화동 495-7 지하1층 힐링예술터,2025,14.264141535,0.017526466586620278,낮음
0.5,122.3522888,서울특별시 강서구 방화동 616-4,2025,61.1761444,0.004086560250763368,낮음
0.1,462.12696635,서울특별시 은평구 신사동 29-30 지하,2025,46.212696635,0.00021639074817430854,낮음
0.1,155.25349575,서울특별시 은평구 수색동 76-31 1층 반지층,2025,15.525349575000002,0.0006441078799348065,낮음
0.5,115.25414304,서울특별시 강서구 방화동 646-76 b02호,2025,57.62707152,0.004338238841674181,낮음
0.5,118.43445394,서울특별시 강서구 방화동 646-85 지층 좌측,2025,59.21722697,0.004221744461736655,낮음
0.5,147.44519733,서울특별시 강서구 방화동 646-97 지층안쪽,2025,73.722598665,0.0033910904461739782,낮음
0.5,134.90173713,서울특별시 강서구 방화동 616-7 A동 B01,2025,67.450868565,0.003706401493689943,낮음
0.5,177.82000774,서울특별시 강서구 방화동 616-15 지층 01호,2025,88.91000387,0.002811832067463839,낮음
0.5,184.06140678,서울특별시 강서구 방화동 616-19 지층 1호,2025,92.03070339,0.0027164847251093037,낮음
0.5,159.06697876,서울특별시 강서구 방화동 616-30   지하1층 엔터,2025,79.53348938,0.0031433299601069256,낮음
0.5,176.15225861,서울특별시 강서구 방화동 616-32 지층 1호,2025,88.076129305,0.0028384535284727568,낮음
0.5,195.96136936,서울특별시 강서구 방화동 617-4 지층,2025,97.98068468,0.0025515233009086175,낮음
0.5,142.79863926,서울특별시 강서구 방화동 617-6 지층 1호,2025,71.39931963,0.003501433925358541,낮음
0.5,144.12702949,서울특별시 강서구 방화동 617-11 지층,2025,72.063514745,0.0034691619036989283,낮음
0.5,148.80824841,서울특별시 강서구 방화동 617-19 B동 지층 1호,2025,74.404124205,0.0033600287977477443,낮음
0.5,98.91506839,서울특별시 강서구 방화동 538-41   지층 인테리어에 반하다,2025,49.457534195,0.005054841574072534,낮음
0.5,439.2395005,서울특별시 강서구 공항동 11-39,2025,219.61975025,0.0011383311369556573,낮음
0.1,13.54000742,서울특별시 은평구 불광동 319-34 옷가게,2025,1.3540007420000002,0.007385520324921653,낮음
0.1,234.97024676,서울특별시 은평구 불광동 238-24 지층 3호,2025,23.497024676000002,0.00042558579811230565,낮음
0.1,241.55398579,서울특별시 은평구 불광동 238-28 지층 1호,2025,24.155398579000003,0.00041398613098,낮음
0.3,139.88050417,서울 영등포구 도신로  231-8 (신길동),2025,41.964151251,0.002144687723139767,낮음
0.3,607.17998513,서울 동작구 상도2동 20-8번지 건물(동)명 이름없음 지하 1층,2025,182.153995539,0.0004940874326346061,낮음
0.3,198.71006953,"서울 동작구 만양로2길 72-3, 지층 101호",2025,59.613020858999995,0.0015097372805997025,낮음
0.3,225.78871866,서울특별시 강북구 번동 148-201 청포빌라 1동 지층1호,2025,67.736615598,0.0013286757716701946,낮음
0.5,341.34447477,서울특별시 강서구 마곡동 1371 가동 b01호,2025,170.672237385,0.001464795937701652,낮음
0.3,167.33301823,서울특별시 강북구 미아동 258-318 지하1층,2025,50.199905468999994,0.0017928320613188763,낮음
0.3,217.98388783,서울특별시 강북구 미아동 258-225 지층 101호,2025,65.395166349,0.0013762485061921744,낮음
0.5,173.48692904,서울특별시 서대문구 홍은동 9-490 ㅇㅇ빌라 ㅇㅇ동 ㅇㅇ호,2025,86.74346452,0.0028820615061133366,낮음
0.1,199.02341722,서울특별시 은평구 불광동 238-2 지층 나호,2025,19.902341722000003,0.0005024534368710002,낮음
0.1,161.46822761,서울특별시 은평구 불광동 238-46 B02호,2025,16.146822761000003,0.000619316886548935,낮음
0.5,4558.02153223,서울특별시 강서구 마곡동 800-1  B동 405~407호,2025,2279.010766115,0.00010969671741664115,낮음
0.5,2295.94291105,서울특별시 강서구 마곡동 798-2   B110호,2025,1147.971455525,0.0002177754497263766,낮음
0.5,2482.41754327,서울특별시 강서구 마곡동 798-3   401호 프라즈나 요가,2025,1241.208771635,0.00020141655917455686,낮음
0.1,134.89579796,서울특별시 성북구 안암동3가 109-7,2025,13.489579796000001,0.0007413129357050285,낮음
0.1,164.51411609,서울특별시 은평구 역촌동 19-13 B01호,2025,16.451411609,0.0006078505746296778,낮음
0.1,138.61651961,서울특별시 은평구 녹번동 82-19 반지하,2025,13.861651961000002,0.0007214147367236729,낮음
0.1,130.42428056,서울특별시 은평구 녹번동 151-76 지층 1호,2025,13.042428056,0.000766728400345642,낮음
0.3,141.1480754,서울특별시 도봉구 쌍문동 80-56,2025,42.34442262,0.0021254274927222988,낮음
0.3,132.97244206,서울특별시 도봉구 쌍문동 85-14 지하,2025,39.891732618,0.0022561065687929055,낮음
0.3,104.20295669,서울특별시 도봉구 쌍문동 81-263,2025,31.260887006999997,0.0028789970028632594,낮음
0.15,317.55128344,서울특별시 노원구 상계동 71-3 101호,2025,47.632692516,0.0004723646472943381,낮음
0.3,108.29257364,서울특별시 도봉구 방학동 683-24 B02호,2025,32.487772092,0.002770273065974942,낮음
0.3,86.23724695,서울특별시 도봉구 방학동 685-29 B02호,2025,25.871174085,0.003478775246314841,낮음
0.3,426.66914938,서울특별시 도봉구 방학동 657-17   3층,2025,128.000744814,0.0007031209086383089,낮음
0.1,189.02873695,서울특별시 은평구 녹번동 103-3 지층 2호,2025,18.902873695,0.0005290200929949134,낮음
0.1,184.24027876,서울특별시 은평구 신사동 339-28 지층,2025,18.424027876,0.0005427694783846082,낮음
0.1,425.91696903,서울특별시 은평구 신사동 339-27 B동 지층02호,2025,42.591696903000006,0.00023478754609787894,낮음
0.5,256.83342172,서울특별시 서대문구 북가좌동 376-13 행복빌라 1호,2025,128.41671086,0.0019467871301621345,낮음
0.5,186.20297241,서울특별시 서대문구 북가좌동 186-97  빌라 지층 202호,2025,93.101486205,0.002685241774223941,낮음
0.5,240.28856568,서울특별시 서대문구 북가좌동 368-1 배명하이츠빌라 2호,2025,120.14428284,0.0020808314310963344,낮음
0.5,218.71298964,서울특별시 서대문구 북가좌동 367-16 연안빌라 지하호,2025,109.35649482,0.002286101071651009,낮음
0.5,169.35910884,서울특별시 서대문구 북가좌동 349-35 지하층,2025,84.67955442,0.002952306512620877,낮음
0.5,163.61665751,서울특별시 서대문구 북가좌동 369-26 B02호,2025,81.808328755,0.0030559235692089646,낮음
0.5,181.84543928,서울특별시 서대문구 북가좌동 380-3  빌라 지01호,2025,90.92271964,0.002749587792686488,낮음
0.5,150.84523071,서울특별시 서대문구 북가좌동 349-24  아파트 지하호,2025,75.422615355,0.0033146556748701594,낮음
0.3,215.75286804,서울특별시 강북구 미아동 791-1926 B1호,2025,64.725860412,0.0013904797777445107,낮음
0.3,2809639.63623471,서울특별시 강북구 수유동 산127-1,2025,842891.8908704129,1.067752590513849e-07,낮음
0.5,89.88106497,서울특별시 서대문구 북가좌동 369-25 ㅇㅇ연립 가동 101호,2025,44.940532485,0.005562906938929654,낮음
0.5,223.40773106,서울특별시 서대문구 북가좌동 375-2 갑자빌라 지하호,2025,111.70386553,0.00223806041817647,낮음
0.3,54.51712469,서울특별시 강북구 우이동 115-17 B01호,2025,16.355137407,0.005502858078188936,낮음
0.3,310.55024489,서울특별시 강북구 우이동 108-7 B01호,2025,93.165073467,0.0009660272530336049,낮음
0.3,241.6091223,서울특별시 도봉구 쌍문동 26-119 한마음그린빌라 B02호,2025,72.48273669,0.0012416749713096407,낮음
0.1,112.18710418,서울특별시 은평구 대조동 33-42 지층,2025,11.218710418,0.0008913680474322053,낮음
0.3,111.34919895,서울특별시 강북구 번동 466-5 B02호,2025,33.404759685,0.002694226836195843,낮음
0.3,131.12210853,서울특별시 강북구 번동 466-21 B01호,2025,39.336632558999995,0.0022879436836646177,낮음
0.3,96.16075109,서울특별시 강북구 수유동 170-10 B02호,2025,28.848225327,0.0031197759647199523,낮음
0.3,149.09721436,서울특별시 강북구 수유동 166-76 우이빌라 가동 102호,2025,44.729164308,0.0020121100269227055,낮음
0.3,173.81676405,서울특별시 강북구 수유동 10-16 B01호,2025,52.145029214999994,0.0017259555005505812,낮음
0.3,418.27114397,서울 강남구 개포2동 186-6번지 지하1층,2025,125.48134319100001,0.0007172380985993075,낮음
0.15,326.08733136,서울특별시 노원구 월계동 271-13 신정빌라 b01호,2025,48.913099704,0.0004599994712287678,낮음
0.15,129.00919717,서울특별시 노원구 월계동 271-33 초안산로2길 114빌라 b02호,2025,19.351379575499998,0.0011627078013851965,낮음
0.1,88.5797264,서울특별시 성북구 하월곡동 82-146,2025,8.85797264,0.001128926494403803,낮음
0.5,131.56503259,서울특별시 강서구 방화동 621-15   1층 육대장,2025,65.782516295,0.003800401901302794,낮음
0.1,78.62889628,서울특별시 성북구 하월곡동 83-70 .,2025,7.862889628000001,0.0012717970711924637,낮음
0.15,653.96462521,서울특별시 노원구 상계동 652-1 지하1층,2025,98.0946937815,0.00022937020477496354,낮음
0.15,235.1736157,서울특별시 노원구 상계동 1054-31 조은주택빌라 101호,2025,35.276042355,0.0006378266522523002,낮음
0.15,397.08622717,서울특별시 노원구 상계동 1087-1 선정빌라 b01호,2025,59.562934075499996,0.00037775170664829485,낮음
0.1,199.60649969,"서울특별시 은평구 응암동 595-34 1층,지하",2025,19.960649969000002,0.0005009856901218426,낮음
0.3,282.04087046,서울특별시 강북구 수유동 129-18 아이파크아파트 가동 B02호,2025,84.612261138,0.0010636756279709008,낮음
0.3,53.4951944,서울특별시 강북구 우이동 109-4 샘마을빌라 B02호,2025,16.04855832,0.0056079803684197845,낮음
0.5,189.79521895,서울특별시 강서구 공항동 34-52,2025,94.897609475,0.002634418310251118,낮음
0.1,102.64042277,"서울특별시 은평구 불광동 432-3 B01, 앞쪽",2025,10.264042277000001,0.0009742750205158767,낮음
0.1,114.82270116,서울특별시 은평구 불광동 431-2 지층 우측,2025,11.482270116,0.0008709079214279653,낮음
0.1,124.32873255,서울특별시 성북구 상월곡동 55-98,2025,12.432873255,0.0008043193069613578,낮음
