EMD_CD,EMD_NM,AVG_ELEVATION,MIN_ELEVATION,MAX_ELEVATION,FLOOD_COUNT,AVG_SHIM,MAX_SHIM,AVG_AREA,TOTAL_SCALE,AVG_DEPTH_PER_AREA,RECENT_YR,AVG_WATL,MAX_WATL,SENSOR_COUNT,AVG_RN1,MAX_RN1,TOTAL_RN1,DONG_AREA_M2,DONG_AREA_KM2,AVG_AREA_RATIO,SEVERITY_INDEX
11110103,궁정동,50.86512557142857,45.394573,60.469265,0.0,0.0,0.0,0.0,0.0,0.0,,0.0,0.0,0.0,0.0,0.0,0.0,73324.95212298923,0.07332495212298923,0.0,0.0
11110120,신문로1가,35.858065857142854,31.041656,41.26027,0.0,0.0,0.0,0.0,0.0,0.0,,0.0,0.0,0.0,0.0,0.0,0.0,65766.00800376006,0.06576600800376006,0.0,0.0
11110167,충신동,32.674837933333336,21.982004,67.232254,0.0,0.0,0.0,0.0,0.0,0.0,,0.0,0.0,0.0,0.0,0.0,0.0,128234.13542285818,0.12823413542285816,0.0,0.0
11110185,홍지동,111.61698966666668,62.557907,173.37747,0.0,0.0,0.0,0.0,0.0,0.0,,0.0,0.0,0.0,0.0,0.0,0.0,355829.1481991782,0.3558291481991782,0.0,0.0
11110154,장사동,22.8054544,20.3647,24.14957,0.0,0.0,0.0,0.0,0.0,0.0,,0.0,0.0,0.0,0.0,0.0,0.0,57633.9981320931,0.0576339981320931,0.0,0.0
11110135,관철동,26.055264,23.682377,27.972708,0.0,0.0,0.0,0.0,0.0,0.0,,0.0,0.0,0.0,0.0,0.0,0.0,82474.08120891229,0.0824740812089123,0.0,0.0
11110177,평동,45.878795888888895,35.346825,54.499714,0.0,0.0,0.0,0.0,0.0,0.0,,0.0,0.0,0.0,0.0,0.0,0.0,80505.97796310791,0.08050597796310792,0.0,0.0
11110156,종로3가,23.993978,23.046087,25.197708,0.0,0.0,0.0,0.0,0.0,0.0,,0.0,0.0,0.0,0.0,0.0,0.0,45016.68126911218,0.04501668126911218,0.0,0.0
11110161,종로4가,22.4605895,22.190302,22.730877,0.0,0.0,0.0,0.0,0.0,0.0,,0.0,0.0,0.0,0.0,0.0,0.0,42847.12754256284,0.04284712754256284,0.0,0.0
11110123,서린동,28.661896,27.540693,29.623959,0.0,0.0,0.0,0.0,0.0,0.0,,0.0,0.0,0.0,0.0,0.0,0.0,47468.85998341088,0.04746885998341088,0.0,0.0
11110178,송월동,55.07935583333333,44.145718,69.24713,0.0,0.0,0.0,0.0,0.0,0.0,,0.0,0.0,0.0,0.0,0.0,0.0,44573.61112708502,0.04457361112708502,0.0,0.0
11110158,예지동,21.423468300000003,19.123121,22.52786,0.0,0.0,0.0,0.0,0.0,0.0,,0.0,0.0,0.0,0.0,0.0,0.0,68500.41725952209,0.06850041725952209,0.0,0.0
11110127,공평동,29.20066333333333,28.508928,29.917532,0.0,0.0,0.0,0.0,0.0,0.0,,0.0,0.0,0.0,0.0,0.0,0.0,38672.40698523913,0.03867240698523913,0.0,0.0
11110179,홍파동,50.93891025,46.126884,64.00484,0.0,0.0,0.0,0.0,0.0,0.0,,0.0,0.0,0.0,0.0,0.0,0.0,41732.37421554284,0.04173237421554284,0.0,0.0
11110126,종로1가,29.73767871428572,28.903803,30.269926,0.0,0.0,0.0,0.0,0.0,0.0,,0.0,0.0,0.0,0.0,0.0,0.0,36080.062648402614,0.03608006264840261,0.0,0.0
11110117,당주동,35.6821468,32.513813,40.270405,0.0,0.0,0.0,0.0,0.0,0.0,,0.0,0.0,0.0,0.0,0.0,0.0,43229.15917520823,0.04322915917520823,0.0,0.0
11110163,종로5가,20.911049,20.214031,21.707647,0.0,0.0,0.0,0.0,0.0,0.0,,0.0,0.0,0.0,0.0,0.0,0.0,111686.46792485258,0.11168646792485258,0.0,0.0
11110153,돈의동,26.20902075,25.441326,26.980238,0.0,0.0,0.0,0.0,0.0,0.0,,0.0,0.0,0.0,0.0,0.0,0.0,32189.015975049693,0.032189015975049695,0.0,0.0
11110136,인사동,28.4664449,26.673283,30.047417,0.0,0.0,0.0,0.0,0.0,0.0,,0.0,0.0,0.0,0.0,0.0,0.0,69286.14480154183,0.06928614480154183,0.0,0.0
11110152,봉익동,25.74645433333333,24.119555,27.604061,0.0,0.0,0.0,0.0,0.0,0.0,,0.0,0.0,0.0,0.0,0.0,0.0,39250.07540848121,0.03925007540848121,0.0,0.0
11110180,교북동,45.20961666666667,42.7946,47.74742,0.0,0.0,0.0,0.0,0.0,0.0,,0.0,0.0,0.0,0.0,0.0,0.0,29799.885315264513,0.029799885315264514,0.0,0.0
11110116,도렴동,33.0086254,32.092293,33.549427,0.0,0.0,0.0,0.0,0.0,0.0,,0.0,0.0,0.0,0.0,0.0,0.0,29236.76790464782,0.02923676790464782,0.0,0.0
11110151,묘동,25.8082745,24.708979,27.033455,0.0,0.0,0.0,0.0,0.0,0.0,,0.0,0.0,0.0,0.0,0.0,0.0,30068.366123816842,0.03006836612381684,0.0,0.0
11110157,인의동,25.701023727272727,22.640589,30.816172,0.0,0.0,0.0,0.0,0.0,0.0,,0.0,0.0,0.0,0.0,0.0,0.0,82466.92598891884,0.08246692598891885,0.0,0.0
11110118,내수동,39.657528125,34.00971,51.80197,0.0,0.0,0.0,0.0,0.0,0.0,,0.0,0.0,0.0,0.0,0.0,0.0,70476.53171156032,0.07047653171156032,0.0,0.0
11110121,신문로2가,51.29246789655173,35.299076,74.91754,0.0,0.0,0.0,0.0,0.0,0.0,,0.0,0.0,0.0,0.0,0.0,0.0,255026.40724549422,0.25502640724549425,0.0,0.0
11110162,효제동,22.802743454545453,21.35495,26.819218,0.0,0.0,0.0,0.0,0.0,0.0,,0.0,0.0,0.0,0.0,0.0,0.0,100345.96878569639,0.10034596878569639,0.0,0.0
11110129,견지동,33.21049433333334,30.592813,35.373287,0.0,0.0,0.0,0.0,0.0,0.0,,0.0,0.0,0.0,0.0,0.0,0.0,46144.46326498552,0.046144463264985516,0.0,0.0
11110133,익선동,28.6576096,27.753338,30.214462,0.0,0.0,0.0,0.0,0.0,0.0,,0.0,0.0,0.0,0.0,0.0,0.0,46220.849739197554,0.04622084973919755,0.0,0.0
11110124,수송동,33.1117113,31.376858,35.47248,0.0,0.0,0.0,0.0,0.0,0.0,,0.0,0.0,0.0,0.0,0.0,0.0,98233.35661448711,0.09823335661448711,0.0,0.0
11110128,관훈동,30.216649166666667,29.063248,31.130924,0.0,0.0,0.0,0.0,0.0,0.0,,0.0,0.0,0.0,0.0,0.0,0.0,73372.88043199116,0.07337288043199115,0.0,0.0
11110174,창신동,50.76177729213484,18.408852,107.044334,0.0,0.0,0.0,0.0,0.0,0.0,,0.0,0.0,0.0,0.0,0.0,0.0,779055.1177617704,0.7790551177617704,0.0,0.0
11110119,세종로,51.20557382828282,30.172832,147.31944,0.0,0.0,0.0,0.0,0.0,0.0,,0.0,0.0,0.0,0.0,0.0,0.0,884516.104527535,0.884516104527535,0.0,0.0
11110164,종로6가,26.4608261875,20.424963,45.18532,0.0,0.0,0.0,0.0,0.0,0.0,,0.0,0.0,0.0,0.0,0.0,0.0,152080.3365890481,0.1520803365890481,0.0,0.0
11110176,교남동,40.373894666666665,37.95491,42.071114,0.0,0.0,0.0,0.0,0.0,0.0,,0.0,0.0,0.0,0.0,0.0,0.0,22166.284733135864,0.022166284733135866,0.0,0.0
11110155,관수동,24.063848333333336,23.13137,25.108974,0.0,0.0,0.0,0.0,0.0,0.0,,0.0,0.0,0.0,0.0,0.0,0.0,60039.68674575013,0.06003968674575013,0.0,0.0
11110122,청진동,30.816562,30.111444,31.465265,0.0,0.0,0.0,0.0,0.0,0.0,,0.0,0.0,0.0,0.0,0.0,0.0,61658.48600597889,0.06165848600597889,0.0,0.0
11110131,권농동,32.598785,27.37579,37.46438,0.0,0.0,0.0,0.0,0.0,0.0,,0.0,0.0,0.0,0.0,0.0,0.0,34265.0960172079,0.0342650960172079,0.0,0.0
11110145,송현동,36.1372775,33.6865,38.09863,0.0,0.0,0.0,0.0,0.0,0.0,,0.0,0.0,0.0,0.0,0.0,0.0,45221.11397473797,0.04522111397473797,0.0,0.0
11110115,사직동,72.41040796666667,39.816727,119.65427,0.0,0.0,0.0,0.0,0.0,0.0,,0.0,0.0,0.0,0.0,0.0,0.0,283911.5669190327,0.28391156691903274,0.0,0.0
11110113,필운동,58.74521866666666,42.94062,88.40703,0.0,0.0,0.0,0.0,0.0,0.0,,0.0,0.0,0.0,0.0,0.0,0.0,86137.29072467703,0.08613729072467703,0.0,0.0
11110165,이화동,41.81435723076923,24.167051,82.887405,0.0,0.0,0.0,0.0,0.0,0.0,,0.0,0.0,0.0,0.0,0.0,0.0,121939.20834914174,0.12193920834914174,0.0,0.0
11110112,체부동,41.349204,39.57249,43.729534,0.0,0.0,0.0,0.0,0.0,0.0,,0.0,0.0,0.0,0.0,0.0,0.0,45031.55399529026,0.04503155399529026,0.0,0.0
11110141,안국동,36.525471125,33.21391,40.850193,0.0,0.0,0.0,0.0,0.0,0.0,,0.0,0.0,0.0,0.0,0.0,0.0,67851.11789782126,0.06785111789782125,0.0,0.0
11110106,통의동,37.05470133333333,35.974182,37.93051,0.0,0.0,0.0,0.0,0.0,0.0,,0.0,0.0,0.0,0.0,0.0,0.0,62914.52068366502,0.06291452068366502,0.0,0.0
11110160,연지동,25.57614942857143,22.042746,30.72916,0.0,0.0,0.0,0.0,0.0,0.0,,0.0,0.0,0.0,0.0,0.0,0.0,111813.34171106944,0.11181334171106944,0.0,0.0
11110125,중학동,34.3591088,32.926956,36.625507,0.0,0.0,0.0,0.0,0.0,0.0,,0.0,0.0,0.0,0.0,0.0,0.0,30614.618433117146,0.030614618433117146,0.0,0.0
11110114,내자동,37.9024315,36.521175,40.263454,0.0,0.0,0.0,0.0,0.0,0.0,,0.0,0.0,0.0,0.0,0.0,0.0,52316.367672675995,0.052316367672675994,0.0,0.0
11110107,적선동,34.79952475,33.914654,35.55461,0.0,0.0,0.0,0.0,0.0,0.0,,0.0,0.0,0.0,0.0,0.0,0.0,43224.66017436825,0.04322466017436825,0.0,0.0
11110138,종로2가,26.708843875,25.567055,28.35742,0.0,0.0,0.0,0.0,0.0,0.0,,0.0,0.0,0.0,0.0,0.0,0.0,59409.84117873444,0.059409841178734435,0.0,0.0
11110134,경운동,30.910426625,29.237093,32.783367,0.0,0.0,0.0,0.0,0.0,0.0,,0.0,0.0,0.0,0.0,0.0,0.0,57271.95843911571,0.057271958439115714,0.0,0.0
11110159,원남동,27.14889511111112,24.532219,31.972618,0.0,0.0,0.0,0.0,0.0,0.0,,0.0,0.0,0.0,0.0,0.0,0.0,73843.13590384412,0.07384313590384411,0.0,0.0
11110181,행촌동,70.7337064375,48.722103,111.31688,0.0,0.0,0.0,0.0,0.0,0.0,,0.0,0.0,0.0,0.0,0.0,0.0,128542.03994786655,0.12854203994786656,0.0,0.0
11110150,훈정동,31.209362318181817,23.673565,40.48752,0.0,0.0,0.0,0.0,0.0,0.0,,0.0,0.0,0.0,0.0,0.0,0.0,206160.73662209974,0.20616073662209974,0.0,0.0
11110132,운니동,33.139630714285715,31.654488,34.717606,0.0,0.0,0.0,0.0,0.0,0.0,,0.0,0.0,0.0,0.0,0.0,0.0,69817.29989580183,0.06981729989580183,0.0,0.0
11110137,낙원동,27.585873,26.120123,29.527328,0.0,0.0,0.0,0.0,0.0,0.0,,0.0,0.0,0.0,0.0,0.0,0.0,72896.23233101991,0.07289623233101991,0.0,0.0
11110144,사간동,36.7748285,35.83161,37.577732,0.0,0.0,0.0,0.0,0.0,0.0,,0.0,0.0,0.0,0.0,0.0,0.0,28697.931338849627,0.02869793133884963,0.0,0.0
11110187,무악동,112.13071552380951,51.593884,231.64806,0.0,0.0,0.0,0.0,0.0,0.0,,0.0,0.0,0.0,0.0,0.0,0.0,369764.6777170948,0.36976467771709476,0.0,0.0
11110109,누상동,114.102195,48.63733,225.17155,1.0,0.3,0.3,105.17877846,31.553633538,0.0028522864059891,2025.0,0.0,0.0,0.0,0.0,0.0,0.0,258773.4437501817,0.2587734437501817,0.0004064512066452188,0.00012193536199356563
11110143,화동,48.58286933333333,43.003056,57.955486,0.0,0.0,0.0,0.0,0.0,0.0,,0.0,0.0,0.0,0.0,0.0,0.0,58157.548402521395,0.058157548402521395,0.0,0.0
11110172,명륜4가,32.345687,28.490662,39.70081,0.0,0.0,0.0,0.0,0.0,0.0,,0.0,0.0,0.0,0.0,0.0,0.0,74668.16084698428,0.07466816084698427,0.0,0.0
11110104,효자동,43.58304,42.37252,44.61016,0.0,0.0,0.0,0.0,0.0,0.0,,0.0,0.0,0.0,0.0,0.0,0.0,59448.93481913914,0.05944893481913914,0.0,0.0
11110139,팔판동,47.22074799999999,41.96699,54.037773,0.0,0.0,0.0,0.0,0.0,0.0,,0.0,0.0,0.0,0.0,0.0,0.0,41236.895651553416,0.04123689565155342,0.0,0.0
11110102,신교동,71.1919202,46.43929,115.69254,0.0,0.0,0.0,0.0,0.0,0.0,,0.0,0.0,0.0,0.0,0.0,0.0,98894.23780218996,0.09889423780218996,0.0,0.0
11110146,가회동,60.55332082352941,42.89499,75.258545,0.0,0.0,0.0,0.0,0.0,0.0,,0.0,0.0,0.0,0.0,0.0,0.0,157991.46520512662,0.1579914652051266,0.0,0.0
11110171,명륜2가,36.71548781818182,32.587196,43.391216,0.0,0.0,0.0,0.0,0.0,0.0,,0.0,0.0,0.0,0.0,0.0,0.0,108463.05676624473,0.10846305676624472,0.0,0.0
11110101,청운동,115.61918226373626,45.502876,291.55167,0.0,0.0,0.0,0.0,0.0,0.0,,0.0,0.0,0.0,0.0,0.0,0.0,793213.7713951899,0.7932137713951899,0.0,0.0
11110111,옥인동,151.2469854509804,42.29427,310.1492,0.0,0.0,0.0,0.0,0.0,0.0,,0.0,0.0,0.0,0.0,0.0,0.0,418226.9419275327,0.41822694192753274,0.0,0.0
11110130,와룡동,49.938363192771085,25.667559,95.61229,0.0,0.0,0.0,0.0,0.0,0.0,,0.0,0.0,0.0,0.0,0.0,0.0,706991.2111430184,0.7069912111430184,0.0,0.0
11110148,계동,54.131057166666665,34.175987,82.77255,0.0,0.0,0.0,0.0,0.0,0.0,,0.0,0.0,0.0,0.0,0.0,0.0,173804.83203035113,0.17380483203035113,0.0,0.0
11110149,원서동,66.75511468421053,37.603218,145.88368,0.0,0.0,0.0,0.0,0.0,0.0,,0.0,0.0,0.0,0.0,0.0,0.0,155956.41847347937,0.15595641847347938,0.0,0.0
11110173,명륜3가,89.01253331914893,34.83638,172.51984,0.0,0.0,0.0,0.0,0.0,0.0,,0.0,0.0,0.0,0.0,0.0,0.0,415313.88334396546,0.41531388334396546,0.0,0.0
11110170,명륜1가,57.31182118181818,36.646355,82.842575,0.0,0.0,0.0,0.0,0.0,0.0,,0.0,0.0,0.0,0.0,0.0,0.0,194032.906661413,0.19403290666141298,0.0,0.0
11110147,재동,37.222883875,34.050755,41.56977,0.0,0.0,0.0,0.0,0.0,0.0,,0.0,0.0,0.0,0.0,0.0,0.0,52998.97042430566,0.05299897042430566,0.0,0.0
11110110,누하동,47.526427875,41.17576,61.261364,0.0,0.0,0.0,0.0,0.0,0.0,,0.0,0.0,0.0,0.0,0.0,0.0,56113.816717075104,0.056113816717075105,0.0,0.0
11110108,통인동,40.73095825,38.380756,42.26243,0.0,0.0,0.0,0.0,0.0,0.0,,0.0,0.0,0.0,0.0,0.0,0.0,50073.5814799098,0.0500735814799098,0.0,0.0
11110142,소격동,39.75525725,37.205143,42.372536,0.0,0.0,0.0,0.0,0.0,0.0,,0.0,0.0,0.0,0.0,0.0,0.0,61245.88967959559,0.061245889679595586,0.0,0.0
11110105,창성동,40.00001333333333,38.33706,41.466778,0.0,0.0,0.0,0.0,0.0,0.0,,0.0,0.0,0.0,0.0,0.0,0.0,59442.649897431766,0.05944264989743177,0.0,0.0
11110166,연건동,32.93166616129032,24.68036,41.09833,0.0,0.0,0.0,0.0,0.0,0.0,,0.0,0.0,0.0,0.0,0.0,0.0,295276.7179197893,0.2952767179197893,0.0,0.0
11110183,평창동,253.8596462104377,82.79383,680.074,3.0,0.3,0.3,639.5036423966667,575.553278157,0.0004794268190423,2025.0,0.0,0.0,0.0,0.0,0.0,0.0,5202840.85881308,5.20284085881308,0.00012291431926337185,3.687429577901155e-05
11110182,구기동,307.85826821749407,87.68659,679.94086,1.0,0.3,0.3,665.42416057,199.627248171,0.0004508402576531,2025.0,0.0,0.0,0.0,0.0,0.0,0.0,3741813.114229287,3.741813114229287,0.00017783468608828677,5.335040582648603e-05
11110175,숭인동,32.214327,17.572678,79.64963,0.0,0.0,0.0,0.0,0.0,0.0,,0.0,0.0,0.0,0.0,0.0,0.0,590605.8098228365,0.5906058098228365,0.0,0.0
11110168,동숭동,43.760082454545454,26.129194,100.486595,0.0,0.0,0.0,0.0,0.0,0.0,,0.0,0.0,0.0,0.0,0.0,0.0,365002.3114579569,0.3650023114579569,0.0,0.0
11110140,삼청동,138.32199974626866,50.71738,311.6535,1.0,0.3,0.3,106.09166321,31.827498963,0.0028277433958799,2025.0,0.0,0.0,0.0,0.0,0.0,0.0,1179004.983646578,1.179004983646578,8.998406680340407e-05,2.6995220041021223e-05
11110184,부암동,165.39929718079097,73.56305,286.16135,0.0,0.0,0.0,0.0,0.0,0.0,,0.0,0.0,0.0,0.0,0.0,0.0,1552591.8569405472,1.5525918569405472,0.0,0.0
11110169,혜화동,47.22912958974359,31.266891,67.32961,0.0,0.0,0.0,0.0,0.0,0.0,,0.0,0.0,0.0,0.0,0.0,0.0,328797.5431654426,0.3287975431654426,0.0,0.0
11110186,신영동,92.48865186666666,71.71629,135.16895,4.0,0.3,0.3,116.18831711,139.425980532,0.0032664674533155,2025.0,0.0,0.0,0.0,0.0,0.0,0.0,361805.0458566904,0.3618050458566904,0.0003211351484468289,9.634054453404866e-05
11140165,황학동,22.71438136842105,18.772038,28.43465,0.0,0.0,0.0,0.0,0.0,0.0,,0.0,0.0,0.0,0.0,0.0,0.0,327900.6805632831,0.3279006805632831,0.0,0.0
11140156,입정동,23.6171238,23.293798,24.011688,0.0,0.0,0.0,0.0,0.0,0.0,,0.0,0.0,0.0,0.0,0.0,0.0,39804.681017707815,0.039804681017707816,0.0,0.0
11140143,장충동1가,36.04864611764706,26.229176,50.49939,0.0,0.0,0.0,0.0,0.0,0.0,,0.0,0.0,0.0,0.0,0.0,0.0,148593.862118792,0.148593862118792,0.0,0.0
11140144,장충동2가,86.79654080291971,28.151224,246.03647,0.0,0.0,0.0,0.0,0.0,0.0,,0.0,0.0,0.0,0.0,0.0,0.0,1197786.0427738964,1.1977860427738964,0.0,0.0
11140160,인현동1가,25.93670575,24.587118,27.651562,0.0,0.0,0.0,0.0,0.0,0.0,,0.0,0.0,0.0,0.0,0.0,0.0,44235.889981458036,0.04423588998145803,0.0,0.0
11140105,을지로2가,27.277716357142857,26.024172,28.713728,0.0,0.0,0.0,0.0,0.0,0.0,,0.0,0.0,0.0,0.0,0.0,0.0,112448.54600243716,0.11244854600243716,0.0,0.0
11140135,예관동,28.2215322,26.292824,30.461573,0.0,0.0,0.0,0.0,0.0,0.0,,0.0,0.0,0.0,0.0,0.0,0.0,38708.31641569057,0.03870831641569057,0.0,0.0
11140132,충무로4가,30.76885471428572,28.825283,33.103214,0.0,0.0,0.0,0.0,0.0,0.0,,0.0,0.0,0.0,0.0,0.0,0.0,58267.95752196603,0.058267957521966035,0.0,0.0
11140107,삼각동,26.2421875,25.798567,26.75553,0.0,0.0,0.0,0.0,0.0,0.0,,0.0,0.0,0.0,0.0,0.0,0.0,27046.316521441808,0.027046316521441807,0.0,0.0
11140106,남대문로1가,25.972254333333336,23.819138,27.24077,0.0,0.0,0.0,0.0,0.0,0.0,,0.0,0.0,0.0,0.0,0.0,0.0,18719.225289953978,0.018719225289953977,0.0,0.0
11140137,필동1가,35.28716325,33.306313,37.37723,0.0,0.0,0.0,0.0,0.0,0.0,,0.0,0.0,0.0,0.0,0.0,0.0,35922.54404633687,0.03592254404633687,0.0,0.0
11140140,남학동,39.743088,39.743088,39.743088,0.0,0.0,0.0,0.0,0.0,0.0,,0.0,0.0,0.0,0.0,0.0,0.0,10747.99704547292,0.01074799704547292,0.0,0.0
11140109,장교동,25.347435333333333,24.44021,25.911661,0.0,0.0,0.0,0.0,0.0,0.0,,0.0,0.0,0.0,0.0,0.0,0.0,34161.551291884425,0.034161551291884425,0.0,0.0
11140161,저동2가,30.1685845,26.597164,35.27381,0.0,0.0,0.0,0.0,0.0,0.0,,0.0,0.0,0.0,0.0,0.0,0.0,54560.261407903854,0.054560261407903855,0.0,0.0
11140134,인현동2가,26.909355666666663,24.434149,29.989014,0.0,0.0,0.0,0.0,0.0,0.0,,0.0,0.0,0.0,0.0,0.0,0.0,70349.66928064368,0.07034966928064368,0.0,0.0
11140126,명동1가,30.1417625,28.419851,31.863674,0.0,0.0,0.0,0.0,0.0,0.0,,0.0,0.0,0.0,0.0,0.0,0.0,36790.020732248515,0.03679002073224851,0.0,0.0
11140131,저동1가,32.066659,28.373533,37.379097,0.0,0.0,0.0,0.0,0.0,0.0,,0.0,0.0,0.0,0.0,0.0,0.0,35490.22693086224,0.03549022693086224,0.0,0.0
11140169,의주로1가,32.72752025,31.200642,34.295135,0.0,0.0,0.0,0.0,0.0,0.0,,0.0,0.0,0.0,0.0,0.0,0.0,26843.619587393187,0.026843619587393185,0.0,0.0
11140172,의주로2가,30.940629666666663,29.893566,32.37987,0.0,0.0,0.0,0.0,0.0,0.0,,0.0,0.0,0.0,0.0,0.0,0.0,39625.06311385856,0.03962506311385856,0.0,0.0
11140122,회현동2가,44.458704,36.644955,53.40832,0.0,0.0,0.0,0.0,0.0,0.0,,0.0,0.0,0.0,0.0,0.0,0.0,70463.68836743753,0.07046368836743752,0.0,0.0
11140128,남산동1가,45.2888945,43.081535,47.496254,0.0,0.0,0.0,0.0,0.0,0.0,,0.0,0.0,0.0,0.0,0.0,0.0,23001.039469408104,0.023001039469408104,0.0,0.0
11140130,남산동3가,39.79776266666666,37.738728,41.946644,0.0,0.0,0.0,0.0,0.0,0.0,,0.0,0.0,0.0,0.0,0.0,0.0,28982.215994768732,0.02898221599476873,0.0,0.0
11140158,충무로3가,32.94202425,31.060896,36.252502,0.0,0.0,0.0,0.0,0.0,0.0,,0.0,0.0,0.0,0.0,0.0,0.0,47142.69984052507,0.04714269984052507,0.0,0.0
11140133,충무로5가,29.75512057142857,27.984877,32.854527,0.0,0.0,0.0,0.0,0.0,0.0,,0.0,0.0,0.0,0.0,0.0,0.0,54328.58414929438,0.05432858414929438,0.0,0.0
11140159,초동,28.556668142857145,25.602488,30.354517,0.0,0.0,0.0,0.0,0.0,0.0,,0.0,0.0,0.0,0.0,0.0,0.0,51604.85517608087,0.05160485517608087,0.0,0.0
11140136,묵정동,36.34606316666667,29.472227,41.350384,0.0,0.0,0.0,0.0,0.0,0.0,,0.0,0.0,0.0,0.0,0.0,0.0,61719.754638853876,0.061719754638853874,0.0,0.0
11140154,오장동,25.667577285714287,24.370525,27.059732,0.0,0.0,0.0,0.0,0.0,0.0,,0.0,0.0,0.0,0.0,0.0,0.0,67484.15252539153,0.06748415252539153,0.0,0.0
11140146,광희동2가,25.47606233333333,23.162914,28.399164,0.0,0.0,0.0,0.0,0.0,0.0,,0.0,0.0,0.0,0.0,0.0,0.0,56523.830143591425,0.05652383014359143,0.0,0.0
11140145,광희동1가,22.625046166666667,21.92818,23.566109,0.0,0.0,0.0,0.0,0.0,0.0,,0.0,0.0,0.0,0.0,0.0,0.0,53981.31697338946,0.05398131697338946,0.0,0.0
11140147,쌍림동,26.19653669230769,23.503504,30.102146,0.0,0.0,0.0,0.0,0.0,0.0,,0.0,0.0,0.0,0.0,0.0,0.0,78705.06502369381,0.07870506502369382,0.0,0.0
11140123,회현동3가,39.02346666666667,36.80326,41.986893,0.0,0.0,0.0,0.0,0.0,0.0,,0.0,0.0,0.0,0.0,0.0,0.0,12579.853872227583,0.012579853872227582,0.0,0.0
11140129,남산동2가,51.485126666666666,41.094242,67.41192,0.0,0.0,0.0,0.0,0.0,0.0,,0.0,0.0,0.0,0.0,0.0,0.0,72394.45255068837,0.07239445255068837,0.0,0.0
11140111,소공동,32.0163715,29.49161,33.822433,0.0,0.0,0.0,0.0,0.0,0.0,,0.0,0.0,0.0,0.0,0.0,0.0,82153.07589828415,0.08215307589828415,0.0,0.0
11140113,북창동,32.001224,30.068863,34.255943,0.0,0.0,0.0,0.0,0.0,0.0,,0.0,0.0,0.0,0.0,0.0,0.0,44138.27899499453,0.04413827899499453,0.0,0.0
11140155,을지로3가,24.836450444444445,23.688221,26.170424,0.0,0.0,0.0,0.0,0.0,0.0,,0.0,0.0,0.0,0.0,0.0,0.0,83109.15528007255,0.08310915528007255,0.0,0.0
11140170,충정로1가,38.50194966666667,35.104332,43.582737,0.0,0.0,0.0,0.0,0.0,0.0,,0.0,0.0,0.0,0.0,0.0,0.0,33610.801024004446,0.03361080102400445,0.0,0.0
11140148,을지로6가,20.56311338095238,16.015135,22.236029,0.0,0.0,0.0,0.0,0.0,0.0,,0.0,0.0,0.0,0.0,0.0,0.0,185007.09140267482,0.18500709140267482,0.0,0.0
11140127,명동2가,34.65250014285714,29.19315,44.44513,0.0,0.0,0.0,0.0,0.0,0.0,,0.0,0.0,0.0,0.0,0.0,0.0,117606.12386336866,0.11760612386336866,0.0,0.0
11140104,을지로1가,28.511363285714285,27.427942,29.230762,0.0,0.0,0.0,0.0,0.0,0.0,,0.0,0.0,0.0,0.0,0.0,0.0,62299.695306515365,0.062299695306515364,0.0,0.0
11140110,수표동,22.24304566666667,21.65209,22.589737,0.0,0.0,0.0,0.0,0.0,0.0,,0.0,0.0,0.0,0.0,0.0,0.0,35198.32051541342,0.03519832051541342,0.0,0.0
11140149,을지로7가,22.0377399,19.429882,24.402054,0.0,0.0,0.0,0.0,0.0,0.0,,0.0,0.0,0.0,0.0,0.0,0.0,91958.3301436026,0.09195833014360259,0.0,0.0
11140153,방산동,19.93236175,16.682415,21.789812,0.0,0.0,0.0,0.0,0.0,0.0,,0.0,0.0,0.0,0.0,0.0,0.0,59057.44935945722,0.05905744935945722,0.0,0.0
11140168,순화동,33.0577641875,28.877954,40.149357,0.0,0.0,0.0,0.0,0.0,0.0,,0.0,0.0,0.0,0.0,0.0,0.0,143399.59882655824,0.14339959882655826,0.0,0.0
11140118,남대문로5가,44.360878541666665,27.704418,105.66517,0.0,0.0,0.0,0.0,0.0,0.0,,0.0,0.0,0.0,0.0,0.0,0.0,228168.39928932645,0.22816839928932645,0.0,0.0
11140117,남대문로4가,36.46628785714286,32.738346,39.45659,0.0,0.0,0.0,0.0,0.0,0.0,,0.0,0.0,0.0,0.0,0.0,0.0,54888.80879358552,0.05488880879358552,0.0,0.0
11140119,봉래동1가,32.66208875,26.422905,36.63356,0.0,0.0,0.0,0.0,0.0,0.0,,0.0,0.0,0.0,0.0,0.0,0.0,41294.99007726261,0.04129499007726262,0.0,0.0
11140112,남창동,43.0337945625,35.382877,61.296936,0.0,0.0,0.0,0.0,0.0,0.0,,0.0,0.0,0.0,0.0,0.0,0.0,138691.3927954977,0.1386913927954977,0.0,0.0
11140164,무학동,22.030241,21.846518,22.213964,0.0,0.0,0.0,0.0,0.0,0.0,,0.0,0.0,0.0,0.0,0.0,0.0,27220.811747391457,0.02722081174739146,0.0,0.0
11140163,흥인동,20.590241,18.576742,22.557413,0.0,0.0,0.0,0.0,0.0,0.0,,0.0,0.0,0.0,0.0,0.0,0.0,124693.34355810896,0.12469334355810896,0.0,0.0
11140174,만리동2가,70.96450713333334,54.05836,82.0471,0.0,0.0,0.0,0.0,0.0,0.0,,0.0,0.0,0.0,0.0,0.0,0.0,143972.7398956563,0.1439727398956563,0.0,0.0
11140167,정동,38.485742,30.70687,48.162872,0.0,0.0,0.0,0.0,0.0,0.0,,0.0,0.0,0.0,0.0,0.0,0.0,303013.8561023702,0.3030138561023702,0.0,0.0
11140142,예장동,118.2127552631579,44.29765,232.94194,0.0,0.0,0.0,0.0,0.0,0.0,,0.0,0.0,0.0,0.0,0.0,0.0,678966.2576147337,0.6789662576147336,0.0,0.0
11140171,중림동,46.339695086956525,32.096897,76.18131,0.0,0.0,0.0,0.0,0.0,0.0,,0.0,0.0,0.0,0.0,0.0,0.0,227682.43384432408,0.22768243384432407,0.0,0.0
11140162,신당동,45.43571935766423,16.493248,142.09146,0.0,0.0,0.0,0.0,0.0,0.0,,0.0,0.0,0.0,0.0,0.0,0.0,2390156.8117898596,2.3901568117898595,0.0,0.0
11140120,봉래동2가,27.23390482352941,25.53681,32.050026,0.0,0.0,0.0,0.0,0.0,0.0,,0.0,0.0,0.0,0.0,0.0,0.0,130033.50884893491,0.13003350884893491,0.0,0.0
11140121,회현동1가,73.01468311111111,35.731304,145.56572,0.0,0.0,0.0,0.0,0.0,0.0,,0.0,0.0,0.0,0.0,0.0,0.0,298956.00520372146,0.29895600520372145,0.0,0.0
11140173,만리동1가,46.5786713,29.412827,70.77694,0.0,0.0,0.0,0.0,0.0,0.0,,0.0,0.0,0.0,0.0,0.0,0.0,69908.33211505787,0.06990833211505787,0.0,0.0
11140103,태평로1가,31.176811777777782,28.82035,34.449795,0.0,0.0,0.0,0.0,0.0,0.0,,0.0,0.0,0.0,0.0,0.0,0.0,74421.19509370903,0.07442119509370904,0.0,0.0
11140102,다동,27.6113275,25.431124,28.40064,0.0,0.0,0.0,0.0,0.0,0.0,,0.0,0.0,0.0,0.0,0.0,0.0,58535.80950169001,0.05853580950169001,0.0,0.0
11140101,무교동,28.912833,28.848238,28.977428,0.0,0.0,0.0,0.0,0.0,0.0,,0.0,0.0,0.0,0.0,0.0,0.0,32197.6736372937,0.0321976736372937,0.0,0.0
11140152,주교동,21.66830225,19.582373,23.131428,0.0,0.0,0.0,0.0,0.0,0.0,,0.0,0.0,0.0,0.0,0.0,0.0,73002.03697005699,0.07300203697005699,0.0,0.0
11140157,산림동,22.910794166666665,22.436089,23.327494,0.0,0.0,0.0,0.0,0.0,0.0,,0.0,0.0,0.0,0.0,0.0,0.0,44872.35771552421,0.04487235771552421,0.0,0.0
11140108,수하동,25.934542,25.756994,26.11209,0.0,0.0,0.0,0.0,0.0,0.0,,0.0,0.0,0.0,0.0,0.0,0.0,18328.01173706807,0.01832801173706807,0.0,0.0
11140124,충무로1가,34.250128333333336,32.208813,36.243225,0.0,0.0,0.0,0.0,0.0,0.0,,0.0,0.0,0.0,0.0,0.0,0.0,59430.702701647395,0.059430702701647395,0.0,0.0
11140125,충무로2가,38.07910144444444,34.54924,42.619774,0.0,0.0,0.0,0.0,0.0,0.0,,0.0,0.0,0.0,0.0,0.0,0.0,69049.78255670464,0.06904978255670464,0.0,0.0
11140116,남대문로3가,34.459441,33.726597,35.709557,0.0,0.0,0.0,0.0,0.0,0.0,,0.0,0.0,0.0,0.0,0.0,0.0,34015.72423010191,0.03401572423010191,0.0,0.0
11140115,남대문로2가,29.543414,27.241724,31.362883,0.0,0.0,0.0,0.0,0.0,0.0,,0.0,0.0,0.0,0.0,0.0,0.0,26228.61817465623,0.02622861817465623,0.0,0.0
11140166,서소문동,36.93628546153846,32.33771,40.651726,0.0,0.0,0.0,0.0,0.0,0.0,,0.0,0.0,0.0,0.0,0.0,0.0,115361.83282877842,0.11536183282877842,0.0,0.0
11140114,태평로2가,31.8138322,29.329409,36.67458,0.0,0.0,0.0,0.0,0.0,0.0,,0.0,0.0,0.0,0.0,0.0,0.0,82087.30265767571,0.0820873026576757,0.0,0.0
11140150,을지로4가,23.900995857142856,23.18191,24.695015,0.0,0.0,0.0,0.0,0.0,0.0,,0.0,0.0,0.0,0.0,0.0,0.0,70434.54728146212,0.07043454728146212,0.0,0.0
11140139,필동3가,41.61547541666666,33.023735,54.8131,0.0,0.0,0.0,0.0,0.0,0.0,,0.0,0.0,0.0,0.0,0.0,0.0,93518.28924232502,0.09351828924232501,0.0,0.0
11140138,필동2가,49.25462113043478,31.110083,83.689735,0.0,0.0,0.0,0.0,0.0,0.0,,0.0,0.0,0.0,0.0,0.0,0.0,185138.81266682665,0.18513881266682664,0.0,0.0
11140141,주자동,42.4256365,41.986935,42.864338,0.0,0.0,0.0,0.0,0.0,0.0,,0.0,0.0,0.0,0.0,0.0,0.0,22769.538230294816,0.022769538230294817,0.0,0.0
11140151,을지로5가,22.501702857142856,21.95848,23.59927,0.0,0.0,0.0,0.0,0.0,0.0,,0.0,0.0,0.0,0.0,0.0,0.0,78468.44534252775,0.07846844534252774,0.0,0.0
11170103,용산동4가,36.56616447727273,15.209089,60.682518,0.0,0.0,0.0,0.0,0.0,0.0,,0.0,0.0,0.0,0.0,0.0,0.0,793476.3663915247,0.7934763663915246,0.0,0.0
11170132,동빙고동,26.18548217333333,3.3113353,50.82463,0.0,0.0,0.0,0.0,0.0,0.0,,0.0,0.0,0.0,0.0,0.0,0.0,404261.91307725833,0.40426191307725834,0.0,0.0
11170120,도원동,45.959655454545455,26.268356,63.697803,0.0,0.0,0.0,0.0,0.0,0.0,,0.0,0.0,0.0,0.0,0.0,0.0,88557.24581443882,0.08855724581443883,0.0,0.0
11170135,용산동6가,13.730014808928573,3.4340305,32.852043,0.0,0.0,0.0,0.0,0.0,0.0,,0.0,0.0,0.0,0.0,0.0,0.0,1438090.246110861,1.438090246110861,0.0,0.0
11170126,용산동3가,26.377724256410257,14.845185,38.795307,0.0,0.0,0.0,0.0,0.0,0.0,,0.0,0.0,0.0,0.0,0.0,0.0,335263.82220221875,0.33526382220221873,0.0,0.0
11170121,용문동,18.167537285714285,11.210456,46.13931,0.0,0.0,0.0,0.0,0.0,0.0,,0.0,0.0,0.0,0.0,0.0,0.0,191365.27404447508,0.1913652740444751,0.0,0.0
11170116,청암동,24.35114884444444,5.708419,39.055004,0.0,0.0,0.0,0.0,0.0,0.0,,0.0,0.0,0.0,0.0,0.0,0.0,71436.37994160886,0.07143637994160885,0.0,0.0
11170117,원효로3가,16.85962992105263,11.065781,28.020098,0.0,0.0,0.0,0.0,0.0,0.0,,0.0,0.0,0.0,0.0,0.0,0.0,159259.45273496205,0.15925945273496206,0.0,0.0
11170119,효창동,40.917143836734695,17.001749,70.55227,0.0,0.0,0.0,0.0,0.0,0.0,,0.0,0.0,0.0,0.0,0.0,0.0,443192.321983129,0.443192321983129,0.0,0.0
11170107,동자동,29.2191595,22.541386,45.90412,0.0,0.0,0.0,0.0,0.0,0.0,,0.0,0.0,0.0,0.0,0.0,0.0,288286.22301792994,0.28828622301792994,0.0,0.0
11170131,한남동,60.79853704126074,2.7679794,244.85162,0.0,0.0,0.0,0.0,0.0,0.0,,0.0,0.0,0.0,0.0,0.0,0.0,3026493.5758914067,3.026493575891407,0.0,0.0
11170118,원효로4가,13.833298128125,2.6788633,31.162907,0.0,0.0,0.0,0.0,0.0,0.0,,0.0,0.0,0.0,0.0,0.0,0.0,310984.4716731213,0.3109844716731213,0.0,0.0
11170129,이촌동,7.5278541533190575,2.6906106,16.657995,0.0,0.0,0.0,0.0,0.0,0.0,,0.0,0.0,0.0,0.0,0.0,0.0,4078033.9535475196,4.07803395354752,0.0,0.0
11170101,후암동,78.48491064646464,20.224709,243.21776,0.0,0.0,0.0,0.0,0.0,0.0,,0.0,0.0,0.0,0.0,0.0,0.0,866260.8180180489,0.8662608180180489,0.0,0.0
11170125,한강로2가,12.18164443877551,10.841094,15.187561,0.0,0.0,0.0,0.0,0.0,0.0,,0.0,0.0,0.0,0.0,0.0,0.0,447328.7294673691,0.44732872946736907,0.0,0.0
11170104,갈월동,23.44584073076923,16.517908,36.10302,0.0,0.0,0.0,0.0,0.0,0.0,,0.0,0.0,0.0,0.0,0.0,0.0,223359.55908528212,0.22335955908528213,0.0,0.0
11170102,용산동2가,76.71021138059702,19.607382,261.92645,0.0,0.0,0.0,0.0,0.0,0.0,,0.0,0.0,0.0,0.0,0.0,0.0,1172070.2011050181,1.1720702011050181,0.0,0.0
11170123,신계동,15.29927088235294,10.624285,21.674706,0.0,0.0,0.0,0.0,0.0,0.0,,0.0,0.0,0.0,0.0,0.0,0.0,144026.94139849176,0.14402694139849176,0.0,0.0
11170113,원효로2가,14.2948348,10.871197,23.130947,0.0,0.0,0.0,0.0,0.0,0.0,,0.0,0.0,0.0,0.0,0.0,0.0,130882.65931753996,0.13088265931753995,0.0,0.0
11170127,용산동5가,17.20865113125,12.458381,27.980974,0.0,0.0,0.0,0.0,0.0,0.0,,0.0,0.0,0.0,0.0,0.0,0.0,691574.739122661,0.691574739122661,0.0,0.0
11170124,한강로1가,14.14643720689655,11.892394,17.542208,0.0,0.0,0.0,0.0,0.0,0.0,,0.0,0.0,0.0,0.0,0.0,0.0,238290.2642753969,0.2382902642753969,0.0,0.0
11170128,한강로3가,11.408462755072463,6.31557,16.909834,0.0,0.0,0.0,0.0,0.0,0.0,,0.0,0.0,0.0,0.0,0.0,0.0,1192117.2066155754,1.1921172066155754,0.0,0.0
11170122,문배동,13.206194125,12.262375,14.91639,0.0,0.0,0.0,0.0,0.0,0.0,,0.0,0.0,0.0,0.0,0.0,0.0,113170.93926265754,0.11317093926265755,0.0,0.0
11170112,원효로1가,23.67644070833333,13.351525,41.55056,0.0,0.0,0.0,0.0,0.0,0.0,,0.0,0.0,0.0,0.0,0.0,0.0,205626.42606487262,0.2056264260648726,0.0,0.0
11170111,청파동3가,31.96254448275862,16.280945,48.012066,0.0,0.0,0.0,0.0,0.0,0.0,,0.0,0.0,0.0,0.0,0.0,0.0,230419.40600582765,0.23041940600582766,0.0,0.0
11170105,남영동,16.9533405625,15.3690815,19.721924,0.0,0.0,0.0,0.0,0.0,0.0,,0.0,0.0,0.0,0.0,0.0,0.0,65036.379167550855,0.06503637916755085,0.0,0.0
11170106,용산동1가,21.26994236956521,14.583743,37.784595,0.0,0.0,0.0,0.0,0.0,0.0,,0.0,0.0,0.0,0.0,0.0,0.0,605627.3150304799,0.60562731503048,0.0,0.0
11170110,청파동2가,45.06647786956521,18.415306,71.400566,0.0,0.0,0.0,0.0,0.0,0.0,,0.0,0.0,0.0,0.0,0.0,0.0,223147.5437342447,0.22314754373424472,0.0,0.0
11170114,신창동,36.31726642857143,26.312674,46.97496,0.0,0.0,0.0,0.0,0.0,0.0,,0.0,0.0,0.0,0.0,0.0,0.0,62424.79990510063,0.062424799905100636,0.0,0.0
11170115,산천동,44.80582063636364,26.07205,60.922615,0.0,0.0,0.0,0.0,0.0,0.0,,0.0,0.0,0.0,0.0,0.0,0.0,97511.74676329321,0.0975117467632932,0.0,0.0
11170109,청파동1가,51.05888036363637,20.101055,76.499275,0.0,0.0,0.0,0.0,0.0,0.0,,0.0,0.0,0.0,0.0,0.0,0.0,196139.39596728963,0.19613939596728963,0.0,0.0
11170130,이태원동,78.85250570731708,14.945287,243.54002,0.0,0.0,0.0,0.0,0.0,0.0,,0.0,0.0,0.0,0.0,0.0,0.0,1438812.0164104854,1.4388120164104854,0.0,0.0
11170136,보광동,34.68768711084337,2.8501182,77.78167,0.0,0.0,0.0,0.0,0.0,0.0,,0.0,0.0,0.0,0.0,0.0,0.0,712453.1484314845,0.7124531484314844,0.0,0.0
11170108,서계동,40.94913462068966,25.11991,64.364815,0.0,0.0,0.0,0.0,0.0,0.0,,0.0,0.0,0.0,0.0,0.0,0.0,250847.92386806518,0.2508479238680652,0.0,0.0
11170134,주성동,17.96966271904762,3.1498258,49.38163,0.0,0.0,0.0,0.0,0.0,0.0,,0.0,0.0,0.0,0.0,0.0,0.0,172186.56883275986,0.17218656883275987,0.0,0.0
11170133,서빙고동,13.007055638043475,3.1830597,34.448555,0.0,0.0,0.0,0.0,0.0,0.0,,0.0,0.0,0.0,0.0,0.0,0.0,792319.659582649,0.792319659582649,0.0,0.0
11200115,성수동2가,11.581174073517788,2.7304254,16.176449,0.0,0.0,0.0,0.0,0.0,0.0,,0.0,0.0,0.0,0.0,0.0,0.0,2232091.9427416795,2.2320919427416794,0.0,0.0
11200104,도선동,25.88390653333333,19.246449,30.479134,0.0,0.0,0.0,0.0,0.0,0.0,,0.0,0.0,0.0,0.0,0.0,0.0,137355.73563007,0.13735573563007,0.0,0.0
11200107,행당동,30.127908,13.273401,94.81678,0.0,0.0,0.0,0.0,0.0,0.0,,0.0,0.0,0.0,0.0,0.0,0.0,1498006.7803404962,1.4980067803404962,0.0,0.0
11200101,상왕십리동,20.024051666666665,16.181837,25.650503,0.0,0.0,0.0,0.0,0.0,0.0,,0.0,0.0,0.0,0.0,0.0,0.0,151162.12148075574,0.15116212148075575,0.0,0.0
11200103,홍익동,23.21520333333333,18.47468,31.090359,0.0,0.0,0.0,0.0,0.0,0.0,,0.0,0.0,0.0,0.0,0.0,0.0,173179.73733144687,0.17317973733144687,0.0,0.0
11200106,사근동,26.287158626666667,8.137619,58.83382,0.0,0.0,0.0,0.0,0.0,0.0,,0.0,0.0,0.0,0.0,0.0,0.0,673415.0926389422,0.6734150926389422,0.0,0.0
11200110,금호동2가,75.59529334285715,33.34343,123.72464,0.0,0.0,0.0,0.0,0.0,0.0,,0.0,0.0,0.0,0.0,0.0,0.0,302677.38169930276,0.30267738169930275,0.0,0.0
11200111,금호동3가,59.30215290243903,22.22134,108.52286,0.0,0.0,0.0,0.0,0.0,0.0,,0.0,0.0,0.0,0.0,0.0,0.0,327534.9721672044,0.32753497216720445,0.0,0.0
11200114,성수동1가,12.23211640939394,2.7625954,23.029818,0.0,0.0,0.0,0.0,0.0,0.0,,0.0,0.0,0.0,0.0,0.0,0.0,2856858.108705161,2.856858108705161,0.0,0.0
11200109,금호동1가,58.16448189583334,21.46711,97.42903,0.0,0.0,0.0,0.0,0.0,0.0,,0.0,0.0,0.0,0.0,0.0,0.0,443084.979146645,0.443084979146645,0.0,0.0
11200112,금호동4가,26.56146417888889,2.9238446,80.69726,0.0,0.0,0.0,0.0,0.0,0.0,,0.0,0.0,0.0,0.0,0.0,0.0,801574.6204752917,0.8015746204752917,0.0,0.0
11200122,용답동,11.75735665464481,4.4653416,16.959938,0.0,0.0,0.0,0.0,0.0,0.0,,0.0,0.0,0.0,0.0,0.0,0.0,1588306.7542438188,1.5883067542438187,0.0,0.0
11200105,마장동,17.867098232,10.973622,45.1069,0.0,0.0,0.0,0.0,0.0,0.0,,0.0,0.0,0.0,0.0,0.0,0.0,1054034.232224229,1.054034232224229,0.0,0.0
11200102,하왕십리동,37.83504877631579,14.120378,76.943436,0.0,0.0,0.0,0.0,0.0,0.0,,0.0,0.0,0.0,0.0,0.0,0.0,623002.680276513,0.623002680276513,0.0,0.0
11200108,응봉동,35.18733308484849,4.7134976,108.41827,0.0,0.0,0.0,0.0,0.0,0.0,,0.0,0.0,0.0,0.0,0.0,0.0,558165.4904202134,0.5581654904202135,0.0,0.0
11200118,송정동,11.518827956363635,6.407363,20.22703,0.0,0.0,0.0,0.0,0.0,0.0,,0.0,0.0,0.0,0.0,0.0,0.0,1442328.0035323391,1.4423280035323391,0.0,0.0
11200113,옥수동,30.15687450941704,2.8439555,157.05725,0.0,0.0,0.0,0.0,0.0,0.0,,0.0,0.0,0.0,0.0,0.0,0.0,1962100.2883711578,1.9621002883711578,0.0,0.0
11215105,자양동,13.500550862264152,2.773209,30.211704,0.0,0.0,0.0,0.0,0.0,0.0,,0.0,0.0,0.0,0.0,0.0,0.0,4608184.427334447,4.608184427334447,0.0,0.0
11215103,구의동,40.98494547413793,6.186557,203.12418,0.0,0.0,0.0,0.0,0.0,0.0,,0.0,0.0,0.0,0.0,0.0,0.0,3004394.929911126,3.004394929911126,0.0,0.0
11215107,화양동,18.01273858076923,12.568357,29.643871,0.0,0.0,0.0,0.0,0.0,0.0,,0.0,0.0,0.0,0.0,0.0,0.0,1130099.2556925938,1.1300992556925937,0.0,0.0
11215102,능동,24.36436796,15.819326,35.868053,0.0,0.0,0.0,0.0,0.0,0.0,,0.0,0.0,0.0,0.0,0.0,0.0,1101356.4341348924,1.1013564341348925,0.0,0.0
11215104,광장동,48.38939672463236,6.162792,185.2065,0.0,0.0,0.0,0.0,0.0,0.0,,0.0,0.0,0.0,0.0,0.0,0.0,2393516.2836713563,2.393516283671356,0.0,0.0
11215109,군자동,16.25236441764706,12.67306,21.165148,0.0,0.0,0.0,0.0,0.0,0.0,,0.0,0.0,0.0,0.0,0.0,0.0,734087.9182765916,0.7340879182765916,0.0,0.0
11215101,중곡동,77.94094940685224,8.754998,319.1626,0.0,0.0,0.0,0.0,0.0,0.0,,0.0,0.0,0.0,0.0,0.0,0.0,4087633.885684173,4.087633885684173,0.0,0.0
11230106,장안동,12.760107554307115,10.424522,15.857125,0.0,0.0,0.0,0.0,0.0,0.0,,0.0,0.0,0.0,0.0,0.0,0.0,2333552.530482036,2.333552530482036,0.0,0.0
11230101,신설동,18.485912027027027,14.775766,21.576464,1.0,0.3,0.3,178.60606124,53.581818372,0.0016796742390331,2025.0,0.0,0.0,0.0,0.0,0.0,0.0,341367.22573544027,0.34136722573544026,0.0005232079935477455,0.00015696239806432366
11230102,용두동,16.70396062328767,13.546923,27.114656,0.0,0.0,0.0,0.0,0.0,0.0,,0.0,0.0,0.0,0.0,0.0,0.0,1273422.2580697886,1.2734222580697885,0.0,0.0
11230107,청량리동,29.286930348148147,14.414711,71.41264,0.0,0.0,0.0,0.0,0.0,0.0,,0.0,0.0,0.0,0.0,0.0,0.0,1199248.9109869439,1.199248910986944,0.0,0.0
11230109,휘경동,22.858356597435897,11.432851,73.13332,0.0,0.0,0.0,0.0,0.0,0.0,,0.0,0.0,0.0,0.0,0.0,0.0,1688516.9862237573,1.6885169862237572,0.0,0.0
11230110,이문동,24.144634980295567,11.343357,75.0116,0.0,0.0,0.0,0.0,0.0,0.0,,0.0,0.0,0.0,0.0,0.0,0.0,1740340.8381641763,1.7403408381641763,0.0,0.0
11230103,제기동,18.41896843971631,14.092088,28.782648,0.0,0.0,0.0,0.0,0.0,0.0,,0.0,0.0,0.0,0.0,0.0,0.0,1189964.364092784,1.189964364092784,0.0,0.0
11230105,답십리동,21.38247020157068,11.783615,71.529366,0.0,0.0,0.0,0.0,0.0,0.0,,0.0,0.0,0.0,0.0,0.0,0.0,1659488.9582900477,1.6594889582900476,0.0,0.0
11230104,전농동,28.15873122881356,13.49184,84.57207,0.0,0.0,0.0,0.0,0.0,0.0,,0.0,0.0,0.0,0.0,0.0,0.0,2054240.2548000212,2.054240254800021,0.0,0.0
11230108,회기동,50.78981391111112,23.256239,125.47193,0.0,0.0,0.0,0.0,0.0,0.0,,0.0,0.0,0.0,0.0,0.0,0.0,766963.0954119497,0.7669630954119496,0.0,0.0
11260103,중화동,21.94451556417112,10.921621,137.87119,0.0,0.0,0.0,0.0,0.0,0.0,,0.0,0.0,0.0,0.0,0.0,0.0,1660212.4473628993,1.6602124473628994,0.0,0.0
11260102,상봉동,31.07996443502825,11.500958,132.99338,0.0,0.0,0.0,0.0,0.0,0.0,,0.0,0.0,0.0,0.0,0.0,0.0,1530543.8318746295,1.5305438318746294,0.0,0.0
11260104,묵동,26.66094820642202,11.546531,126.44052,0.0,0.0,0.0,0.0,0.0,0.0,,0.0,0.0,0.0,0.0,0.0,0.0,1897666.250947135,1.897666250947135,0.0,0.0
11260101,면목동,58.837676509406656,9.29759,317.98358,0.0,0.0,0.0,0.0,0.0,0.0,,0.0,0.0,0.0,0.0,0.0,0.0,6015541.9075235585,6.015541907523558,0.0,0.0
11260105,망우동,62.348172986577175,20.30621,240.80237,0.0,0.0,0.0,0.0,0.0,0.0,,0.0,0.0,0.0,0.0,0.0,0.0,3896640.310222108,3.896640310222108,0.0,0.0
11260106,신내동,48.44389018844221,21.251642,144.10275,0.0,0.0,0.0,0.0,0.0,0.0,,0.0,0.0,0.0,0.0,0.0,0.0,3530809.1682486185,3.5308091682486187,0.0,0.0
11290102,성북동1가,51.07041677777778,41.617653,64.76334,0.0,0.0,0.0,0.0,0.0,0.0,,0.0,0.0,0.0,0.0,0.0,0.0,81281.26795136077,0.08128126795136077,0.0,0.0
11290111,삼선동1가,62.623800208333336,40.662186,101.520996,0.0,0.0,0.0,0.0,0.0,0.0,,0.0,0.0,0.0,0.0,0.0,0.0,208556.23743520887,0.20855623743520887,0.0,0.0
11290101,성북동,148.8323542384106,44.95445,324.42404,0.0,0.0,0.0,0.0,0.0,0.0,,0.0,0.0,0.0,0.0,0.0,0.0,2643164.315788287,2.643164315788287,0.0,0.0
11290109,동소문동6가,49.52640054545454,34.495525,71.37174,0.0,0.0,0.0,0.0,0.0,0.0,,0.0,0.0,0.0,0.0,0.0,0.0,99916.90910159505,0.09991690910159505,0.0,0.0
11290139,석관동,25.825944205882355,12.367764,117.49142,0.0,0.0,0.0,0.0,0.0,0.0,,0.0,0.0,0.0,0.0,0.0,0.0,1742977.6498667907,1.7429776498667908,0.0,0.0
11290126,보문동4가,22.3917618,21.265076,23.380978,0.0,0.0,0.0,0.0,0.0,0.0,,0.0,0.0,0.0,0.0,0.0,0.0,43105.63437606932,0.04310563437606932,0.0,0.0
11290127,보문동5가,23.895897833333333,21.697151,26.6882,0.0,0.0,0.0,0.0,0.0,0.0,,0.0,0.0,0.0,0.0,0.0,0.0,56703.922442938994,0.056703922442938995,0.0,0.0
11290106,동소문동3가,35.525611,34.503563,37.0816,0.0,0.0,0.0,0.0,0.0,0.0,,0.0,0.0,0.0,0.0,0.0,0.0,28471.81181050529,0.028471811810505288,0.0,0.0
11290108,동소문동5가,31.4446938,29.171082,33.517952,0.0,0.0,0.0,0.0,0.0,0.0,,0.0,0.0,0.0,0.0,0.0,0.0,42975.74763552615,0.042975747635526154,0.0,0.0
11290107,동소문동4가,53.292122500000005,35.189022,86.99178,0.0,0.0,0.0,0.0,0.0,0.0,,0.0,0.0,0.0,0.0,0.0,0.0,93580.95434456726,0.09358095434456726,0.0,0.0
11290110,동소문동7가,50.355626125,40.766422,66.118256,0.0,0.0,0.0,0.0,0.0,0.0,,0.0,0.0,0.0,0.0,0.0,0.0,70357.91170516389,0.0703579117051639,0.0,0.0
11290130,보문동1가,25.484024444444444,23.695383,27.601074,0.0,0.0,0.0,0.0,0.0,0.0,,0.0,0.0,0.0,0.0,0.0,0.0,68892.15759858715,0.06889215759858715,0.0,0.0
11290115,삼선동5가,31.36735666666667,26.960007,38.479443,0.0,0.0,0.0,0.0,0.0,0.0,,0.0,0.0,0.0,0.0,0.0,0.0,119776.26488293688,0.11977626488293688,0.0,0.0
11290134,길음동,60.840977125,32.2157,149.2314,1.0,0.1,0.1,138.00565124,13.800565124,0.0007246080077263,2025.0,0.0,0.0,0.0,0.0,0.0,0.0,1236575.4587688046,1.2365754587688045,0.00011160309729695365,1.1160309729695365e-05
11290114,삼선동4가,33.12630690909091,30.447412,36.189198,0.0,0.0,0.0,0.0,0.0,0.0,,0.0,0.0,0.0,0.0,0.0,0.0,87579.03901806373,0.08757903901806373,0.0,0.0
11290103,돈암동,78.11838338582677,31.80395,152.26479,1.0,0.1,0.1,242.86298869,24.286298869000003,0.0004117547945012,2025.0,0.0,0.0,0.0,0.0,0.0,0.0,1130469.7523451569,1.1304697523451568,0.00021483369031872042,2.1483369031872044e-05
11290129,보문동7가,21.45705625,19.826237,23.34036,0.0,0.0,0.0,0.0,0.0,0.0,,0.0,0.0,0.0,0.0,0.0,0.0,66582.62431653414,0.06658262431653414,0.0,0.0
11290105,동소문동2가,38.4124575,36.580418,39.509293,0.0,0.0,0.0,0.0,0.0,0.0,,0.0,0.0,0.0,0.0,0.0,0.0,39280.69857618087,0.03928069857618087,0.0,0.0
11290122,안암동2가,34.57864118181818,23.129032,58.60858,0.0,0.0,0.0,0.0,0.0,0.0,,0.0,0.0,0.0,0.0,0.0,0.0,106139.441060227,0.106139441060227,0.0,0.0
11290121,안암동1가,39.12324275,25.481466,74.928505,0.0,0.0,0.0,0.0,0.0,0.0,,0.0,0.0,0.0,0.0,0.0,0.0,102670.84403713595,0.10267084403713594,0.0,0.0
11290125,안암동5가,55.75334327777778,21.58775,127.96982,0.0,0.0,0.0,0.0,0.0,0.0,,0.0,0.0,0.0,0.0,0.0,0.0,948660.9614075554,0.9486609614075554,0.0,0.0
11290112,삼선동2가,58.60618673076923,35.836117,85.55925,0.0,0.0,0.0,0.0,0.0,0.0,,0.0,0.0,0.0,0.0,0.0,0.0,229296.63600200278,0.22929663600200278,0.0,0.0
11290135,종암동,43.582360668674696,19.283373,124.269035,0.0,0.0,0.0,0.0,0.0,0.0,,0.0,0.0,0.0,0.0,0.0,0.0,1461273.4210757897,1.4612734210757896,0.0,0.0
11290131,보문동2가,33.13123628571429,25.69879,40.689186,0.0,0.0,0.0,0.0,0.0,0.0,,0.0,0.0,0.0,0.0,0.0,0.0,64238.830594267754,0.06423883059426776,0.0,0.0
11290128,보문동6가,46.6329569375,25.844995,76.5746,0.0,0.0,0.0,0.0,0.0,0.0,,0.0,0.0,0.0,0.0,0.0,0.0,142649.68830393566,0.14264968830393565,0.0,0.0
11290124,안암동4가,26.0522175,20.869257,35.001793,0.0,0.0,0.0,0.0,0.0,0.0,,0.0,0.0,0.0,0.0,0.0,0.0,58453.15098557014,0.058453150985570135,0.0,0.0
11290123,안암동3가,33.78701925,20.360868,52.488754,1.0,0.1,0.1,134.89579796,13.489579796,0.000741312935705,2025.0,0.0,0.0,0.0,0.0,0.0,0.0,108308.41274210475,0.10830841274210475,0.0012454784863406964,0.00012454784863406965
11290136,하월곡동,38.434745567307694,22.64468,103.03236,3.0,0.1,0.1,179.54192927666668,53.862578783,0.0008899875343151,2025.0,0.0,0.0,0.0,0.0,0.0,0.0,1793240.5639859277,1.7932405639859277,0.0001001214967374983,1.0012149673749831e-05
11290113,삼선동3가,44.05498283333333,33.855778,55.616913,0.0,0.0,0.0,0.0,0.0,0.0,,0.0,0.0,0.0,0.0,0.0,0.0,170840.50650143914,0.17084050650143914,0.0,0.0
11290132,보문동3가,54.18832707692308,33.856445,78.47621,0.0,0.0,0.0,0.0,0.0,0.0,,0.0,0.0,0.0,0.0,0.0,0.0,111405.99180006194,0.11140599180006194,0.0,0.0
11290120,동선동5가,49.47080525,37.87872,72.17039,0.0,0.0,0.0,0.0,0.0,0.0,,0.0,0.0,0.0,0.0,0.0,0.0,67407.54830236603,0.06740754830236603,0.0,0.0
11290118,동선동3가,43.49759266666666,34.95041,66.26227,0.0,0.0,0.0,0.0,0.0,0.0,,0.0,0.0,0.0,0.0,0.0,0.0,98244.88811542407,0.09824488811542406,0.0,0.0
11290119,동선동4가,50.7553693,32.329033,83.17534,0.0,0.0,0.0,0.0,0.0,0.0,,0.0,0.0,0.0,0.0,0.0,0.0,86713.87390182866,0.08671387390182866,0.0,0.0
11290116,동선동1가,32.91463944444445,28.474686,36.532063,0.0,0.0,0.0,0.0,0.0,0.0,,0.0,0.0,0.0,0.0,0.0,0.0,82175.89976478337,0.08217589976478337,0.0,0.0
11290104,동소문동1가,53.9136205,39.97608,73.15939,0.0,0.0,0.0,0.0,0.0,0.0,,0.0,0.0,0.0,0.0,0.0,0.0,64284.459871515835,0.06428445987151583,0.0,0.0
11290117,동선동2가,31.837101916666665,25.825254,46.502777,0.0,0.0,0.0,0.0,0.0,0.0,,0.0,0.0,0.0,0.0,0.0,0.0,99151.50402333325,0.09915150402333325,0.0,0.0
11290138,장위동,34.01312413362069,15.151099,88.44213,5.0,0.1,0.1,170.95508935200002,85.47754467600001,0.0006782060067222,2025.0,0.0,0.0,0.0,0.0,0.0,0.0,2036324.1009589273,2.0363241009589275,8.395278986851621e-05,8.395278986851621e-06
11290133,정릉동,195.2561506256463,37.055557,664.19635,1.0,0.3,0.3,2809639.63623471,842891.8908704129,1.067752590513849e-07,2025.0,0.0,0.0,0.0,0.0,0.0,0.0,8401669.082731904,8.401669082731905,0.33441446081343656,0.10032433824403096
11290137,상월곡동,54.48454701724138,24.286829,107.39612,1.0,0.1,0.1,124.32873255,12.432873255,0.0008043193069613,2025.0,0.0,0.0,0.0,0.0,0.0,0.0,529584.0691161673,0.5295840691161673,0.00023476675338345154,2.3476675338345156e-05
11305101,미아동,61.04317969383698,29.674341,201.35365,7.0,0.3,0.3,401532.3162261343,843217.8640748819,0.0017743378618274,2025.0,0.0,0.0,0.0,0.0,0.0,0.0,4393858.0932034785,4.3938580932034785,0.09138490768448662,0.027415472305345984
11305104,우이동,260.6800433647175,39.586468,754.64685,12.0,0.3,0.3,234388.65795302,843799.1686308719,0.0019398243729755,2025.0,0.0,0.0,0.0,0.0,0.0,0.0,8904631.181410346,8.904631181410346,0.02632210735940854,0.007896632207822562
11305102,번동,46.11154419935691,22.250374,112.218864,8.0,0.3,0.3,146.0735478225,350.576514774,0.0022466824285837,2025.0,0.0,0.0,0.0,0.0,0.0,0.0,2677343.317609167,2.677343317609167,5.455913959997546e-05,1.6367741879992637e-05
11305103,수유동,145.80201167995443,30.337126,547.00696,24.0,0.3,0.3,117255.7763583596,844241.5897801889,0.0020393011686472,2025.0,0.0,0.0,0.0,0.0,0.0,0.0,7668089.3914894555,7.668089391489455,0.015291394032064582,0.004587418209619374
11320105,쌍문동,47.137618331269344,26.616646,94.236664,24.0,0.3,0.3,227.49223591541667,1637.9440985909998,0.0016637212555799,2025.0,0.0,0.0,0.0,0.0,0.0,0.0,2784858.828785717,2.784858828785717,8.1688965187011e-05,2.45066895561033e-05
11320107,창동,31.86638329531568,16.527922,99.21845,4.0,0.3,0.3,264.50446943,317.405363316,0.0017637931909461,2025.0,0.0,0.0,0.0,0.0,0.0,0.0,4264602.580911979,4.264602580911979,6.202324001160175e-05,1.8606972003480526e-05
11320106,방학동,60.442240399572654,23.47883,211.05786,20.0,0.3,0.3,204.641610923,1227.849665538,0.0019062300917007,2025.0,0.0,0.0,0.0,0.0,0.0,0.0,4068481.0179655403,4.06848101796554,5.029926648774973e-05,1.5089779946324917e-05
11320108,도봉동,193.7200785241568,25.801039,699.14233,9.0,0.3,0.3,210.44976035888888,568.214352969,0.001611303303947,2025.0,0.0,0.0,0.0,0.0,0.0,0.0,9560783.99392124,9.560783993921241,2.2011768124109186e-05,6.603530437232756e-06
11350103,공릉동,47.882886341798944,13.996922,191.6846,0.0,0.0,0.0,0.0,0.0,0.0,,0.0,0.0,0.0,0.0,0.0,0.0,8240542.82491811,8.24054282491811,0.0,0.0
11350104,하계동,31.58127310869565,14.63561,78.56712,0.0,0.0,0.0,0.0,0.0,0.0,,0.0,0.0,0.0,0.0,0.0,0.0,2025272.854078978,2.025272854078978,0.0,0.0
11350106,중계동,88.11644848247079,18.975517,400.04825,0.0,0.0,0.0,0.0,0.0,0.0,,0.0,0.0,0.0,0.0,0.0,0.0,5246776.610701752,5.246776610701752,0.0,0.0
11350105,상계동,117.78528802544248,16.872904,528.22955,5.0,0.15,0.15,343.12154073,257.3411555475,0.0006117222891786,2025.0,0.0,0.0,0.0,0.0,0.0,0.0,15802231.2575457,15.802231257545701,2.1713486857506692e-05,3.257023028626004e-06
11350102,월계동,35.674769329938904,14.515908,106.81625,11.0,0.15,0.15,194.6710682790909,321.2072626605,0.0008118377223554,2025.0,0.0,0.0,0.0,0.0,0.0,0.0,4287540.69985204,4.28754069985204,4.540389978940814e-05,6.810584968411221e-06
11380106,대조동,26.98773191752577,21.315899,40.942566,21.0,0.1,0.1,190.7770075490476,400.631715853,0.0006819970837211,2025.0,0.0,0.0,0.0,0.0,0.0,0.0,851356.8577659474,0.8513568577659474,0.00022408582935441095,2.2408582935441095e-05
11380114,진관동,124.57393746793892,18.172434,477.70477,8.0,0.1,0.1,2948.81218533875,2359.049748271,0.0001986387529277,2025.0,0.0,0.0,0.0,0.0,0.0,0.0,11564780.925895842,11.564780925895843,0.00025498210508560293,2.5498210508560296e-05
11380104,갈현동,65.82568298660713,21.4091,204.52809,144.0,0.1,0.1,212.91393697513888,3065.9606924420004,0.0005699794121247,2025.0,0.0,0.0,0.0,0.0,0.0,0.0,1945573.0384818232,1.945573038481823,0.00010943507787365345,1.0943507787365345e-05
11380105,구산동,67.25069030188679,20.102541,189.14508,25.0,0.1,0.1,193.9297366568,484.824341642,0.0006022580611259,2025.0,0.0,0.0,0.0,0.0,0.0,0.0,1388982.3750264125,1.3889823750264125,0.00013962001256719495,1.3962001256719495e-05
11380103,불광동,115.99282774856046,26.87102,382.28516,191.0,0.1,0.1,176.1470530528272,3364.408713309,0.0008356461176626,2025.0,0.0,0.0,0.0,0.0,0.0,0.0,4517947.2159429295,4.51794721594293,3.898829371694286e-05,3.8988293716942856e-06
11380110,증산동,34.70412368085106,12.145392,96.61318,31.0,0.1,0.1,314.8309744883871,975.976020914,0.00057840022395,2025.0,0.0,0.0,0.0,0.0,0.0,0.0,809098.3755335901,0.8090983755335901,0.00038911334394999876,3.891133439499988e-05
11380109,신사동,56.88438163809524,14.798619,143.64095,20.0,0.1,0.1,191.952957306,383.90591461200006,0.0006388023409508,2025.0,0.0,0.0,0.0,0.0,0.0,0.0,1852907.2502901102,1.8529072502901103,0.00010359555626756054,1.0359555626756054e-05
11380102,녹번동,59.417256897560975,19.728159,177.79643,31.0,0.1,0.1,516.0676962851612,1599.8098584840002,0.0006469096500858,2025.0,0.0,0.0,0.0,0.0,0.0,0.0,1793503.5110668407,1.7935035110668407,0.0002877427856152818,2.8774278561528183e-05
11380107,응암동,41.06321628595318,12.276319,172.13403,212.0,0.1,0.1,536.5292477073585,11374.420051396,0.000709897324365,2025.0,0.0,0.0,0.0,0.0,0.0,0.0,2617126.5231346027,2.6171265231346026,0.00020500699640028984,2.0500699640028987e-05
11380108,역촌동,28.092671156716417,17.661776,120.89229,71.0,0.1,0.1,182.33702917450705,1294.592907139,0.0006133584887164,2025.0,0.0,0.0,0.0,0.0,0.0,0.0,1156423.6645742818,1.1564236645742818,0.00015767320815043284,1.5767320815043283e-05
11380101,수색동,43.01244903521127,11.582682,142.66048,7.0,0.1,0.1,139.93962229428573,97.957735606,0.0008076544576614,2025.0,0.0,0.0,0.0,0.0,0.0,0.0,1291798.9202115352,1.2917989202115352,0.00010832926092814064,1.0832926092814064e-05
11410109,현저동,104.08591756451612,46.52354,188.99907,0.0,0.0,0.0,0.0,0.0,0.0,,0.0,0.0,0.0,0.0,0.0,0.0,528112.0058481887,0.5281120058481886,0.0,0.0
11410103,합동,38.13539383333333,31.793236,43.47628,0.0,0.0,0.0,0.0,0.0,0.0,,0.0,0.0,0.0,0.0,0.0,0.0,43437.61133226103,0.04343761133226103,0.0,0.0
11410117,연희동,53.05226410144928,15.791908,256.15332,0.0,0.0,0.0,0.0,0.0,0.0,,0.0,0.0,0.0,0.0,0.0,0.0,3010866.7478904687,3.0108667478904687,0.0,0.0
11410104,미근동,34.117339625,31.700413,36.283916,0.0,0.0,0.0,0.0,0.0,0.0,,0.0,0.0,0.0,0.0,0.0,0.0,77397.92494284811,0.07739792494284811,0.0,0.0
11410114,신촌동,68.72047851546392,27.492031,178.6661,0.0,0.0,0.0,0.0,0.0,0.0,,0.0,0.0,0.0,0.0,0.0,0.0,863413.6370498529,0.8634136370498529,0.0,0.0
11410110,북아현동,75.60519269672132,35.967896,163.79004,0.0,0.0,0.0,0.0,0.0,0.0,,0.0,0.0,0.0,0.0,0.0,0.0,1075739.6734023802,1.0757396734023803,0.0,0.0
11410115,봉원동,163.84411260416667,85.0065,273.3383,0.0,0.0,0.0,0.0,0.0,0.0,,0.0,0.0,0.0,0.0,0.0,0.0,431301.63524062955,0.43130163524062953,0.0,0.0
11410112,대현동,54.52551940384616,31.212048,97.11943,0.0,0.0,0.0,0.0,0.0,0.0,,0.0,0.0,0.0,0.0,0.0,0.0,465299.3172636537,0.4652993172636537,0.0,0.0
11410101,충정로2가,52.955597352941176,35.14659,88.855865,0.0,0.0,0.0,0.0,0.0,0.0,,0.0,0.0,0.0,0.0,0.0,0.0,127290.64069580345,0.12729064069580345,0.0,0.0
11410105,냉천동,51.456742090909096,38.363155,71.67477,0.0,0.0,0.0,0.0,0.0,0.0,,0.0,0.0,0.0,0.0,0.0,0.0,115163.14645341277,0.11516314645341277,0.0,0.0
11410107,옥천동,92.374889,53.619545,149.75044,0.0,0.0,0.0,0.0,0.0,0.0,,0.0,0.0,0.0,0.0,0.0,0.0,54364.82483464441,0.05436482483464441,0.0,0.0
11410116,창천동,28.054236397260272,15.461453,42.86993,0.0,0.0,0.0,0.0,0.0,0.0,,0.0,0.0,0.0,0.0,0.0,0.0,606548.4718482684,0.6065484718482684,0.0,0.0
11410106,천연동,80.12199855555555,40.975224,156.56117,0.0,0.0,0.0,0.0,0.0,0.0,,0.0,0.0,0.0,0.0,0.0,0.0,153314.55258147992,0.1533145525814799,0.0,0.0
11410111,홍제동,92.6109649479452,28.819859,279.8353,0.0,0.0,0.0,0.0,0.0,0.0,,0.0,0.0,0.0,0.0,0.0,0.0,3142874.8307588617,3.1428748307588616,0.0,0.0
11410113,대신동,52.452480575757576,29.032843,95.14414,0.0,0.0,0.0,0.0,0.0,0.0,,0.0,0.0,0.0,0.0,0.0,0.0,267207.90372658684,0.2672079037265868,0.0,0.0
11410102,충정로3가,64.18151665517242,37.73313,95.49263,0.0,0.0,0.0,0.0,0.0,0.0,,0.0,0.0,0.0,0.0,0.0,0.0,255118.90534767372,0.25511890534767373,0.0,0.0
11410108,영천동,84.24771166666667,42.44188,155.05074,0.0,0.0,0.0,0.0,0.0,0.0,,0.0,0.0,0.0,0.0,0.0,0.0,135965.61197027986,0.13596561197027987,0.0,0.0
11410118,홍은동,95.18022909478672,21.624834,200.72255,4.0,0.5,0.5,124.575396215,249.15079243,0.0042015728858973,2025.0,0.0,0.0,0.0,0.0,0.0,0.0,3673174.758754433,3.673174758754433,3.3914911322445026e-05,1.6957455661222513e-05
11410120,남가좌동,29.42436155862069,17.208012,56.290432,0.0,0.0,0.0,0.0,0.0,0.0,,0.0,0.0,0.0,0.0,0.0,0.0,1260819.1733227111,1.2608191733227112,0.0,0.0
11410119,북가좌동,20.74781195031056,10.67744,45.054295,78.0,0.4871794871794871,0.5,166.98747775538462,6360.719787344,0.0031278621361632,2025.0,0.0,0.0,0.0,0.0,0.0,0.0,1401408.6348301796,1.4014086348301795,0.00011915687801910817,5.805078672725782e-05
11440120,서교동,14.56729880882353,9.140631,25.850588,0.0,0.0,0.0,0.0,0.0,0.0,,0.045,0.06,2.0,0.0,0.0,0.0,1183486.0623233414,1.1834860623233414,0.0,0.0
11440122,합정동,9.270360191878172,2.4935954,19.267061,0.0,0.0,0.0,0.0,0.0,0.0,,0.055,0.07,2.0,0.0,0.0,0.0,1726771.0051950375,1.7267710051950376,0.0,0.0
11440103,신공덕동,26.76691379310345,11.98882,55.671265,0.0,0.0,0.0,0.0,0.0,0.0,,0.0,0.0,0.0,0.0,0.0,0.0,241268.7419699111,0.24126874196991108,0.0,0.0
11440108,대흥동,32.557116117647055,10.237853,82.425964,0.0,0.0,0.0,0.0,0.0,0.0,,0.04,0.04,1.0,0.0,0.0,0.0,606223.9928099837,0.6062239928099836,0.0,0.0
11440124,연남동,13.364888182432432,10.82868,23.760618,0.0,0.0,0.0,0.0,0.0,0.0,,0.13,0.18,2.0,0.0,0.0,0.0,644021.1603474071,0.6440211603474071,0.0,0.0
11440112,현석동,12.092804036363638,2.2886899,20.186203,0.0,0.0,0.0,0.0,0.0,0.0,,0.0,0.0,0.0,0.0,0.0,0.0,189216.40202614863,0.18921640202614862,0.0,0.0
11440106,토정동,6.190020146153846,2.6228056,11.613306,0.0,0.0,0.0,0.0,0.0,0.0,,0.0,0.0,0.0,0.0,0.0,0.0,114148.54266658348,0.11414854266658349,0.0,0.0
11440126,중동,16.816590038461538,10.18956,32.615555,0.0,0.0,0.0,0.0,0.0,0.0,,0.0,0.0,0.0,0.0,0.0,0.0,334021.7581140263,0.3340217581140263,0.0,0.0
11440123,망원동,8.145401741584159,2.8155127,21.030586,0.0,0.0,0.0,0.0,0.0,0.0,,0.145,0.16,2.0,0.0,0.0,0.0,1741256.2140251708,1.7412562140251708,0.0,0.0
11440117,신정동,9.338149815384616,2.7582004,13.272732,0.0,0.0,0.0,0.0,0.0,0.0,,0.0,0.0,0.0,0.0,0.0,0.0,114615.93778926533,0.11461593778926533,0.0,0.0
11440102,공덕동,29.696612102272727,9.82713,68.41812,0.0,0.0,0.0,0.0,0.0,0.0,,0.0,0.0,0.0,0.0,0.0,0.0,766118.7374206587,0.7661187374206587,0.0,0.0
11440118,당인동,9.243127172222223,2.8014343,18.562107,0.0,0.0,0.0,0.0,0.0,0.0,,0.065,0.11,2.0,0.0,0.0,0.0,321839.86999508156,0.3218398699950816,0.0,0.0
11440115,상수동,19.35623382647059,2.771131,57.836006,0.0,0.0,0.0,0.0,0.0,0.0,,0.1633333333333333,0.18,3.0,0.0,0.0,0.0,568957.0991241357,0.5689570991241357,0.0,0.0
11440113,구수동,12.791862285714286,11.858155,14.138609,0.0,0.0,0.0,0.0,0.0,0.0,,0.0,0.0,0.0,0.0,0.0,0.0,50343.53048466607,0.050343530484666076,0.0,0.0
11440121,동교동,14.320499434782608,10.464304,27.583908,0.0,0.0,0.0,0.0,0.0,0.0,,0.07,0.07,1.0,0.0,0.0,0.0,411273.04947583424,0.41127304947583426,0.0,0.0
11440127,상암동,21.70361832564901,2.8629327,102.01573,0.0,0.0,0.0,0.0,0.0,0.0,,0.0,0.0,0.0,0.0,0.0,0.0,8394089.137332328,8.394089137332328,0.0,0.0
11440125,성산동,19.384394003436427,8.934453,70.324844,0.0,0.0,0.0,0.0,0.0,0.0,,0.05,0.07,2.0,0.0,0.0,0.0,2554544.140357361,2.554544140357361,0.0,0.0
11440114,창전동,34.105666425925925,12.837082,82.18433,0.0,0.0,0.0,0.0,0.0,0.0,,0.0,0.0,0.0,0.0,0.0,0.0,476361.1018540939,0.4763611018540939,0.0,0.0
11440101,아현동,45.15175465555555,18.625065,78.13385,0.0,0.0,0.0,0.0,0.0,0.0,,0.1,0.15,2.0,0.0,0.0,0.0,787660.8604468191,0.7876608604468192,0.0,0.0
11440109,염리동,29.27700821538461,9.392188,69.72048,0.0,0.0,0.0,0.0,0.0,0.0,,0.0,0.0,0.0,0.0,0.0,0.0,537488.0142372228,0.5374880142372228,0.0,0.0
11440105,용강동,9.751270951428571,2.536584,17.972176,0.0,0.0,0.0,0.0,0.0,0.0,,0.0,0.0,0.0,0.0,0.0,0.0,301415.67245024844,0.3014156724502484,0.0,0.0
11440116,하중동,9.474012154545456,2.7957292,14.720521,0.0,0.0,0.0,0.0,0.0,0.0,,0.0,0.0,0.0,0.0,0.0,0.0,94030.35088528888,0.09403035088528888,0.0,0.0
11440110,노고산동,25.587798457142856,13.850852,60.374382,0.0,0.0,0.0,0.0,0.0,0.0,,0.21,0.21,1.0,0.0,0.0,0.0,308363.46366491844,0.30836346366491846,0.0,0.0
11440111,신수동,21.45088834848485,10.491035,67.95224,0.0,0.0,0.0,0.0,0.0,0.0,,0.0,0.0,0.0,0.0,0.0,0.0,596400.4545194288,0.5964004545194288,0.0,0.0
11440104,도화동,19.74731661764706,8.46045,54.64165,0.0,0.0,0.0,0.0,0.0,0.0,,0.0,0.0,0.0,0.0,0.0,0.0,580614.6625176107,0.5806146625176107,0.0,0.0
11440107,마포동,12.128750772,2.9823627,31.25294,0.0,0.0,0.0,0.0,0.0,0.0,,0.0,0.0,0.0,0.0,0.0,0.0,225698.55557110993,0.22569855557110993,0.0,0.0
11470101,신정동,22.570642965587528,5.060231,114.55102,1.0,0.3,0.3,388.06238865,116.418716595,0.000773071569867,2025.0,0.0,0.0,0.0,0.0,0.0,0.0,7185908.989762933,7.185908989762933,5.400324290257987e-05,1.620097287077396e-05
11470103,신월동,28.898334813513515,8.710837,113.40089,0.0,0.0,0.0,0.0,0.0,0.0,,0.0,0.0,0.0,0.0,0.0,0.0,4938880.006925234,4.938880006925234,0.0,0.0
11470102,목동,14.339368255609758,4.9497457,57.41862,0.0,0.0,0.0,0.0,0.0,0.0,,0.0,0.0,0.0,0.0,0.0,0.0,5341682.726069763,5.341682726069763,0.0,0.0
11500102,등촌동,20.40409746091205,8.1119375,93.05777,2.0,0.5,0.5,379.90076486,379.90076486,0.0024947174802188,2025.0,0.0,0.0,0.0,0.0,0.0,0.0,2675556.274845914,2.675556274845914,0.00014198945035528307,7.099472517764153e-05
11500104,가양동,10.553558542804428,2.5645764,55.71153,1.0,0.5,0.5,1490.3185841,745.15929205,0.0003354987351928,2025.0,0.0,0.0,0.0,0.0,0.0,0.0,2401190.5890793744,2.4011905890793743,0.0006206581813530236,0.0003103290906765118
11500108,공항동,12.387153273652697,7.2249556,20.505533,19.0,0.5,0.5,174.15767967000002,1654.497956865,0.003221455199262,2025.0,0.0,0.0,0.0,0.0,0.0,0.0,2909030.158378138,2.909030158378138,5.9867952612460216e-05,2.9933976306230108e-05
11500109,방화동,17.270370085421412,2.6481192,111.18884,83.0,0.4975903614457831,0.5,224.3875268563856,8685.588891956,0.0033273366544993,2025.0,0.0,0.0,0.0,0.0,0.0,0.0,3881828.2237963323,3.881828223796332,5.7804599771017205e-05,2.8763011693289283e-05
11500111,과해동,11.03402829326923,7.0798926,17.825542,0.0,0.0,0.0,0.0,0.0,0.0,,0.0,0.0,0.0,0.0,0.0,0.0,2784100.1730194697,2.78410017301947,0.0,0.0
11500113,오쇠동,11.295233,8.057322,15.252694,0.0,0.0,0.0,0.0,0.0,0.0,,0.0,0.0,0.0,0.0,0.0,0.0,986901.1440395871,0.9869011440395871,0.0,0.0
11500112,오곡동,10.46287091082353,4.329431,17.521742,0.0,0.0,0.0,0.0,0.0,0.0,,0.0,0.0,0.0,0.0,0.0,0.0,3738438.9202096313,3.7384389202096315,0.0,0.0
11500110,개화동,15.60351689907749,2.519872,106.4515,2.0,0.5,0.5,274.30504953,274.30504953,0.0018244258134871,2025.0,0.0,0.0,0.0,0.0,0.0,0.0,4795834.461001014,4.795834461001014,5.719652163989528e-05,2.859826081994764e-05
11500107,외발산동,15.42852511513158,7.832044,42.927643,0.0,0.0,0.0,0.0,0.0,0.0,,0.0,0.0,0.0,0.0,0.0,0.0,1326931.4309271376,1.3269314309271376,0.0,0.0
11500106,내발산동,16.61886817894737,8.59889,58.284985,17.0,0.5,0.5,229.75269767058825,1952.8979302,0.0025449199186923,2025.0,0.0,0.0,0.0,0.0,0.0,0.0,1636998.5875393494,1.6369985875393493,0.00014034996695747945,7.017498347873973e-05
11500101,염창동,11.840097488118811,2.9038932,38.57307,1.0,0.5,0.5,222.96344851,111.481724255,0.0022425200334016,2025.0,0.0,0.0,0.0,0.0,0.0,0.0,1728676.1693093043,1.7286761693093042,0.00012897930362462592,6.448965181231296e-05
11500103,화곡동,28.3601211611797,8.220411,102.33158,3.0,0.5,0.5,190.62724942666668,285.94087414,0.0026442356094572,2025.0,0.0,0.0,0.0,0.0,0.0,0.0,6344726.410693576,6.344726410693576,3.004499123955578e-05,1.502249561977789e-05
11500105,마곡동,8.774832077947297,1.6998374,39.72643,14.0,0.5,0.5,974.5607138221428,6821.924996755,0.0015160512139806,2025.0,0.0,0.0,0.0,0.0,0.0,0.0,6241724.238732657,6.241724238732657,0.00015613645789965583,7.806822894982791e-05
11530111,천왕동,38.030642903409095,10.161842,113.92295,0.0,0.0,0.0,0.0,0.0,0.0,,0.0,0.0,0.0,0.0,0.0,0.0,1518893.3460519656,1.5188933460519656,0.0,0.0
11530107,개봉동,27.79869983603604,5.434618,106.75999,0.0,0.0,0.0,0.0,0.0,0.0,,0.0,0.0,0.0,0.0,0.0,0.0,2940415.112132794,2.9404151121327944,0.0,0.0
11530106,고척동,23.237894030120483,8.906552,58.56977,0.0,0.0,0.0,0.0,0.0,0.0,,0.0,0.0,0.0,0.0,0.0,0.0,2188826.4334643376,2.1888264334643375,0.0,0.0
11530110,온수동,49.80686745360825,22.084124,104.78843,0.0,0.0,0.0,0.0,0.0,0.0,,0.0,0.0,0.0,0.0,0.0,0.0,844126.051045145,0.844126051045145,0.0,0.0
11530108,오류동,33.315007657088124,12.85484,101.651535,0.0,0.0,0.0,0.0,0.0,0.0,,0.0,0.0,0.0,0.0,0.0,0.0,2265055.5633446695,2.2650555633446694,0.0,0.0
11530102,구로동,13.465938754695223,4.4380007,29.33465,0.0,0.0,0.0,0.0,0.0,0.0,,0.0,0.0,0.0,0.0,0.0,0.0,5308140.668290317,5.308140668290317,0.0,0.0
11530109,궁동,49.8820147363184,18.619068,119.603455,0.0,0.0,0.0,0.0,0.0,0.0,,0.0,0.0,0.0,0.0,0.0,0.0,1818962.6438358943,1.8189626438358943,0.0,0.0
11530112,항동,38.12945662264151,16.128885,118.94605,0.0,0.0,0.0,0.0,0.0,0.0,,0.0,0.0,0.0,0.0,0.0,0.0,1446921.1695206282,1.446921169520628,0.0,0.0
11530101,신도림동,8.831506656329115,4.0823517,12.527353,0.0,0.0,0.0,0.0,0.0,0.0,,0.0,0.0,0.0,0.0,0.0,0.0,1391783.1300876222,1.3917831300876222,0.0,0.0
11530103,가리봉동,17.086720195652173,9.277121,27.056507,0.0,0.0,0.0,0.0,0.0,0.0,,0.0,0.0,0.0,0.0,0.0,0.0,407989.47856751696,0.40798947856751694,0.0,0.0
11545102,독산동,25.67229258768268,8.065707,104.83881,0.0,0.0,0.0,0.0,0.0,0.0,,0.0,0.0,0.0,0.0,0.0,0.0,4208873.344259811,4.2088733442598105,0.0,0.0
11545101,가산동,10.548472842105264,6.3839455,29.543598,0.0,0.0,0.0,0.0,0.0,0.0,,0.18,0.18,1.0,0.0,0.0,0.0,2507581.3797348775,2.5075813797348774,0.0,0.0
11545103,시흥동,69.31484539551192,9.654104,353.34326,0.0,0.0,0.0,0.0,0.0,0.0,,0.035,0.1,8.0,0.0,0.0,0.0,6297670.283604088,6.297670283604088,0.0,0.0
11560122,문래동4가,8.96873684090909,7.2484655,9.925154,0.0,0.0,0.0,0.0,0.0,0.0,,0.0,0.0,0.0,0.0,0.0,0.0,176563.8857183109,0.1765638857183109,0.0,0.0
11560102,영등포동1가,11.0985387,9.824901,17.54937,0.0,0.0,0.0,0.0,0.0,0.0,,0.0,0.0,0.0,0.0,0.0,0.0,78972.6620356583,0.0789726620356583,0.0,0.0
11560104,영등포동3가,10.334834035714286,9.580025,11.479326,0.0,0.0,0.0,0.0,0.0,0.0,,0.0,0.0,0.0,0.0,0.0,0.0,118113.82904118221,0.11811382904118221,0.0,0.0
11560124,문래동6가,8.503507517647058,4.082879,11.91638,0.0,0.0,0.0,0.0,0.0,0.0,,0.0,0.0,0.0,0.0,0.0,0.0,320344.9634234646,0.32034496342346463,0.0,0.0
11560107,영등포동6가,9.731193409090908,9.355965,10.661109,0.0,0.0,0.0,0.0,0.0,0.0,,0.0,0.0,0.0,0.0,0.0,0.0,94457.59753399956,0.09445759753399956,0.0,0.0
11560103,영등포동2가,11.37307875,7.13495,14.231529,0.0,0.0,0.0,0.0,0.0,0.0,,0.0,0.0,0.0,0.0,0.0,0.0,312574.9979517752,0.3125749979517752,0.0,0.0
11560114,당산동4가,10.173229411764703,9.028253,11.256527,0.0,0.0,0.0,0.0,0.0,0.0,,0.0,0.0,0.0,0.0,0.0,0.0,300508.68200759206,0.30050868200759207,0.0,0.0
11560125,양평동1가,8.766629,8.081637,9.7242,0.0,0.0,0.0,0.0,0.0,0.0,,0.0,0.0,0.0,0.0,0.0,0.0,232337.52266306826,0.23233752266306826,0.0,0.0
11560126,양평동2가,9.036515770833333,7.4107375,11.753192,0.0,0.0,0.0,0.0,0.0,0.0,,0.0,0.0,0.0,0.0,0.0,0.0,191079.6641576456,0.1910796641576456,0.0,0.0
11560108,영등포동7가,10.662419833333333,9.274869,13.428372,0.0,0.0,0.0,0.0,0.0,0.0,,0.0,0.0,0.0,0.0,0.0,0.0,288401.8839275207,0.2884018839275207,0.0,0.0
11560110,여의도동,7.969784531995885,2.5190203,21.572191,0.0,0.0,0.0,0.0,0.0,0.0,,0.0,0.0,0.0,0.0,0.0,0.0,8438335.354940053,8.438335354940053,0.0,0.0
11560131,양화동,7.359284922916667,2.6261652,36.221058,0.0,0.0,0.0,0.0,0.0,0.0,,0.0,0.0,0.0,0.0,0.0,0.0,1696312.0048388545,1.6963120048388545,0.0,0.0
11560117,당산동,9.5000811,2.5889874,15.525344,0.0,0.0,0.0,0.0,0.0,0.0,,0.0,0.0,0.0,0.0,0.0,0.0,808335.9208761977,0.8083359208761978,0.0,0.0
11560134,양평동,6.805495930769231,3.6576738,13.062513,0.0,0.0,0.0,0.0,0.0,0.0,,0.0,0.0,0.0,0.0,0.0,0.0,568043.6519186811,0.5680436519186811,0.0,0.0
11560123,문래동5가,8.7415737,4.3643513,12.40482,0.0,0.0,0.0,0.0,0.0,0.0,,0.0,0.0,0.0,0.0,0.0,0.0,297961.944947386,0.297961944947386,0.0,0.0
11560121,문래동3가,10.533689326666666,9.288844,13.35777,0.0,0.0,0.0,0.0,0.0,0.0,,0.0,0.0,0.0,0.0,0.0,0.0,672332.796126005,0.672332796126005,0.0,0.0
11560129,양평동5가,9.23198648,8.6227865,11.067818,0.0,0.0,0.0,0.0,0.0,0.0,,0.0,0.0,0.0,0.0,0.0,0.0,222844.457227299,0.22284445722729898,0.0,0.0
11560130,양평동6가,10.263100653846154,8.616658,17.037992,0.0,0.0,0.0,0.0,0.0,0.0,,0.0,0.0,0.0,0.0,0.0,0.0,125041.17166726834,0.12504117166726833,0.0,0.0
11560101,영등포동,15.107067698529413,10.4507675,24.8314,0.0,0.0,0.0,0.0,0.0,0.0,,0.0,0.0,0.0,0.0,0.0,0.0,589224.9657778393,0.5892249657778393,0.0,0.0
11560113,당산동3가,9.971085875,8.79937,11.152018,0.0,0.0,0.0,0.0,0.0,0.0,,0.0,0.0,0.0,0.0,0.0,0.0,364337.3779830218,0.3643373779830218,0.0,0.0
11560111,당산동1가,9.99982332,9.464602,10.720996,0.0,0.0,0.0,0.0,0.0,0.0,,0.0,0.0,0.0,0.0,0.0,0.0,217930.83864395114,0.21793083864395113,0.0,0.0
11560118,도림동,15.857164223880597,9.249484,29.385237,0.0,0.0,0.0,0.0,0.0,0.0,,0.0,0.0,0.0,0.0,0.0,0.0,587545.5704389618,0.5875455704389618,0.0,0.0
11560120,문래동2가,9.967369011764706,6.6855907,13.055486,0.0,0.0,0.0,0.0,0.0,0.0,,0.0,0.0,0.0,0.0,0.0,0.0,143418.23966063303,0.14341823966063302,0.0,0.0
11560119,문래동1가,11.020647631578948,9.423575,12.96485,0.0,0.0,0.0,0.0,0.0,0.0,,0.0,0.0,0.0,0.0,0.0,0.0,164063.91096292058,0.16406391096292058,0.0,0.0
11560112,당산동2가,9.777750764705884,9.106392,10.853806,0.0,0.0,0.0,0.0,0.0,0.0,,0.0,0.0,0.0,0.0,0.0,0.0,162849.83310617524,0.16284983310617523,0.0,0.0
11560115,당산동5가,11.644082606060609,10.077119,12.534338,0.0,0.0,0.0,0.0,0.0,0.0,,0.0,0.0,0.0,0.0,0.0,0.0,289600.2761349213,0.2896002761349213,0.0,0.0
11560116,당산동6가,12.54831652777778,11.741221,14.139359,0.0,0.0,0.0,0.0,0.0,0.0,,0.0,0.0,0.0,0.0,0.0,0.0,166855.81653314276,0.16685581653314277,0.0,0.0
11560106,영등포동5가,9.386672363636364,9.112063,9.693097,0.0,0.0,0.0,0.0,0.0,0.0,,0.0,0.0,0.0,0.0,0.0,0.0,94969.22676590506,0.09496922676590505,0.0,0.0
11560105,영등포동4가,10.720442565217391,9.490071,11.546047,0.0,0.0,0.0,0.0,0.0,0.0,,0.0,0.0,0.0,0.0,0.0,0.0,194527.67914208048,0.19452767914208047,0.0,0.0
11560109,영등포동8가,11.2369515,9.594083,14.636493,0.0,0.0,0.0,0.0,0.0,0.0,,0.0,0.0,0.0,0.0,0.0,0.0,158237.5179373419,0.15823751793734192,0.0,0.0
11560127,양평동3가,8.90105557090909,4.3090606,11.5077095,0.0,0.0,0.0,0.0,0.0,0.0,,0.0,0.0,0.0,0.0,0.0,0.0,475774.13637571596,0.475774136375716,0.0,0.0
11560133,대림동,12.815823745652173,7.98966,21.233276,0.0,0.0,0.0,0.0,0.0,0.0,,0.0,0.0,0.0,0.0,0.0,0.0,1998175.3231536238,1.998175323153624,0.0,0.0
11560128,양평동4가,10.773490646341465,8.879485,13.274617,0.0,0.0,0.0,0.0,0.0,0.0,,0.0,0.0,0.0,0.0,0.0,0.0,374846.6672061586,0.3748466672061586,0.0,0.0
11560132,신길동,19.442070557142856,5.5104394,40.844177,1.0,0.3,0.3,139.88050417,41.964151251,0.0021446877231397,2025.0,0.0,0.0,0.0,0.0,0.0,0.0,3612476.6652121576,3.612476665212158,3.872149694890415e-05,1.1616449084671245e-05
11590102,상도동,62.704285850490194,23.761944,155.68463,2.0,0.3,0.3,402.94502733,241.767016398,0.0010019123566171,2025.0,0.0,0.0,0.0,0.0,0.0,0.0,3553696.4667835697,3.5536964667835695,0.00011338757575283385,3.401627272585016e-05
11590101,노량진동,22.240619363742688,4.0686083,58.707767,0.0,0.0,0.0,0.0,0.0,0.0,,0.0,0.0,0.0,0.0,0.0,0.0,1471017.100419081,1.471017100419081,0.0,0.0
11590103,상도1동,54.041235,40.201122,72.79081,1.0,0.3,0.3,198.71006953,59.613020859,0.0015097372805997,2025.0,0.0,0.0,0.0,0.0,0.0,0.0,315088.17736157123,0.31508817736157124,0.0006306490811363431,0.00018919472434090294
11590108,대방동,27.6766832511236,5.914442,73.15008,0.0,0.0,0.0,0.0,0.0,0.0,,0.0,0.0,0.0,0.0,0.0,0.0,1533561.851942115,1.533561851942115,0.0,0.0
11590109,신대방동,24.557251338624337,12.923258,48.529892,0.0,0.0,0.0,0.0,0.0,0.0,,0.0,0.0,0.0,0.0,0.0,0.0,1659771.6854133995,1.6597716854133995,0.0,0.0
11590105,흑석동,40.27731962319588,3.5327506,141.52989,0.0,0.0,0.0,0.0,0.0,0.0,,0.0,0.0,0.0,0.0,0.0,0.0,1675755.0893430177,1.6757550893430178,0.0,0.0
11590107,사당동,49.11132751591512,13.57765,140.31044,0.0,0.0,0.0,0.0,0.0,0.0,,0.0,0.0,0.0,0.0,0.0,0.0,3290562.623142278,3.2905626231422778,0.0,0.0
11590106,동작동,48.87139909072581,3.907203,156.24435,0.0,0.0,0.0,0.0,0.0,0.0,,0.0,0.0,0.0,0.0,0.0,0.0,2131769.339987519,2.1317693399875193,0.0,0.0
11590104,본동,24.236929030952385,3.113622,83.39742,0.0,0.0,0.0,0.0,0.0,0.0,,0.0,0.0,0.0,0.0,0.0,0.0,757110.3982620673,0.7571103982620674,0.0,0.0
11620101,봉천동,84.24638815665236,20.015844,361.71997,0.0,0.0,0.0,0.0,0.0,0.0,,0.0,0.0,0.0,0.0,0.0,0.0,8153210.464724782,8.153210464724783,0.0,0.0
11620102,신림동,142.11356934112823,12.921751,569.0684,0.0,0.0,0.0,0.0,0.0,0.0,,0.0,0.0,0.0,0.0,0.0,0.0,18133324.38720854,18.13332438720854,0.0,0.0
11620103,남현동,163.05008768617023,20.805378,458.4303,0.0,0.0,0.0,0.0,0.0,0.0,,0.0,0.0,0.0,0.0,0.0,0.0,3276651.84547419,3.27665184547419,0.0,0.0
11650109,내곡동,103.60017786503718,33.810043,281.31284,0.0,0.0,0.0,0.0,0.0,0.0,,0.0,0.0,0.0,0.0,0.0,0.0,8275608.863898122,8.275608863898121,0.0,0.0
11650104,원지동,157.54195391609588,22.18903,476.8609,0.0,0.0,0.0,0.0,0.0,0.0,,0.0,0.0,0.0,0.0,0.0,0.0,5124062.850022307,5.124062850022307,0.0,0.0
11650102,양재동,30.63892008172043,15.217745,154.24567,0.0,0.0,0.0,0.0,0.0,0.0,,0.0,0.0,0.0,0.0,0.0,0.0,4071196.3496464207,4.071196349646421,0.0,0.0
11650111,신원동,95.49153216293932,20.6403,255.4697,0.0,0.0,0.0,0.0,0.0,0.0,,0.0,0.0,0.0,0.0,0.0,0.0,2751468.9044679445,2.7514689044679446,0.0,0.0
11650101,방배동,53.69307536280884,8.9079485,236.53679,0.0,0.0,0.0,0.0,0.0,0.0,,0.0,0.0,0.0,0.0,0.0,0.0,6685180.8282547705,6.6851808282547704,0.0,0.0
11650103,우면동,90.7411357834395,20.665667,277.11456,0.0,0.0,0.0,0.0,0.0,0.0,,0.0,0.0,0.0,0.0,0.0,0.0,4138110.1922946563,4.138110192294656,0.0,0.0
11650110,염곡동,80.02330734920635,20.952366,275.86954,0.0,0.0,0.0,0.0,0.0,0.0,,0.0,0.0,0.0,0.0,0.0,0.0,1645961.651620911,1.645961651620911,0.0,0.0
11650108,서초동,40.23672501020408,11.396707,218.45137,0.0,0.0,0.0,0.0,0.0,0.0,,0.0,0.0,0.0,0.0,0.0,0.0,6399490.73237439,6.39949073237439,0.0,0.0
11650107,반포동,16.367323746892136,0.31276453,87.791245,0.0,0.0,0.0,0.0,0.0,0.0,,0.0,0.0,0.0,0.0,0.0,0.0,4789329.163068052,4.789329163068053,0.0,0.0
11650106,잠원동,10.549023451156067,2.8889709,31.77126,0.0,0.0,0.0,0.0,0.0,0.0,,0.0,0.0,0.0,0.0,0.0,0.0,3007778.292754354,3.007778292754354,0.0,0.0
11680106,대치동,19.63960681461187,5.82603,42.829456,0.0,0.0,0.0,0.0,0.0,0.0,,0.0,0.0,0.0,0.0,0.0,0.0,3792437.051832669,3.792437051832669,0.0,0.0
11680103,개포동,50.02724863461538,9.934096,262.7295,1.0,0.3,0.3,418.27114397,125.481343191,0.0007172380985993,2025.0,0.0,0.0,0.0,0.0,0.0,0.0,5430800.765679168,5.430800765679168,7.701831866367348e-05,2.3105495599102044e-05
11680111,세곡동,39.76636713138686,13.32097,153.91563,0.0,0.0,0.0,0.0,0.0,0.0,,0.0,0.0,0.0,0.0,0.0,0.0,2422147.645202247,2.422147645202247,0.0,0.0
11680107,신사동,17.002906000502513,2.8468049,30.036734,0.0,0.0,0.0,0.0,0.0,0.0,,0.0,0.0,0.0,0.0,0.0,0.0,1718427.8432264104,1.7184278432264104,0.0,0.0
11680110,압구정동,10.686374056065572,2.3843305,29.800486,0.0,0.0,0.0,0.0,0.0,0.0,,0.0,0.0,0.0,0.0,0.0,0.0,2686044.864505654,2.686044864505654,0.0,0.0
11680113,율현동,24.511134908163264,12.010421,55.45317,0.0,0.0,0.0,0.0,0.0,0.0,,0.0,0.0,0.0,0.0,0.0,0.0,1267236.875399661,1.267236875399661,0.0,0.0
11680114,일원동,49.20355867837078,8.224318,256.46487,0.0,0.0,0.0,0.0,0.0,0.0,,0.0,0.0,0.0,0.0,0.0,0.0,3095973.227196896,3.095973227196896,0.0,0.0
11680112,자곡동,58.302981964052286,11.48705,230.87195,0.0,0.0,0.0,0.0,0.0,0.0,,0.0,0.0,0.0,0.0,0.0,0.0,2678389.9838921907,2.6783899838921905,0.0,0.0
11680115,수서동,39.67474433496732,9.131386,206.85985,0.0,0.0,0.0,0.0,0.0,0.0,,0.0,0.0,0.0,0.0,0.0,0.0,2625210.2837049975,2.6252102837049973,0.0,0.0
11680105,삼성동,29.41284611607629,-0.9078505,62.203514,0.0,0.0,0.0,0.0,0.0,0.0,,0.0,0.0,0.0,0.0,0.0,0.0,3190517.346903122,3.190517346903122,0.0,0.0
11680108,논현동,38.986130501612905,14.829831,72.43284,0.0,0.0,0.0,0.0,0.0,0.0,,0.0,0.0,0.0,0.0,0.0,0.0,2717265.4813285656,2.7172654813285657,0.0,0.0
11680101,역삼동,35.358025605459055,17.37426,65.946815,0.0,0.0,0.0,0.0,0.0,0.0,,0.0,0.0,0.0,0.0,0.0,0.0,3497174.771144243,3.497174771144243,0.0,0.0
11680104,청담동,22.765734477238805,2.2490907,59.013775,0.0,0.0,0.0,0.0,0.0,0.0,,0.0,0.0,0.0,0.0,0.0,0.0,2333502.9649676657,2.3335029649676655,0.0,0.0
11680118,도곡동,28.49872902360515,13.358118,72.31012,0.0,0.0,0.0,0.0,0.0,0.0,,0.0,0.0,0.0,0.0,0.0,0.0,2041355.158975801,2.0413551589758008,0.0,0.0
11710113,거여동,41.53149259774436,21.848558,64.77485,0.0,0.0,0.0,0.0,0.0,0.0,,0.0,0.0,0.0,0.0,0.0,0.0,2389657.9250959354,2.3896579250959356,0.0,0.0
11710109,장지동,25.56411204560261,10.817848,49.87408,0.0,0.0,0.0,0.0,0.0,0.0,,0.0,0.0,0.0,0.0,0.0,0.0,2716558.392858356,2.7165583928583557,0.0,0.0
11710108,문정동,23.255639275167784,10.015591,47.230793,0.0,0.0,0.0,0.0,0.0,0.0,,0.0,0.0,0.0,0.0,0.0,0.0,2608057.420710288,2.608057420710288,0.0,0.0
11710111,방이동,19.7361764122807,10.001701,38.361588,0.0,0.0,0.0,0.0,0.0,0.0,,0.0,0.0,0.0,0.0,0.0,0.0,4465321.831759843,4.465321831759843,0.0,0.0
11710112,오금동,28.649759566137565,20.140541,54.669487,0.0,0.0,0.0,0.0,0.0,0.0,,0.0,0.0,0.0,0.0,0.0,0.0,1648776.375006302,1.648776375006302,0.0,0.0
11710107,가락동,24.92001252911392,8.87311,49.735783,0.0,0.0,0.0,0.0,0.0,0.0,,0.0,0.0,0.0,0.0,0.0,0.0,3429705.622882095,3.429705622882095,0.0,0.0
11710106,삼전동,14.161106905405406,8.733192,16.529833,0.0,0.0,0.0,0.0,0.0,0.0,,0.0,0.0,0.0,0.0,0.0,0.0,953442.154832866,0.9534421548328661,0.0,0.0
11710105,석촌동,14.943626401869158,12.257818,17.524975,0.0,0.0,0.0,0.0,0.0,0.0,,0.0,0.0,0.0,0.0,0.0,0.0,946914.3443481156,0.9469143443481156,0.0,0.0
11710103,풍납동,14.080688512043796,6.314212,20.943531,0.0,0.0,0.0,0.0,0.0,0.0,,0.0,0.0,0.0,0.0,0.0,0.0,2353585.95655712,2.35358595655712,0.0,0.0
11710104,송파동,21.95869003921569,10.884964,34.791466,0.0,0.0,0.0,0.0,0.0,0.0,,0.0,0.0,0.0,0.0,0.0,0.0,1317948.36279951,1.3179483627995099,0.0,0.0
11710101,잠실동,13.097372470351758,2.9375145,18.653538,0.0,0.0,0.0,0.0,0.0,0.0,,0.0,0.0,0.0,0.0,0.0,0.0,5210962.916275381,5.210962916275381,0.0,0.0
11710114,마천동,44.06313044099379,22.850306,124.86981,0.0,0.0,0.0,0.0,0.0,0.0,,0.0,0.0,0.0,0.0,0.0,0.0,1467899.1021176872,1.4678991021176873,0.0,0.0
11710102,신천동,9.175441971805274,2.7878728,19.266863,0.0,0.0,0.0,0.0,0.0,0.0,,0.0,0.0,0.0,0.0,0.0,0.0,4348007.098159457,4.3480070981594565,0.0,0.0
11740102,고덕동,27.97887595485961,5.222067,73.22908,0.0,0.0,0.0,0.0,0.0,0.0,,0.0,0.0,0.0,0.0,0.0,0.0,4011089.9482828714,4.011089948282871,0.0,0.0
11740106,둔촌동,32.852801600719424,17.05501,93.48019,0.0,0.0,0.0,0.0,0.0,0.0,,0.0,0.0,0.0,0.0,0.0,0.0,2462934.9543647696,2.4629349543647696,0.0,0.0
11740109,천호동,18.95034485257143,6.40948,41.191315,0.0,0.0,0.0,0.0,0.0,0.0,,0.0,0.0,0.0,0.0,0.0,0.0,3061623.818718531,3.061623818718531,0.0,0.0
11740103,상일동,31.836603179640715,18.160275,59.5588,0.0,0.0,0.0,0.0,0.0,0.0,,0.0,0.0,0.0,0.0,0.0,0.0,2920730.705876587,2.920730705876587,0.0,0.0
11740108,성내동,16.637654415555556,13.658516,27.347078,0.0,0.0,0.0,0.0,0.0,0.0,,0.0,0.0,0.0,0.0,0.0,0.0,1957705.0433756197,1.9577050433756198,0.0,0.0
11740105,길동,27.78259753475936,17.220875,81.21042,0.0,0.0,0.0,0.0,0.0,0.0,,0.0,0.0,0.0,0.0,0.0,0.0,1612791.420063285,1.612791420063285,0.0,0.0
11740110,강일동,20.54592838188976,6.30097,36.641033,0.0,0.0,0.0,0.0,0.0,0.0,,0.0,0.0,0.0,0.0,0.0,0.0,2267708.8061173144,2.2677088061173145,0.0,0.0
11740101,명일동,34.45357417142857,20.92691,77.71681,0.0,0.0,0.0,0.0,0.0,0.0,,0.0,0.0,0.0,0.0,0.0,0.0,1572131.8379957115,1.5721318379957114,0.0,0.0
11740107,암사동,19.204394862126865,4.3708935,66.38702,0.0,0.0,0.0,0.0,0.0,0.0,,0.0,0.0,0.0,0.0,0.0,0.0,4692446.044217444,4.692446044217444,0.0,0.0
