EMD_CD,EMD_NM,PRED_DATETIME,COLLECTED_AT,PRED_SEVERITY,RISK_LEVEL
11110103,궁정동,2026-06-09 06:03,2026-06-09 03:03,1.3799392053391859e-11,안전
11110120,신문로1가,2026-06-09 06:03,2026-06-09 03:03,1.3799392053391859e-11,안전
11110167,충신동,2026-06-09 06:03,2026-06-09 03:03,1.3799392053391859e-11,안전
11110185,홍지동,2026-06-09 06:03,2026-06-09 03:03,6.176933728540211e-11,안전
11110154,장사동,2026-06-09 06:03,2026-06-09 03:03,-1.9754084519664773e-11,안전
11110135,관철동,2026-06-09 06:03,2026-06-09 03:03,-6.708170758569283e-11,안전
11110177,평동,2026-06-09 06:03,2026-06-09 03:03,1.3799392053391859e-11,안전
11110156,종로3가,2026-06-09 06:03,2026-06-09 03:03,-6.708170758569283e-11,안전
11110161,종로4가,2026-06-09 06:03,2026-06-09 03:03,-1.9671053521169084e-10,안전
11110123,서린동,2026-06-09 06:03,2026-06-09 03:03,4.180979481354537e-12,안전
11110178,송월동,2026-06-09 06:03,2026-06-09 03:03,-1.6685582121058286e-10,안전
11110158,예지동,2026-06-09 06:03,2026-06-09 03:03,-1.5045215787772187e-10,안전
11110127,공평동,2026-06-09 06:03,2026-06-09 03:03,4.180979481354537e-12,안전
11110179,홍파동,2026-06-09 06:03,2026-06-09 03:03,1.3799392053391859e-11,안전
11110126,종로1가,2026-06-09 06:03,2026-06-09 03:03,4.180979481354537e-12,안전
11110117,당주동,2026-06-09 06:03,2026-06-09 03:03,1.3799392053391859e-11,안전
11110163,종로5가,2026-06-09 06:03,2026-06-09 03:03,-1.5045215787772187e-10,안전
11110153,돈의동,2026-06-09 06:03,2026-06-09 03:03,4.955943973004726e-11,안전
11110136,인사동,2026-06-09 06:03,2026-06-09 03:03,4.180979481354537e-12,안전
11110152,봉익동,2026-06-09 06:03,2026-06-09 03:03,-6.708170758569283e-11,안전
11110180,교북동,2026-06-09 06:03,2026-06-09 03:03,1.3799392053391859e-11,안전
11110116,도렴동,2026-06-09 06:03,2026-06-09 03:03,4.180979481354537e-12,안전
11110151,묘동,2026-06-09 06:03,2026-06-09 03:03,-6.708170758569283e-11,안전
11110157,인의동,2026-06-09 06:03,2026-06-09 03:03,-8.675004602513073e-11,안전
11110118,내수동,2026-06-09 06:03,2026-06-09 03:03,1.3799392053391859e-11,안전
11110121,신문로2가,2026-06-09 06:03,2026-06-09 03:03,1.3799392053391859e-11,안전
11110162,효제동,2026-06-09 06:03,2026-06-09 03:03,-6.330872771971647e-11,안전
11110129,견지동,2026-06-09 06:03,2026-06-09 03:03,4.180979481354537e-12,안전
11110133,익선동,2026-06-09 06:03,2026-06-09 03:03,4.180979481354537e-12,안전
11110124,수송동,2026-06-09 06:03,2026-06-09 03:03,4.180979481354537e-12,안전
11110128,관훈동,2026-06-09 06:03,2026-06-09 03:03,4.180979481354537e-12,안전
11110174,창신동,2026-06-09 06:03,2026-06-09 03:03,5.735403525344365e-11,안전
11110119,세종로,2026-06-09 06:03,2026-06-09 03:03,1.3799392053391859e-11,안전
11110164,종로6가,2026-06-09 06:03,2026-06-09 03:03,6.919169551185979e-11,안전
11110176,교남동,2026-06-09 06:03,2026-06-09 03:03,1.3799392053391859e-11,안전
11110155,관수동,2026-06-09 06:03,2026-06-09 03:03,-6.708170758569283e-11,안전
11110122,청진동,2026-06-09 06:03,2026-06-09 03:03,4.180979481354537e-12,안전
11110131,권농동,2026-06-09 06:03,2026-06-09 03:03,4.180979481354537e-12,안전
11110145,송현동,2026-06-09 06:03,2026-06-09 03:03,1.3799392053391859e-11,안전
11110115,사직동,2026-06-09 06:03,2026-06-09 03:03,-1.4438896057273536e-10,안전
11110113,필운동,2026-06-09 06:03,2026-06-09 03:03,-1.6685582121058286e-10,안전
11110165,이화동,2026-06-09 06:03,2026-06-09 03:03,1.3799392053391859e-11,안전
11110112,체부동,2026-06-09 06:03,2026-06-09 03:03,1.3799392053391859e-11,안전
11110141,안국동,2026-06-09 06:03,2026-06-09 03:03,1.3799392053391859e-11,안전
11110106,통의동,2026-06-09 06:03,2026-06-09 03:03,1.3799392053391859e-11,안전
11110160,연지동,2026-06-09 06:03,2026-06-09 03:03,-8.675004602513073e-11,안전
11110125,중학동,2026-06-09 06:03,2026-06-09 03:03,4.180979481354537e-12,안전
11110114,내자동,2026-06-09 06:03,2026-06-09 03:03,1.3799392053391859e-11,안전
11110107,적선동,2026-06-09 06:03,2026-06-09 03:03,4.180979481354537e-12,안전
11110138,종로2가,2026-06-09 06:03,2026-06-09 03:03,5.097026327881298e-11,안전
11110134,경운동,2026-06-09 06:03,2026-06-09 03:03,4.180979481354537e-12,안전
11110159,원남동,2026-06-09 06:03,2026-06-09 03:03,2.989110129060933e-11,안전
11110181,행촌동,2026-06-09 06:03,2026-06-09 03:03,-1.4438896057273536e-10,안전
11110150,훈정동,2026-06-09 06:03,2026-06-09 03:03,1.3799392053391859e-11,안전
11110132,운니동,2026-06-09 06:03,2026-06-09 03:03,4.180979481354537e-12,안전
11110137,낙원동,2026-06-09 06:03,2026-06-09 03:03,2.989110129060933e-11,안전
11110144,사간동,2026-06-09 06:03,2026-06-09 03:03,4.180979481354537e-12,안전
11110187,무악동,2026-06-09 06:03,2026-06-09 03:03,6.176933728540211e-11,안전
11110109,누상동,2026-06-09 06:03,2026-06-09 03:03,3.469952682707184e-06,안전
11110143,화동,2026-06-09 06:03,2026-06-09 03:03,1.3799392053391859e-11,안전
11110172,명륜4가,2026-06-09 06:03,2026-06-09 03:03,1.3799392053391859e-11,안전
11110104,효자동,2026-06-09 06:03,2026-06-09 03:03,1.3799392053391859e-11,안전
11110139,팔판동,2026-06-09 06:03,2026-06-09 03:03,1.3799392053391859e-11,안전
11110102,신교동,2026-06-09 06:03,2026-06-09 03:03,-1.4438896057273536e-10,안전
11110146,가회동,2026-06-09 06:03,2026-06-09 03:03,-1.4438896057273536e-10,안전
11110171,명륜2가,2026-06-09 06:03,2026-06-09 03:03,1.3799392053391859e-11,안전
11110101,청운동,2026-06-09 06:03,2026-06-09 03:03,1.653454710734332e-11,안전
11110111,옥인동,2026-06-09 06:03,2026-06-09 03:03,1.653454710734332e-11,안전
11110130,와룡동,2026-06-09 06:03,2026-06-09 03:03,1.3799392053391859e-11,안전
11110148,계동,2026-06-09 06:03,2026-06-09 03:03,-1.6685582121058286e-10,안전
11110149,원서동,2026-06-09 06:03,2026-06-09 03:03,-1.4438896057273536e-10,안전
11110173,명륜3가,2026-06-09 06:03,2026-06-09 03:03,-2.4046001881269256e-10,안전
11110170,명륜1가,2026-06-09 06:03,2026-06-09 03:03,-1.6685582121058286e-10,안전
11110147,재동,2026-06-09 06:03,2026-06-09 03:03,1.3799392053391859e-11,안전
11110110,누하동,2026-06-09 06:03,2026-06-09 03:03,1.3799392053391859e-11,안전
11110108,통인동,2026-06-09 06:03,2026-06-09 03:03,1.3799392053391859e-11,안전
11110142,소격동,2026-06-09 06:03,2026-06-09 03:03,1.3799392053391859e-11,안전
11110105,창성동,2026-06-09 06:03,2026-06-09 03:03,1.3799392053391859e-11,안전
11110166,연건동,2026-06-09 06:03,2026-06-09 03:03,1.3799392053391859e-11,안전
11110183,평창동,2026-06-09 06:03,2026-06-09 03:03,0.00010104052367590679,안전
11110182,구기동,2026-06-09 06:03,2026-06-09 03:03,0.00010139887986591586,안전
11110175,숭인동,2026-06-09 06:03,2026-06-09 03:03,5.735403525344365e-11,안전
11110168,동숭동,2026-06-09 06:03,2026-06-09 03:03,1.3799392053391859e-11,안전
11110140,삼청동,2026-06-09 06:03,2026-06-09 03:03,3.468838975979296e-06,안전
11110184,부암동,2026-06-09 06:03,2026-06-09 03:03,1.6248705954363106e-11,안전
11110169,혜화동,2026-06-09 06:03,2026-06-09 03:03,1.3799392053391859e-11,안전
11110186,신영동,2026-06-09 06:03,2026-06-09 03:03,3.264451289049404e-06,안전
11140165,황학동,2026-06-09 06:03,2026-06-09 03:03,-1.5174506846287015e-10,안전
11140156,입정동,2026-06-09 06:03,2026-06-09 03:03,-6.330872771971647e-11,안전
11140143,장충동1가,2026-06-09 06:03,2026-06-09 03:03,1.3799392053391859e-11,안전
11140144,장충동2가,2026-06-09 06:03,2026-06-09 03:03,-2.4046001881269256e-10,안전
11140160,인현동1가,2026-06-09 06:03,2026-06-09 03:03,-6.708170758569283e-11,안전
11140105,을지로2가,2026-06-09 06:03,2026-06-09 03:03,5.097026327881298e-11,안전
11140135,예관동,2026-06-09 06:03,2026-06-09 03:03,4.180979481354537e-12,안전
11140132,충무로4가,2026-06-09 06:03,2026-06-09 03:03,4.180979481354537e-12,안전
11140107,삼각동,2026-06-09 06:03,2026-06-09 03:03,4.955943973004726e-11,안전
11140106,남대문로1가,2026-06-09 06:03,2026-06-09 03:03,-6.708170758569283e-11,안전
11140137,필동1가,2026-06-09 06:03,2026-06-09 03:03,4.180979481354537e-12,안전
11140140,남학동,2026-06-09 06:03,2026-06-09 03:03,1.3799392053391859e-11,안전
11140109,장교동,2026-06-09 06:03,2026-06-09 03:03,-6.708170758569283e-11,안전
11140161,저동2가,2026-06-09 06:03,2026-06-09 03:03,4.180979481354537e-12,안전
11140134,인현동2가,2026-06-09 06:03,2026-06-09 03:03,2.989110129060933e-11,안전
11140126,명동1가,2026-06-09 06:03,2026-06-09 03:03,4.180979481354537e-12,안전
11140131,저동1가,2026-06-09 06:03,2026-06-09 03:03,4.180979481354537e-12,안전
11140169,의주로1가,2026-06-09 06:03,2026-06-09 03:03,4.180979481354537e-12,안전
11140172,의주로2가,2026-06-09 06:03,2026-06-09 03:03,4.180979481354537e-12,안전
11140122,회현동2가,2026-06-09 06:03,2026-06-09 03:03,1.3799392053391859e-11,안전
11140128,남산동1가,2026-06-09 06:03,2026-06-09 03:03,1.3799392053391859e-11,안전
11140130,남산동3가,2026-06-09 06:03,2026-06-09 03:03,1.3799392053391859e-11,안전
11140158,충무로3가,2026-06-09 06:03,2026-06-09 03:03,4.180979481354537e-12,안전
11140133,충무로5가,2026-06-09 06:03,2026-06-09 03:03,4.180979481354537e-12,안전
11140159,초동,2026-06-09 06:03,2026-06-09 03:03,4.180979481354537e-12,안전
11140136,묵정동,2026-06-09 06:03,2026-06-09 03:03,1.3799392053391859e-11,안전
11140154,오장동,2026-06-09 06:03,2026-06-09 03:03,-6.708170758569283e-11,안전
11140146,광희동2가,2026-06-09 06:03,2026-06-09 03:03,-6.567088403692711e-11,안전
11140145,광희동1가,2026-06-09 06:03,2026-06-09 03:03,-1.9671053521169084e-10,안전
11140147,쌍림동,2026-06-09 06:03,2026-06-09 03:03,2.989110129060933e-11,안전
11140123,회현동3가,2026-06-09 06:03,2026-06-09 03:03,1.3799392053391859e-11,안전
11140129,남산동2가,2026-06-09 06:03,2026-06-09 03:03,1.3799392053391859e-11,안전
11140111,소공동,2026-06-09 06:03,2026-06-09 03:03,4.180979481354537e-12,안전
11140113,북창동,2026-06-09 06:03,2026-06-09 03:03,4.180979481354537e-12,안전
11140155,을지로3가,2026-06-09 06:03,2026-06-09 03:03,-6.708170758569283e-11,안전
11140170,충정로1가,2026-06-09 06:03,2026-06-09 03:03,1.3799392053391859e-11,안전
11140148,을지로6가,2026-06-09 06:03,2026-06-09 03:03,-1.5045215787772187e-10,안전
11140127,명동2가,2026-06-09 06:03,2026-06-09 03:03,1.3799392053391859e-11,안전
11140104,을지로1가,2026-06-09 06:03,2026-06-09 03:03,3.913260302039676e-11,안전
11140110,수표동,2026-06-09 06:03,2026-06-09 03:03,-1.940068010777771e-10,안전
11140149,을지로7가,2026-06-09 06:03,2026-06-09 03:03,-1.5045215787772187e-10,안전
11140153,방산동,2026-06-09 06:03,2026-06-09 03:03,-1.5045215787772187e-10,안전
11140168,순화동,2026-06-09 06:03,2026-06-09 03:03,1.3799392053391859e-11,안전
11140118,남대문로5가,2026-06-09 06:03,2026-06-09 03:03,1.3799392053391859e-11,안전
11140117,남대문로4가,2026-06-09 06:03,2026-06-09 03:03,1.3799392053391859e-11,안전
11140119,봉래동1가,2026-06-09 06:03,2026-06-09 03:03,4.180979481354537e-12,안전
11140112,남창동,2026-06-09 06:03,2026-06-09 03:03,1.3799392053391859e-11,안전
11140164,무학동,2026-06-09 06:03,2026-06-09 03:03,-1.940068010777771e-10,안전
11140163,흥인동,2026-06-09 06:03,2026-06-09 03:03,-1.5045215787772187e-10,안전
11140174,만리동2가,2026-06-09 06:03,2026-06-09 03:03,-1.4438896057273536e-10,안전
11140167,정동,2026-06-09 06:03,2026-06-09 03:03,1.3799392053391859e-11,안전
11140142,예장동,2026-06-09 06:03,2026-06-09 03:03,6.176933728540211e-11,안전
11140171,중림동,2026-06-09 06:03,2026-06-09 03:03,1.3799392053391859e-11,안전
11140162,신당동,2026-06-09 06:03,2026-06-09 03:03,5.735403525344365e-11,안전
11140120,봉래동2가,2026-06-09 06:03,2026-06-09 03:03,2.989110129060933e-11,안전
11140121,회현동1가,2026-06-09 06:03,2026-06-09 03:03,-1.4438896057273536e-10,안전
11140173,만리동1가,2026-06-09 06:03,2026-06-09 03:03,1.3799392053391859e-11,안전
11140103,태평로1가,2026-06-09 06:03,2026-06-09 03:03,4.180979481354537e-12,안전
11140102,다동,2026-06-09 06:03,2026-06-09 03:03,5.097026327881298e-11,안전
11140101,무교동,2026-06-09 06:03,2026-06-09 03:03,3.913260302039676e-11,안전
11140152,주교동,2026-06-09 06:03,2026-06-09 03:03,-1.5045215787772187e-10,안전
11140157,산림동,2026-06-09 06:03,2026-06-09 03:03,-6.330872771971647e-11,안전
11140108,수하동,2026-06-09 06:03,2026-06-09 03:03,-6.708170758569283e-11,안전
11140124,충무로1가,2026-06-09 06:03,2026-06-09 03:03,4.180979481354537e-12,안전
11140125,충무로2가,2026-06-09 06:03,2026-06-09 03:03,1.3799392053391859e-11,안전
11140116,남대문로3가,2026-06-09 06:03,2026-06-09 03:03,4.180979481354537e-12,안전
11140115,남대문로2가,2026-06-09 06:03,2026-06-09 03:03,4.180979481354537e-12,안전
11140166,서소문동,2026-06-09 06:03,2026-06-09 03:03,1.3799392053391859e-11,안전
11140114,태평로2가,2026-06-09 06:03,2026-06-09 03:03,4.180979481354537e-12,안전
11140150,을지로4가,2026-06-09 06:03,2026-06-09 03:03,-6.708170758569283e-11,안전
11140139,필동3가,2026-06-09 06:03,2026-06-09 03:03,1.3799392053391859e-11,안전
11140138,필동2가,2026-06-09 06:03,2026-06-09 03:03,1.3799392053391859e-11,안전
11140141,주자동,2026-06-09 06:03,2026-06-09 03:03,1.3799392053391859e-11,안전
11140151,을지로5가,2026-06-09 06:03,2026-06-09 03:03,-1.9671053521169084e-10,안전
11170103,용산동4가,2026-06-09 06:03,2026-06-09 03:03,5.735403525344365e-11,안전
11170132,동빙고동,2026-06-09 06:03,2026-06-09 03:03,7.551860927859957e-11,안전
11170120,도원동,2026-06-09 06:03,2026-06-09 03:03,1.3799392053391859e-11,안전
11170135,용산동6가,2026-06-09 06:03,2026-06-09 03:03,-1.4086546821367995e-10,안전
11170126,용산동3가,2026-06-09 06:03,2026-06-09 03:03,6.919169551185979e-11,안전
11170121,용문동,2026-06-09 06:03,2026-06-09 03:03,-1.8804819753790027e-10,안전
11170116,청암동,2026-06-09 06:03,2026-06-09 03:03,-3.847947596741308e-11,안전
11170117,원효로3가,2026-06-09 06:03,2026-06-09 03:03,-1.767435095142095e-10,안전
11170119,효창동,2026-06-09 06:03,2026-06-09 03:03,5.735403525344365e-11,안전
11170107,동자동,2026-06-09 06:03,2026-06-09 03:03,1.3799392053391859e-11,안전
11170131,한남동,2026-06-09 06:03,2026-06-09 03:03,-8.366347946206703e-11,안전
11170118,원효로4가,2026-06-09 06:03,2026-06-09 03:03,-1.3002154406980308e-10,안전
11170129,이촌동,2026-06-09 06:03,2026-06-09 03:03,-3.565852727156238e-11,안전
11170101,후암동,2026-06-09 06:03,2026-06-09 03:03,2.0167346384068033e-11,안전
11170125,한강로2가,2026-06-09 06:03,2026-06-09 03:03,-6.317638796064217e-11,안전
11170104,갈월동,2026-06-09 06:03,2026-06-09 03:03,-3.942242295910269e-11,안전
11170102,용산동2가,2026-06-09 06:03,2026-06-09 03:03,1.5418054452848946e-11,안전
11170123,신계동,2026-06-09 06:03,2026-06-09 03:03,-1.4119769578292106e-10,안전
11170113,원효로2가,2026-06-09 06:03,2026-06-09 03:03,-1.4119769578292106e-10,안전
11170127,용산동5가,2026-06-09 06:03,2026-06-09 03:03,-1.6306985727227027e-10,안전
11170124,한강로1가,2026-06-09 06:03,2026-06-09 03:03,-1.2752404354098184e-10,안전
11170128,한강로3가,2026-06-09 06:03,2026-06-09 03:03,-3.602723674204736e-11,안전
11170122,문배동,2026-06-09 06:03,2026-06-09 03:03,-4.9502735718702925e-11,안전
11170112,원효로1가,2026-06-09 06:03,2026-06-09 03:03,-4.367647193790394e-11,안전
11170111,청파동3가,2026-06-09 06:03,2026-06-09 03:03,5.735403525344365e-11,안전
11170105,남영동,2026-06-09 06:03,2026-06-09 03:03,-1.6306985727227027e-10,안전
11170106,용산동1가,2026-06-09 06:03,2026-06-09 03:03,-1.7437454529596106e-10,안전
11170110,청파동2가,2026-06-09 06:03,2026-06-09 03:03,5.735403525344365e-11,안전
11170114,신창동,2026-06-09 06:03,2026-06-09 03:03,1.3799392053391859e-11,안전
11170115,산천동,2026-06-09 06:03,2026-06-09 03:03,1.3799392053391859e-11,안전
11170109,청파동1가,2026-06-09 06:03,2026-06-09 03:03,5.735403525344365e-11,안전
11170130,이태원동,2026-06-09 06:03,2026-06-09 03:03,2.0167346384068033e-11,안전
11170136,보광동,2026-06-09 06:03,2026-06-09 03:03,7.45248731640602e-11,안전
11170108,서계동,2026-06-09 06:03,2026-06-09 03:03,1.3799392053391859e-11,안전
11170134,주성동,2026-06-09 06:03,2026-06-09 03:03,-1.6982140677989275e-10,안전
11170133,서빙고동,2026-06-09 06:03,2026-06-09 03:03,-6.284416039140113e-11,안전
11200115,성수동2가,2026-06-09 06:03,2026-06-09 03:03,-3.565852727156238e-11,안전
11200104,도선동,2026-06-09 06:03,2026-06-09 03:03,-4.319540282507907e-11,안전
11200107,행당동,2026-06-09 06:03,2026-06-09 03:03,5.735403525344365e-11,안전
11200101,상왕십리동,2026-06-09 06:03,2026-06-09 03:03,-1.5045215787772187e-10,안전
11200103,홍익동,2026-06-09 06:03,2026-06-09 03:03,-3.942242295910269e-11,안전
11200106,사근동,2026-06-09 06:03,2026-06-09 03:03,8.599382395199146e-11,안전
11200110,금호동2가,2026-06-09 06:03,2026-06-09 03:03,-2.3387296815983943e-11,안전
11200111,금호동3가,2026-06-09 06:03,2026-06-09 03:03,-1.4438896057273536e-10,안전
11200114,성수동1가,2026-06-09 06:03,2026-06-09 03:03,-3.233189780808632e-11,안전
11200109,금호동1가,2026-06-09 06:03,2026-06-09 03:03,-1.6685582121058286e-10,안전
11200112,금호동4가,2026-06-09 06:03,2026-06-09 03:03,8.636253342247644e-11,안전
11200122,용답동,2026-06-09 06:03,2026-06-09 03:03,-1.6606879096471095e-11,안전
11200105,마장동,2026-06-09 06:03,2026-06-09 03:03,-2.0066589693244868e-10,안전
11200102,하왕십리동,2026-06-09 06:03,2026-06-09 03:03,5.735403525344365e-11,안전
11200108,응봉동,2026-06-09 06:03,2026-06-09 03:03,9.357652133915151e-11,안전
11200118,송정동,2026-06-09 06:03,2026-06-09 03:03,-3.602723674204736e-11,안전
11200113,옥수동,2026-06-09 06:03,2026-06-09 03:03,7.45248731640602e-11,안전
11215105,자양동,2026-06-09 06:03,2026-06-09 03:03,-1.3002154406980308e-10,안전
11215103,구의동,2026-06-09 06:03,2026-06-09 03:03,9.016683927373102e-11,안전
11215107,화양동,2026-06-09 06:03,2026-06-09 03:03,-1.827381957117082e-10,안전
11215102,능동,2026-06-09 06:03,2026-06-09 03:03,-4.319540282507907e-11,안전
11215104,광장동,2026-06-09 06:03,2026-06-09 03:03,9.016683927373102e-11,안전
11215109,군자동,2026-06-09 06:03,2026-06-09 03:03,-1.6306985727227027e-10,안전
11215101,중곡동,2026-06-09 06:03,2026-06-09 03:03,4.8230858473136404e-11,안전
11230106,장안동,2026-06-09 06:03,2026-06-09 03:03,-6.317638796064217e-11,안전
11230101,신설동,2026-06-09 06:03,2026-06-09 03:03,3.994497557190522e-06,안전
11230102,용두동,2026-06-09 06:03,2026-06-09 03:03,-1.6306985727227027e-10,안전
11230107,청량리동,2026-06-09 06:03,2026-06-09 03:03,5.735403525344365e-11,안전
11230109,휘경동,2026-06-09 06:03,2026-06-09 03:03,-4.367647193790394e-11,안전
11230110,이문동,2026-06-09 06:03,2026-06-09 03:03,-6.112310404581955e-11,안전
11230103,제기동,2026-06-09 06:03,2026-06-09 03:03,-1.4904133432895612e-10,안전
11230105,답십리동,2026-06-09 06:03,2026-06-09 03:03,-1.7437454529596106e-10,안전
11230104,전농동,2026-06-09 06:03,2026-06-09 03:03,5.735403525344365e-11,안전
11230108,회기동,2026-06-09 06:03,2026-06-09 03:03,1.3799392053391859e-11,안전
11260103,중화동,2026-06-09 06:03,2026-06-09 03:03,1.7867171923003888e-10,안전
11260102,상봉동,2026-06-09 06:03,2026-06-09 03:03,5.735403525344365e-11,안전
11260104,묵동,2026-06-09 06:03,2026-06-09 03:03,2.19772736813143e-10,안전
11260101,면목동,2026-06-09 06:03,2026-06-09 03:03,-1.1650615588143795e-10,안전
11260105,망우동,2026-06-09 06:03,2026-06-09 03:03,-1.0083431737268367e-10,안전
11260106,신내동,2026-06-09 06:03,2026-06-09 03:03,5.735403525344365e-11,안전
11290102,성북동1가,2026-06-09 06:03,2026-06-09 03:03,1.3799392053391859e-11,안전
11290111,삼선동1가,2026-06-09 06:03,2026-06-09 03:03,-1.4438896057273536e-10,안전
11290101,성북동,2026-06-09 06:03,2026-06-09 03:03,1.653454710734332e-11,안전
11290109,동소문동6가,2026-06-09 06:03,2026-06-09 03:03,1.3799392053391859e-11,안전
11290139,석관동,2026-06-09 06:03,2026-06-09 03:03,2.994568791444377e-10,안전
11290126,보문동4가,2026-06-09 06:03,2026-06-09 03:03,-1.5045215787772187e-10,안전
11290127,보문동5가,2026-06-09 06:03,2026-06-09 03:03,-6.708170758569283e-11,안전
11290106,동소문동3가,2026-06-09 06:03,2026-06-09 03:03,4.180979481354537e-12,안전
11290108,동소문동5가,2026-06-09 06:03,2026-06-09 03:03,4.180979481354537e-12,안전
11290107,동소문동4가,2026-06-09 06:03,2026-06-09 03:03,1.7469937822627085e-11,안전
11290110,동소문동7가,2026-06-09 06:03,2026-06-09 03:03,1.3799392053391859e-11,안전
11290130,보문동1가,2026-06-09 06:03,2026-06-09 03:03,-6.708170758569283e-11,안전
11290115,삼선동5가,2026-06-09 06:03,2026-06-09 03:03,1.3799392053391859e-11,안전
11290134,길음동,2026-06-09 06:03,2026-06-09 03:03,1.2190379810283365e-07,안전
11290114,삼선동4가,2026-06-09 06:03,2026-06-09 03:03,4.180979481354537e-12,안전
11290103,돈암동,2026-06-09 06:03,2026-06-09 03:03,2.883812759551265e-08,안전
11290129,보문동7가,2026-06-09 06:03,2026-06-09 03:03,-1.5045215787772187e-10,안전
11290105,동소문동2가,2026-06-09 06:03,2026-06-09 03:03,1.3799392053391859e-11,안전
11290122,안암동2가,2026-06-09 06:03,2026-06-09 03:03,1.3799392053391859e-11,안전
11290121,안암동1가,2026-06-09 06:03,2026-06-09 03:03,1.3799392053391859e-11,안전
11290125,안암동5가,2026-06-09 06:03,2026-06-09 03:03,-1.6685582121058286e-10,안전
11290112,삼선동2가,2026-06-09 06:03,2026-06-09 03:03,-1.6685582121058286e-10,안전
11290135,종암동,2026-06-09 06:03,2026-06-09 03:03,5.735403525344365e-11,안전
11290131,보문동2가,2026-06-09 06:03,2026-06-09 03:03,1.3799392053391859e-11,안전
11290128,보문동6가,2026-06-09 06:03,2026-06-09 03:03,1.3799392053391859e-11,안전
11290124,안암동4가,2026-06-09 06:03,2026-06-09 03:03,-4.319540282507907e-11,안전
11290123,안암동3가,2026-06-09 06:03,2026-06-09 03:03,1.0224438946325354e-07,안전
11290136,하월곡동,2026-06-09 06:03,2026-06-09 03:03,1.0164764236736644e-08,안전
11290113,삼선동3가,2026-06-09 06:03,2026-06-09 03:03,1.3799392053391859e-11,안전
11290132,보문동3가,2026-06-09 06:03,2026-06-09 03:03,-1.6685582121058286e-10,안전
11290120,동선동5가,2026-06-09 06:03,2026-06-09 03:03,1.3799392053391859e-11,안전
11290118,동선동3가,2026-06-09 06:03,2026-06-09 03:03,1.3799392053391859e-11,안전
11290119,동선동4가,2026-06-09 06:03,2026-06-09 03:03,1.3799392053391859e-11,안전
11290116,동선동1가,2026-06-09 06:03,2026-06-09 03:03,4.180979481354537e-12,안전
11290104,동소문동1가,2026-06-09 06:03,2026-06-09 03:03,-1.6685582121058286e-10,안전
11290117,동선동2가,2026-06-09 06:03,2026-06-09 03:03,1.3799392053391859e-11,안전
11290138,장위동,2026-06-09 06:03,2026-06-09 03:03,6.734932898735656e-08,안전
11290133,정릉동,2026-06-09 06:03,2026-06-09 03:03,0.0045874092539744836,안전
11290137,상월곡동,2026-06-09 06:03,2026-06-09 03:03,1.2627230605900673e-07,안전
11305101,미아동,2026-06-09 06:03,2026-06-09 03:03,0.004587405852461722,안전
11305104,우이동,2026-06-09 06:03,2026-06-09 03:03,0.004587409796954533,안전
11305102,번동,2026-06-09 06:03,2026-06-09 03:03,3.560455304229832e-06,안전
11305103,수유동,2026-06-09 06:03,2026-06-09 03:03,0.004587409510420193,안전
11320105,쌍문동,2026-06-09 06:03,2026-06-09 03:03,3.449415428991287e-06,안전
11320107,창동,2026-06-09 06:03,2026-06-09 03:03,3.7560174391456384e-06,안전
11320106,방학동,2026-06-09 06:03,2026-06-09 03:03,3.3640480974557937e-06,안전
11320108,도봉동,2026-06-09 06:03,2026-06-09 03:03,3.7509859869709127e-06,안전
11350103,공릉동,2026-06-09 06:03,2026-06-09 03:03,5.735403525344365e-11,안전
11350104,하계동,2026-06-09 06:03,2026-06-09 03:03,5.735403525344365e-11,안전
11350106,중계동,2026-06-09 06:03,2026-06-09 03:03,8.367477711503284e-10,안전
11350105,상계동,2026-06-09 06:03,2026-06-09 03:03,2.012465536730563e-06,안전
11350102,월계동,2026-06-09 06:03,2026-06-09 03:03,2.304828456762539e-06,안전
11380106,대조동,2026-06-09 06:03,2026-06-09 03:03,2.0167635651984078e-08,안전
11380114,진관동,2026-06-09 06:03,2026-06-09 03:03,9.90684913930931e-05,안전
11380104,갈현동,2026-06-09 06:03,2026-06-09 03:03,1.492623211243071e-08,안전
11380105,구산동,2026-06-09 06:03,2026-06-09 03:03,2.2753084409935692e-08,안전
11380103,불광동,2026-06-09 06:03,2026-06-09 03:03,7.844056693516034e-08,안전
11380110,증산동,2026-06-09 06:03,2026-06-09 03:03,9.366348605644961e-09,안전
11380109,신사동,2026-06-09 06:03,2026-06-09 03:03,1.5124770854707732e-08,안전
11380102,녹번동,2026-06-09 06:03,2026-06-09 03:03,9.250117028030799e-07,안전
11380107,응암동,2026-06-09 06:03,2026-06-09 03:03,1.2003138167670276e-06,안전
11380108,역촌동,2026-06-09 06:03,2026-06-09 03:03,5.5334625795942105e-08,안전
11380101,수색동,2026-06-09 06:03,2026-06-09 03:03,2.865570260737185e-07,안전
11410109,현저동,2026-06-09 06:03,2026-06-09 03:03,6.176933728540211e-11,안전
11410103,합동,2026-06-09 06:03,2026-06-09 03:03,1.3799392053391859e-11,안전
11410117,연희동,2026-06-09 06:03,2026-06-09 03:03,6.102458102267886e-11,안전
11410104,미근동,2026-06-09 06:03,2026-06-09 03:03,4.180979481354537e-12,안전
11410114,신촌동,2026-06-09 06:03,2026-06-09 03:03,-1.4438896057273536e-10,안전
11410110,북아현동,2026-06-09 06:03,2026-06-09 03:03,-2.3387296815983943e-11,안전
11410115,봉원동,2026-06-09 06:03,2026-06-09 03:03,1.6248705954363106e-11,안전
11410112,대현동,2026-06-09 06:03,2026-06-09 03:03,-1.6685582121058286e-10,안전
11410101,충정로2가,2026-06-09 06:03,2026-06-09 03:03,1.7469937822627085e-11,안전
11410105,냉천동,2026-06-09 06:03,2026-06-09 03:03,1.3799392053391859e-11,안전
11410107,옥천동,2026-06-09 06:03,2026-06-09 03:03,-2.4046001881269256e-10,안전
11410116,창천동,2026-06-09 06:03,2026-06-09 03:03,5.735403525344365e-11,안전
11410106,천연동,2026-06-09 06:03,2026-06-09 03:03,-2.3387296815983943e-11,안전
11410111,홍제동,2026-06-09 06:03,2026-06-09 03:03,-2.856948089907513e-10,안전
11410113,대신동,2026-06-09 06:03,2026-06-09 03:03,1.7469937822627085e-11,안전
11410102,충정로3가,2026-06-09 06:03,2026-06-09 03:03,-1.4438896057273536e-10,안전
11410108,영천동,2026-06-09 06:03,2026-06-09 03:03,-2.4046001881269256e-10,안전
11410118,홍은동,2026-06-09 06:03,2026-06-09 03:03,4.813175291117627e-06,안전
11410120,남가좌동,2026-06-09 06:03,2026-06-09 03:03,5.735403525344365e-11,안전
11410119,북가좌동,2026-06-09 06:03,2026-06-09 03:03,6.200860360928817e-06,안전
11440120,서교동,2026-06-09 06:03,2026-06-09 03:03,-1.0149814870802052e-10,안전
11440122,합정동,2026-06-09 06:03,2026-06-09 03:03,-3.565852727156238e-11,안전
11440103,신공덕동,2026-06-09 06:03,2026-06-09 03:03,6.919169551185979e-11,안전
11440108,대흥동,2026-06-09 06:03,2026-06-09 03:03,4.368038301150438e-11,안전
11440124,연남동,2026-06-09 06:03,2026-06-09 03:03,-6.882579655896537e-11,안전
11440112,현석동,2026-06-09 06:03,2026-06-09 03:03,-3.233189780808632e-11,안전
11440106,토정동,2026-06-09 06:03,2026-06-09 03:03,-3.565852727156238e-11,안전
11440126,중동,2026-06-09 06:03,2026-06-09 03:03,-1.9641184795364741e-10,안전
11440123,망원동,2026-06-09 06:03,2026-06-09 03:03,-4.4934158567560196e-11,안전
11440117,신정동,2026-06-09 06:03,2026-06-09 03:03,-3.565852727156238e-11,안전
11440102,공덕동,2026-06-09 06:03,2026-06-09 03:03,4.368038301150438e-11,안전
11440118,당인동,2026-06-09 06:03,2026-06-09 03:03,-3.555515835730732e-11,안전
11440115,상수동,2026-06-09 06:03,2026-06-09 03:03,-1.9724753249769112e-10,안전
11440113,구수동,2026-06-09 06:03,2026-06-09 03:03,-4.9502735718702925e-11,안전
11440121,동교동,2026-06-09 06:03,2026-06-09 03:03,-1.4119769578292106e-10,안전
11440127,상암동,2026-06-09 06:03,2026-06-09 03:03,-1.5720370738534435e-10,안전
11440125,성산동,2026-06-09 06:03,2026-06-09 03:03,-1.483486504629998e-10,안전
11440114,창전동,2026-06-09 06:03,2026-06-09 03:03,5.735403525344365e-11,안전
11440101,아현동,2026-06-09 06:03,2026-06-09 03:03,5.170462665512045e-11,안전
11440109,염리동,2026-06-09 06:03,2026-06-09 03:03,6.889834931375593e-11,안전
11440105,용강동,2026-06-09 06:03,2026-06-09 03:03,-3.565852727156238e-11,안전
11440116,하중동,2026-06-09 06:03,2026-06-09 03:03,-3.565852727156238e-11,안전
11440110,노고산동,2026-06-09 06:03,2026-06-09 03:03,2.100205028096969e-10,안전
11440111,신수동,2026-06-09 06:03,2026-06-09 03:03,-1.8804819753790027e-10,안전
11440104,도화동,2026-06-09 06:03,2026-06-09 03:03,-1.5757241685582934e-10,안전
11440107,마포동,2026-06-09 06:03,2026-06-09 03:03,-5.2000236247524255e-11,안전
11470101,신정동,2026-06-09 06:03,2026-06-09 03:03,4.429981629167971e-06,안전
11470103,신월동,2026-06-09 06:03,2026-06-09 03:03,9.016683927373102e-11,안전
11470102,목동,2026-06-09 06:03,2026-06-09 03:03,-1.1522394487351307e-10,안전
11500102,등촌동,2026-06-09 06:03,2026-06-09 03:03,6.48067544933425e-06,안전
11500104,가양동,2026-06-09 06:03,2026-06-09 03:03,0.00010749314580482082,안전
11500108,공항동,2026-06-09 06:03,2026-06-09 03:03,6.579479354736898e-06,안전
11500109,방화동,2026-06-09 06:03,2026-06-09 03:03,6.569016835332204e-06,안전
11500111,과해동,2026-06-09 06:03,2026-06-09 03:03,-3.602723674204736e-11,안전
11500113,오쇠동,2026-06-09 06:03,2026-06-09 03:03,-3.602723674204736e-11,안전
11500112,오곡동,2026-06-09 06:03,2026-06-09 03:03,-1.6606879096471095e-11,안전
11500110,개화동,2026-06-09 06:03,2026-06-09 03:03,6.485085559572525e-06,안전
11500107,외발산동,2026-06-09 06:03,2026-06-09 03:03,-1.346443025190893e-10,안전
11500106,내발산동,2026-06-09 06:03,2026-06-09 03:03,6.581703059576034e-06,안전
11500101,염창동,2026-06-09 06:03,2026-06-09 03:03,7.298868957911795e-06,안전
11500103,화곡동,2026-06-09 06:03,2026-06-09 03:03,5.50611196485862e-06,안전
11500105,마곡동,2026-06-09 06:03,2026-06-09 03:03,0.00010725867486394464,안전
11530111,천왕동,2026-06-09 06:03,2026-06-09 03:03,4.368038301150438e-11,안전
11530107,개봉동,2026-06-09 06:03,2026-06-09 03:03,7.816167134832703e-11,안전
11530106,고척동,2026-06-09 06:03,2026-06-09 03:03,-1.765057710494271e-11,안전
11530110,온수동,2026-06-09 06:03,2026-06-09 03:03,1.3799392053391859e-11,안전
11530108,오류동,2026-06-09 06:03,2026-06-09 03:03,5.735403525344365e-11,안전
11530102,구로동,2026-06-09 06:03,2026-06-09 03:03,-1.1869426084229291e-11,안전
11530109,궁동,2026-06-09 06:03,2026-06-09 03:03,5.735403525344365e-11,안전
11530112,항동,2026-06-09 06:03,2026-06-09 03:03,5.735403525344365e-11,안전
11530101,신도림동,2026-06-09 06:03,2026-06-09 03:03,-1.6606879096471095e-11,안전
11530103,가리봉동,2026-06-09 06:03,2026-06-09 03:03,-1.515255432119579e-10,안전
11545102,독산동,2026-06-09 06:03,2026-06-09 03:03,-3.064732336374867e-11,안전
11545101,가산동,2026-06-09 06:03,2026-06-09 03:03,2.1753985016191855e-10,안전
11545103,시흥동,2026-06-09 06:03,2026-06-09 03:03,-9.403929524359043e-11,안전
11560122,문래동4가,2026-06-09 06:03,2026-06-09 03:03,-3.602723674204736e-11,안전
11560102,영등포동1가,2026-06-09 06:03,2026-06-09 03:03,-6.650301742411823e-11,안전
11560104,영등포동3가,2026-06-09 06:03,2026-06-09 03:03,-4.128505112186667e-11,안전
11560124,문래동6가,2026-06-09 06:03,2026-06-09 03:03,-1.6606879096471095e-11,안전
11560107,영등포동6가,2026-06-09 06:03,2026-06-09 03:03,-4.128505112186667e-11,안전
11560103,영등포동2가,2026-06-09 06:03,2026-06-09 03:03,-3.602723674204736e-11,안전
11560114,당산동4가,2026-06-09 06:03,2026-06-09 03:03,-2.680347034921778e-11,안전
11560125,양평동1가,2026-06-09 06:03,2026-06-09 03:03,-3.602723674204736e-11,안전
11560126,양평동2가,2026-06-09 06:03,2026-06-09 03:03,-3.602723674204736e-11,안전
11560108,영등포동7가,2026-06-09 06:03,2026-06-09 03:03,-4.128505112186667e-11,안전
11560110,여의도동,2026-06-09 06:03,2026-06-09 03:03,-3.565852727156238e-11,안전
11560131,양화동,2026-06-09 06:03,2026-06-09 03:03,-5.5326865711000314e-11,안전
11560117,당산동,2026-06-09 06:03,2026-06-09 03:03,-3.565852727156238e-11,안전
11560134,양평동,2026-06-09 06:03,2026-06-09 03:03,-4.6502451415439256e-11,안전
11560123,문래동5가,2026-06-09 06:03,2026-06-09 03:03,-1.6606879096471095e-11,안전
11560121,문래동3가,2026-06-09 06:03,2026-06-09 03:03,-4.128505112186667e-11,안전
11560129,양평동5가,2026-06-09 06:03,2026-06-09 03:03,-3.602723674204736e-11,안전
11560130,양평동6가,2026-06-09 06:03,2026-06-09 03:03,-3.602723674204736e-11,안전
11560101,영등포동,2026-06-09 06:03,2026-06-09 03:03,-1.4119769578292106e-10,안전
11560113,당산동3가,2026-06-09 06:03,2026-06-09 03:03,-3.602723674204736e-11,안전
11560111,당산동1가,2026-06-09 06:03,2026-06-09 03:03,-4.128505112186667e-11,안전
11560118,도림동,2026-06-09 06:03,2026-06-09 03:03,-1.0008732515925477e-10,안전
11560120,문래동2가,2026-06-09 06:03,2026-06-09 03:03,-3.602723674204736e-11,안전
11560119,문래동1가,2026-06-09 06:03,2026-06-09 03:03,-4.128505112186667e-11,안전
11560112,당산동2가,2026-06-09 06:03,2026-06-09 03:03,-2.680347034921778e-11,안전
11560115,당산동5가,2026-06-09 06:03,2026-06-09 03:03,-6.650301742411823e-11,안전
11560116,당산동6가,2026-06-09 06:03,2026-06-09 03:03,-4.9502735718702925e-11,안전
11560106,영등포동5가,2026-06-09 06:03,2026-06-09 03:03,-2.680347034921778e-11,안전
11560105,영등포동4가,2026-06-09 06:03,2026-06-09 03:03,-4.128505112186667e-11,안전
11560109,영등포동8가,2026-06-09 06:03,2026-06-09 03:03,-4.128505112186667e-11,안전
11560127,양평동3가,2026-06-09 06:03,2026-06-09 03:03,-1.6606879096471095e-11,안전
11560133,대림동,2026-06-09 06:03,2026-06-09 03:03,-3.2700607278571304e-11,안전
11560128,양평동4가,2026-06-09 06:03,2026-06-09 03:03,-2.680347034921778e-11,안전
11560132,신길동,2026-06-09 06:03,2026-06-09 03:03,4.117226435797186e-06,안전
11590102,상도동,2026-06-09 06:03,2026-06-09 03:03,4.242601136806232e-06,안전
11590101,노량진동,2026-06-09 06:03,2026-06-09 03:03,-1.3815205921025307e-10,안전
11590103,상도1동,2026-06-09 06:03,2026-06-09 03:03,4.271523690628169e-06,안전
11590108,대방동,2026-06-09 06:03,2026-06-09 03:03,8.599382395199146e-11,안전
11590109,신대방동,2026-06-09 06:03,2026-06-09 03:03,-4.744945180388032e-11,안전
11590105,흑석동,2026-06-09 06:03,2026-06-09 03:03,6.368094902018333e-11,안전
11590107,사당동,2026-06-09 06:03,2026-06-09 03:03,5.735403525344365e-11,안전
11590106,동작동,2026-06-09 06:03,2026-06-09 03:03,1.0958719691930729e-10,안전
11590104,본동,2026-06-09 06:03,2026-06-09 03:03,-3.027861389326369e-11,안전
11620101,봉천동,2026-06-09 06:03,2026-06-09 03:03,7.962622729034887e-10,안전
11620102,신림동,2026-06-09 06:03,2026-06-09 03:03,-1.9193091594762413e-09,안전
11620103,남현동,2026-06-09 06:03,2026-06-09 03:03,-1.5538604246816103e-09,안전
11650109,내곡동,2026-06-09 06:03,2026-06-09 03:03,1.653454710734332e-11,안전
11650104,원지동,2026-06-09 06:03,2026-06-09 03:03,-1.5974150678816637e-09,안전
11650102,양재동,2026-06-09 06:03,2026-06-09 03:03,5.735403525344365e-11,안전
11650111,신원동,2026-06-09 06:03,2026-06-09 03:03,-1.9690537561264061e-10,안전
11650101,방배동,2026-06-09 06:03,2026-06-09 03:03,1.0306115143579591e-10,안전
11650103,우면동,2026-06-09 06:03,2026-06-09 03:03,-2.421401657906993e-10,안전
11650110,염곡동,2026-06-09 06:03,2026-06-09 03:03,-2.5067443793990728e-11,안전
11650108,서초동,2026-06-09 06:03,2026-06-09 03:03,4.368038301150438e-11,안전
11650107,반포동,2026-06-09 06:03,2026-06-09 03:03,-2.336865316323968e-10,안전
11650106,잠원동,2026-06-09 06:03,2026-06-09 03:03,-5.5326865711000314e-11,안전
11680106,대치동,2026-06-09 06:03,2026-06-09 03:03,-1.6540456945949372e-10,안전
11680103,개포동,2026-06-09 06:03,2026-06-09 03:03,4.8845974458326534e-06,안전
11680111,세곡동,2026-06-09 06:03,2026-06-09 03:03,5.735403525344365e-11,안전
11680107,신사동,2026-06-09 06:03,2026-06-09 03:03,-1.655673578010915e-10,안전
11680110,압구정동,2026-06-09 06:03,2026-06-09 03:03,-5.5326865711000314e-11,안전
11680113,율현동,2026-06-09 06:03,2026-06-09 03:03,-4.744945180388032e-11,안전
11680114,일원동,2026-06-09 06:03,2026-06-09 03:03,9.016683927373102e-11,안전
11680112,자곡동,2026-06-09 06:03,2026-06-09 03:03,-1.233011780105312e-10,안전
11680115,수서동,2026-06-09 06:03,2026-06-09 03:03,9.93906056665606e-11,안전
11680105,삼성동,2026-06-09 06:03,2026-06-09 03:03,1.0659748311556206e-11,안전
11680108,논현동,2026-06-09 06:03,2026-06-09 03:03,5.735403525344365e-11,안전
11680101,역삼동,2026-06-09 06:03,2026-06-09 03:03,5.735403525344365e-11,안전
11680104,청담동,2026-06-09 06:03,2026-06-09 03:03,-2.6505634027287316e-11,안전
11680118,도곡동,2026-06-09 06:03,2026-06-09 03:03,5.735403525344365e-11,안전
11710113,거여동,2026-06-09 06:03,2026-06-09 03:03,1.3799392053391859e-11,안전
11710109,장지동,2026-06-09 06:03,2026-06-09 03:03,-6.112310404581955e-11,안전
11710108,문정동,2026-06-09 06:03,2026-06-09 03:03,-5.735012417984319e-11,안전
11710111,방이동,2026-06-09 06:03,2026-06-09 03:03,-1.8804819753790027e-10,안전
11710112,오금동,2026-06-09 06:03,2026-06-09 03:03,5.735403525344365e-11,안전
11710107,가락동,2026-06-09 06:03,2026-06-09 03:03,-2.142355697091908e-11,안전
11710106,삼전동,2026-06-09 06:03,2026-06-09 03:03,-1.107219151008501e-10,안전
11710105,석촌동,2026-06-09 06:03,2026-06-09 03:03,-1.2752404354098184e-10,안전
11710103,풍납동,2026-06-09 06:03,2026-06-09 03:03,-1.107219151008501e-10,안전
11710104,송파동,2026-06-09 06:03,2026-06-09 03:03,-1.83794148559099e-10,안전
11710101,잠실동,2026-06-09 06:03,2026-06-09 03:03,-3.233189780808632e-11,안전
11710114,마천동,2026-06-09 06:03,2026-06-09 03:03,1.3799392053391859e-11,안전
11710102,신천동,2026-06-09 06:03,2026-06-09 03:03,-3.565852727156238e-11,안전
11740102,고덕동,2026-06-09 06:03,2026-06-09 03:03,6.632401108991082e-11,안전
11740106,둔촌동,2026-06-09 06:03,2026-06-09 03:03,5.735403525344365e-11,안전
11740109,천호동,2026-06-09 06:03,2026-06-09 03:03,-1.5757241685582934e-10,안전
11740103,상일동,2026-06-09 06:03,2026-06-09 03:03,5.735403525344365e-11,안전
11740108,성내동,2026-06-09 06:03,2026-06-09 03:03,-1.6306985727227027e-10,안전
11740105,길동,2026-06-09 06:03,2026-06-09 03:03,6.919169551185979e-11,안전
11740110,강일동,2026-06-09 06:03,2026-06-09 03:03,-1.5331836787702808e-10,안전
11740101,명일동,2026-06-09 06:03,2026-06-09 03:03,5.735403525344365e-11,안전
11740107,암사동,2026-06-09 06:03,2026-06-09 03:03,-1.3815205921025307e-10,안전
